Copyright 1986-2022 Xilinx, Inc. All Rights Reserved. Copyright 2022-2025 Advanced Micro Devices, Inc. All Rights Reserved.
--------------------------------------------------------------------------------------------------------------------------------------------------
| Tool Version      : Vivado v.2025.1 (win64) Build 6140274 Thu May 22 00:12:29 MDT 2025
| Date              : Fri Jul  3 11:01:45 2026
| Host              : Krishna_NITjsr running 64-bit major release  (build 9200)
| Command           : report_timing_summary -max_paths 10 -file {D:/Verilog Projects/simtix/fpga/reports_fp_chip/post_synth_timing.rpt}
| Design            : chip_top
| Device            : xczu7ev-ffvc1156
| Speed File        : -2  PRODUCTION 1.30 05-15-2022
| Design State      : Synthesized
| Temperature Grade : E
--------------------------------------------------------------------------------------------------------------------------------------------------

Timing Summary Report

------------------------------------------------------------------------------------------------
| Timer Settings
| --------------
------------------------------------------------------------------------------------------------

  Enable Multi Corner Analysis               :  Yes
  Enable Pessimism Removal                   :  Yes
  Pessimism Removal Resolution               :  Nearest Common Node
  Enable Input Delay Default Clock           :  No
  Enable Preset / Clear Arcs                 :  No
  Disable Flight Delays                      :  No
  Ignore I/O Paths                           :  No
  Timing Early Launch at Borrowing Latches   :  No
  Borrow Time for Max Delay Exceptions       :  Yes
  Merge Timing Exceptions                    :  Yes
  Inter-SLR Compensation                     :  Conservative

  Corner  Analyze    Analyze    
  Name    Max Paths  Min Paths  
  ------  ---------  ---------  
  Slow    Yes        Yes        
  Fast    Yes        Yes        


------------------------------------------------------------------------------------------------
| Report Methodology
| ------------------
------------------------------------------------------------------------------------------------

No report available as report_methodology has not been run prior. Run report_methodology on the current design for the summary of methodology violations.



check_timing report

Table of Contents
-----------------
1. checking no_clock (0)
2. checking constant_clock (0)
3. checking pulse_width_clock (0)
4. checking unconstrained_internal_endpoints (0)
5. checking no_input_delay (1)
6. checking no_output_delay (33)
7. checking multiple_clock (0)
8. checking generated_clocks (0)
9. checking loops (0)
10. checking partial_input_delay (0)
11. checking partial_output_delay (0)
12. checking latch_loops (0)

1. checking no_clock (0)
------------------------
 There are 0 register/latch pins with no clock.


2. checking constant_clock (0)
------------------------------
 There are 0 register/latch pins with constant_clock.


3. checking pulse_width_clock (0)
---------------------------------
 There are 0 register/latch pins which need pulse_width check


4. checking unconstrained_internal_endpoints (0)
------------------------------------------------
 There are 0 pins that are not constrained for maximum delay.

 There are 0 pins that are not constrained for maximum delay due to constant clock.


5. checking no_input_delay (1)
------------------------------
 There are 0 input ports with no input delay specified.

 There is 1 input port with no input delay but user has a false path constraint. (MEDIUM)


6. checking no_output_delay (33)
--------------------------------
 There are 33 ports with no output delay specified. (HIGH)

 There are 0 ports with no output delay but user has a false path constraint

 There are 0 ports with no output delay but with a timing clock defined on it or propagating through it


7. checking multiple_clock (0)
------------------------------
 There are 0 register/latch pins with multiple clocks.


8. checking generated_clocks (0)
--------------------------------
 There are 0 generated clocks that are not connected to a clock source.


9. checking loops (0)
---------------------
 There are 0 combinational loops in the design.


10. checking partial_input_delay (0)
------------------------------------
 There are 0 input ports with partial input delay specified.


11. checking partial_output_delay (0)
-------------------------------------
 There are 0 ports with partial output delay specified.


12. checking latch_loops (0)
----------------------------
 There are 0 combinational latch loops in the design through latch input



------------------------------------------------------------------------------------------------
| Design Timing Summary
| ---------------------
------------------------------------------------------------------------------------------------

    WNS(ns)      TNS(ns)  TNS Failing Endpoints  TNS Total Endpoints      WHS(ns)      THS(ns)  THS Failing Endpoints  THS Total Endpoints     WPWS(ns)     TPWS(ns)  TPWS Failing Endpoints  TPWS Total Endpoints  
    -------      -------  ---------------------  -------------------      -------      -------  ---------------------  -------------------     --------     --------  ----------------------  --------------------  
      1.549        0.000                      0                81135       -0.082     -550.608                  16857                81135        4.468        0.000                       0                 26231  


Timing constraints are not met.


------------------------------------------------------------------------------------------------
| Clock Summary
| -------------
------------------------------------------------------------------------------------------------

Clock  Waveform(ns)       Period(ns)      Frequency(MHz)
-----  ------------       ----------      --------------
clk    {0.000 5.000}      10.000          100.000         


------------------------------------------------------------------------------------------------
| Intra Clock Table
| -----------------
------------------------------------------------------------------------------------------------

Clock             WNS(ns)      TNS(ns)  TNS Failing Endpoints  TNS Total Endpoints      WHS(ns)      THS(ns)  THS Failing Endpoints  THS Total Endpoints     WPWS(ns)     TPWS(ns)  TPWS Failing Endpoints  TPWS Total Endpoints  
-----             -------      -------  ---------------------  -------------------      -------      -------  ---------------------  -------------------     --------     --------  ----------------------  --------------------  
clk                 1.549        0.000                      0                81135       -0.082     -550.608                  16857                81135        4.468        0.000                       0                 26231  


------------------------------------------------------------------------------------------------
| Inter Clock Table
| -----------------
------------------------------------------------------------------------------------------------

From Clock    To Clock          WNS(ns)      TNS(ns)  TNS Failing Endpoints  TNS Total Endpoints      WHS(ns)      THS(ns)  THS Failing Endpoints  THS Total Endpoints  
----------    --------          -------      -------  ---------------------  -------------------      -------      -------  ---------------------  -------------------  


------------------------------------------------------------------------------------------------
| Other Path Groups Table
| -----------------------
------------------------------------------------------------------------------------------------

Path Group    From Clock    To Clock          WNS(ns)      TNS(ns)  TNS Failing Endpoints  TNS Total Endpoints      WHS(ns)      THS(ns)  THS Failing Endpoints  THS Total Endpoints  
----------    ----------    --------          -------      -------  ---------------------  -------------------      -------      -------  ---------------------  -------------------  


------------------------------------------------------------------------------------------------
| Timing Details
| --------------
------------------------------------------------------------------------------------------------


---------------------------------------------------------------------------------------------------
From Clock:  clk
  To Clock:  clk

Setup :            0  Failing Endpoints,  Worst Slack        1.549ns,  Total Violation        0.000ns
Hold  :        16857  Failing Endpoints,  Worst Slack       -0.082ns,  Total Violation     -550.608ns
PW    :            0  Failing Endpoints,  Worst Slack        4.468ns,  Total Violation        0.000ns
---------------------------------------------------------------------------------------------------


Max Delay Paths
--------------------------------------------------------------------------------------
Slack (MET) :             1.549ns  (required time - arrival time)
  Source:                 u_accel/u_pool/q_frv1_reg[0][29]/C
                            (rising edge-triggered cell FDRE clocked by clk  {rise@0.000ns fall@5.000ns period=10.000ns})
  Destination:            u_accel/u_pool/g_fpu[0].u_fpu/e_reg[4][add_spec]_srl4/D
                            (rising edge-triggered cell SRL16E clocked by clk  {rise@0.000ns fall@5.000ns period=10.000ns})
  Path Group:             clk
  Path Type:              Setup (Max at Slow Process Corner)
  Requirement:            10.000ns  (clk rise@10.000ns - clk rise@0.000ns)
  Data Path Delay:        8.211ns  (logic 2.417ns (29.436%)  route 5.794ns (70.564%))
  Logic Levels:           37  (CARRY8=12 LUT2=3 LUT3=4 LUT4=6 LUT5=4 LUT6=8)
  Clock Path Skew:        -0.145ns (DCD - SCD + CPR)
    Destination Clock Delay (DCD):    3.686ns = ( 13.686 - 10.000 ) 
    Source Clock Delay      (SCD):    4.588ns
    Clock Pessimism Removal (CPR):    0.757ns
  Clock Uncertainty:      0.035ns  ((TSJ^2 + TIJ^2)^1/2 + DJ) / 2 + PE
    Total System Jitter     (TSJ):    0.071ns
    Total Input Jitter      (TIJ):    0.000ns
    Discrete Jitter          (DJ):    0.000ns
    Phase Error              (PE):    0.000ns

    Location             Delay type                Incr(ns)  Path(ns)    Netlist Resource(s)
  -------------------------------------------------------------------    -------------------
                         (clock clk rise edge)        0.000     0.000 r  
    E4                                                0.000     0.000 r  clk (IN)
                         net (fo=0)                   0.000     0.000    clk_IBUF_inst/I
    E4                   INBUF (Prop_INBUF_HDIOB_M_PAD_O)
                                                      1.040     1.040 r  clk_IBUF_inst/INBUF_INST/O
                         net (fo=1, routed)           0.000     1.040    clk_IBUF_inst/OUT
    E4                   IBUFCTRL (Prop_IBUFCTRL_HDIOB_M_I_O)
                                                      0.000     1.040 r  clk_IBUF_inst/IBUFCTRL_INST/O
                         net (fo=1, unplaced)         0.936     1.976    clk_IBUF
                         BUFGCE (Prop_BUFGCE_I_O)     0.028     2.004 r  clk_IBUF_BUFG_inst/O
                         net (fo=26398, unplaced)     2.584     4.588    u_accel/u_pool/clk
                         FDRE                                         r  u_accel/u_pool/q_frv1_reg[0][29]/C
  -------------------------------------------------------------------    -------------------
                         FDRE (Prop_FDRE_C_Q)         0.077     4.665 f  u_accel/u_pool/q_frv1_reg[0][29]/Q
                         net (fo=4, unplaced)         0.166     4.831    u_accel/u_pool/g_fpu[0].u_fpu/a[29]
                         LUT6 (Prop_LUT6_I0_O)        0.150     4.981 r  u_accel/u_pool/g_fpu[0].u_fpu/e_reg[4][sgnj_h][14]_srl4_i_8/O
                         net (fo=1, unplaced)         0.186     5.167    u_accel/u_pool/g_fpu[0].u_fpu/e_reg[4][sgnj_h][14]_srl4_i_8_n_0
                         LUT2 (Prop_LUT2_I1_O)        0.038     5.205 f  u_accel/u_pool/g_fpu[0].u_fpu/e_reg[4][sgnj_h][14]_srl4_i_5/O
                         net (fo=5, unplaced)         0.204     5.409    u_accel/u_pool/g_fpu[0].u_fpu/e_reg[4][sgnj_h][14]_srl4_i_5_n_0
                         LUT2 (Prop_LUT2_I1_O)        0.038     5.447 r  u_accel/u_pool/g_fpu[0].u_fpu/e[1][minmax_h][0]_i_2/O
                         net (fo=20, unplaced)        0.235     5.682    u_accel/u_pool/g_fpu[0].u_fpu/e[1][minmax_h][0]_i_2_n_0
                         LUT3 (Prop_LUT3_I0_O)        0.070     5.752 r  u_accel/u_pool/g_fpu[0].u_fpu/e_reg[4][sgnj_h][12]_srl4_i_1/O
                         net (fo=5, unplaced)         0.204     5.956    u_accel/u_pool/g_fpu[0].u_fpu/p_0_in[2]
                         LUT3 (Prop_LUT3_I2_O)        0.070     6.026 f  u_accel/u_pool/g_fpu[0].u_fpu/e_reg[4][opa][24]_srl4_i_5/O
                         net (fo=2, unplaced)         0.186     6.212    u_accel/u_pool/g_fpu[0].u_fpu/e_reg[4][opa][24]_srl4_i_5_n_0
                         LUT6 (Prop_LUT6_I1_O)        0.038     6.250 f  u_accel/u_pool/g_fpu[0].u_fpu/e_reg[4][opa][24]_srl4_i_3/O
                         net (fo=18, unplaced)        0.233     6.483    u_accel/u_pool/g_fpu[0].u_fpu/e_reg[4][opa][24]_srl4_i_3_n_0
                         LUT5 (Prop_LUT5_I2_O)        0.038     6.521 r  u_accel/u_pool/g_fpu[0].u_fpu/e_reg[4][opa][24]_srl4_i_1/O
                         net (fo=59, unplaced)        0.214     6.735    u_accel/u_pool/g_fpu[0].u_fpu/e_reg[4][opa][24]_srl4_i_1_n_0
                         LUT4 (Prop_LUT4_I0_O)        0.139     6.874 f  u_accel/u_pool/g_fpu[0].u_fpu/prod2_reg_i_57/O
                         net (fo=1, unplaced)         0.186     7.060    u_accel/u_pool/g_fpu[0].u_fpu/prod2_reg_i_57_n_0
                         LUT5 (Prop_LUT5_I0_O)        0.038     7.098 f  u_accel/u_pool/g_fpu[0].u_fpu/prod2_reg_i_42/O
                         net (fo=148, unplaced)       0.280     7.378    u_accel/u_pool/g_fpu[0].u_fpu/prod2_reg_i_42_n_0
                         LUT2 (Prop_LUT2_I1_O)        0.070     7.448 r  u_accel/u_pool/g_fpu[0].u_fpu/prod3_reg_i_7/O
                         net (fo=22, unplaced)        0.237     7.685    u_accel/u_pool/g_fpu[0].u_fpu/prod3_reg_i_7_n_0
                         LUT4 (Prop_LUT4_I3_O)        0.070     7.755 r  u_accel/u_pool/g_fpu[0].u_fpu/e_reg[4][add_ebig][7]_srl4_i_12/O
                         net (fo=1, unplaced)         0.260     8.015    u_accel/u_pool/g_fpu[0].u_fpu/e_reg[4][add_ebig][7]_srl4_i_12_n_0
                         CARRY8 (Prop_CARRY8_DI[0]_CO[3])
                                                      0.182     8.197 r  u_accel/u_pool/g_fpu[0].u_fpu/e_reg[4][add_ebig][7]_srl4_i_3/CO[3]
                         net (fo=1, unplaced)         0.091     8.288    u_accel/u_pool/g_fpu[0].u_fpu/p_73_in
                         LUT6 (Prop_LUT6_I1_O)        0.038     8.326 r  u_accel/u_pool/g_fpu[0].u_fpu/e_reg[4][add_ebig][7]_srl4_i_2/O
                         net (fo=96, unplaced)        0.271     8.597    u_accel/u_pool/g_fpu[0].u_fpu/e_reg[4][add_ebig][7]_srl4_i_2_n_0
                         LUT3 (Prop_LUT3_I1_O)        0.070     8.667 r  u_accel/u_pool/g_fpu[0].u_fpu/e_reg[4][add_mag][47]_srl4_i_45/O
                         net (fo=1, unplaced)         0.140     8.807    u_accel/u_pool/g_fpu[0].u_fpu/e_reg[4][add_mag][47]_srl4_i_45_n_0
                         LUT6 (Prop_LUT6_I1_O)        0.090     8.897 f  u_accel/u_pool/g_fpu[0].u_fpu/e_reg[4][add_mag][47]_srl4_i_25/O
                         net (fo=114, unplaced)       0.228     9.125    u_accel/u_pool/g_fpu[0].u_fpu/e_reg[4][add_mag][47]_srl4_i_25_n_0
                         LUT3 (Prop_LUT3_I0_O)        0.090     9.215 f  u_accel/u_pool/g_fpu[0].u_fpu/e_reg[4][add_mag][50]_srl4_i_7/O
                         net (fo=30, unplaced)        0.244     9.459    u_accel/u_pool/g_fpu[0].u_fpu/e_reg[4][add_mag][50]_srl4_i_7_n_0
                         LUT4 (Prop_LUT4_I3_O)        0.070     9.529 r  u_accel/u_pool/g_fpu[0].u_fpu/e_reg[4][add_mag][7]_srl4_i_134/O
                         net (fo=1, unplaced)         0.260     9.789    u_accel/u_pool/g_fpu[0].u_fpu/e_reg[4][add_mag][7]_srl4_i_134_n_0
                         CARRY8 (Prop_CARRY8_DI[0]_CO[7])
                                                      0.139     9.928 r  u_accel/u_pool/g_fpu[0].u_fpu/e_reg[4][add_mag][7]_srl4_i_109/CO[7]
                         net (fo=1, unplaced)         0.005     9.933    u_accel/u_pool/g_fpu[0].u_fpu/e_reg[4][add_mag][7]_srl4_i_109_n_0
                         CARRY8 (Prop_CARRY8_CI_CO[7])
                                                      0.022     9.955 r  u_accel/u_pool/g_fpu[0].u_fpu/e_reg[4][add_mag][7]_srl4_i_92/CO[7]
                         net (fo=1, unplaced)         0.005     9.960    u_accel/u_pool/g_fpu[0].u_fpu/e_reg[4][add_mag][7]_srl4_i_92_n_0
                         CARRY8 (Prop_CARRY8_CI_CO[7])
                                                      0.022     9.982 r  u_accel/u_pool/g_fpu[0].u_fpu/e_reg[4][add_mag][7]_srl4_i_74/CO[7]
                         net (fo=1, unplaced)         0.005     9.987    u_accel/u_pool/g_fpu[0].u_fpu/e_reg[4][add_mag][7]_srl4_i_74_n_0
                         CARRY8 (Prop_CARRY8_CI_CO[7])
                                                      0.022    10.009 r  u_accel/u_pool/g_fpu[0].u_fpu/e_reg[4][add_mag][7]_srl4_i_37/CO[7]
                         net (fo=1, unplaced)         0.005    10.014    u_accel/u_pool/g_fpu[0].u_fpu/e_reg[4][add_mag][7]_srl4_i_37_n_0
                         CARRY8 (Prop_CARRY8_CI_CO[7])
                                                      0.022    10.036 r  u_accel/u_pool/g_fpu[0].u_fpu/e_reg[4][add_mag][7]_srl4_i_21/CO[7]
                         net (fo=1, unplaced)         0.005    10.041    u_accel/u_pool/g_fpu[0].u_fpu/e_reg[4][add_mag][7]_srl4_i_21_n_0
                         CARRY8 (Prop_CARRY8_CI_CO[7])
                                                      0.022    10.063 r  u_accel/u_pool/g_fpu[0].u_fpu/e_reg[4][add_mag][7]_srl4_i_25/CO[7]
                         net (fo=1, unplaced)         0.005    10.068    u_accel/u_pool/g_fpu[0].u_fpu/e_reg[4][add_mag][7]_srl4_i_25_n_0
                         CARRY8 (Prop_CARRY8_CI_O[0])
                                                      0.056    10.124 r  u_accel/u_pool/g_fpu[0].u_fpu/e_reg[4][add_mag][7]_srl4_i_71/O[0]
                         net (fo=1, unplaced)         0.186    10.310    u_accel/u_pool/g_fpu[0].u_fpu/e_reg[4][add_mag][7]_srl4_i_71_n_15
                         LUT6 (Prop_LUT6_I0_O)        0.038    10.348 f  u_accel/u_pool/g_fpu[0].u_fpu/e_reg[4][add_mag][7]_srl4_i_29/O
                         net (fo=1, unplaced)         0.186    10.534    u_accel/u_pool/g_fpu[0].u_fpu/e_reg[4][add_mag][7]_srl4_i_29_n_0
                         LUT5 (Prop_LUT5_I0_O)        0.038    10.572 f  u_accel/u_pool/g_fpu[0].u_fpu/e_reg[4][add_mag][7]_srl4_i_17/O
                         net (fo=1, unplaced)         0.186    10.758    u_accel/u_pool/g_fpu[0].u_fpu/e_reg[4][add_mag][7]_srl4_i_17_n_0
                         LUT6 (Prop_LUT6_I4_O)        0.038    10.796 r  u_accel/u_pool/g_fpu[0].u_fpu/e_reg[4][add_mag][7]_srl4_i_14/O
                         net (fo=1, unplaced)         0.186    10.982    u_accel/u_pool/g_fpu[0].u_fpu/e_reg[4][add_mag][7]_srl4_i_14_n_0
                         LUT4 (Prop_LUT4_I3_O)        0.038    11.020 r  u_accel/u_pool/g_fpu[0].u_fpu/e_reg[4][add_mag][7]_srl4_i_10/O
                         net (fo=1, unplaced)         0.020    11.040    u_accel/u_pool/g_fpu[0].u_fpu/e_reg[4][add_mag][7]_srl4_i_10_n_0
                         CARRY8 (Prop_CARRY8_S[0]_CO[7])
                                                      0.199    11.239 r  u_accel/u_pool/g_fpu[0].u_fpu/e_reg[4][add_mag][7]_srl4_i_1/CO[7]
                         net (fo=1, unplaced)         0.005    11.244    u_accel/u_pool/g_fpu[0].u_fpu/e_reg[4][add_mag][7]_srl4_i_1_n_0
                         CARRY8 (Prop_CARRY8_CI_CO[7])
                                                      0.022    11.266 r  u_accel/u_pool/g_fpu[0].u_fpu/e_reg[4][add_mag][15]_srl4_i_1/CO[7]
                         net (fo=1, unplaced)         0.005    11.271    u_accel/u_pool/g_fpu[0].u_fpu/e_reg[4][add_mag][15]_srl4_i_1_n_0
                         CARRY8 (Prop_CARRY8_CI_CO[7])
                                                      0.022    11.293 r  u_accel/u_pool/g_fpu[0].u_fpu/e_reg[4][add_mag][23]_srl4_i_1/CO[7]
                         net (fo=1, unplaced)         0.005    11.298    u_accel/u_pool/g_fpu[0].u_fpu/e_reg[4][add_mag][23]_srl4_i_1_n_0
                         CARRY8 (Prop_CARRY8_CI_O[2])
                                                      0.067    11.365 f  u_accel/u_pool/g_fpu[0].u_fpu/e_reg[4][add_mag][31]_srl4_i_1/O[2]
                         net (fo=2, unplaced)         0.188    11.553    u_accel/u_pool/g_fpu[0].u_fpu/e_reg[4][add_mag][31]_srl4_i_1_n_13
                         LUT4 (Prop_LUT4_I2_O)        0.090    11.643 f  u_accel/u_pool/g_fpu[0].u_fpu/e_reg[4][add_spec]_srl4_i_15/O
                         net (fo=1, unplaced)         0.186    11.829    u_accel/u_pool/g_fpu[0].u_fpu/e_reg[4][add_spec]_srl4_i_15_n_0
                         LUT5 (Prop_LUT5_I4_O)        0.038    11.867 f  u_accel/u_pool/g_fpu[0].u_fpu/e_reg[4][add_spec]_srl4_i_13/O
                         net (fo=1, unplaced)         0.186    12.053    u_accel/u_pool/g_fpu[0].u_fpu/e_reg[4][add_spec]_srl4_i_13_n_0
                         LUT6 (Prop_LUT6_I5_O)        0.038    12.091 f  u_accel/u_pool/g_fpu[0].u_fpu/e_reg[4][add_spec]_srl4_i_8/O
                         net (fo=1, unplaced)         0.186    12.277    u_accel/u_pool/g_fpu[0].u_fpu/e_reg[4][add_spec]_srl4_i_8_n_0
                         LUT6 (Prop_LUT6_I5_O)        0.038    12.315 r  u_accel/u_pool/g_fpu[0].u_fpu/e_reg[4][add_spec]_srl4_i_4/O
                         net (fo=1, unplaced)         0.186    12.501    u_accel/u_pool/g_fpu[0].u_fpu/e_reg[4][add_spec]_srl4_i_4_n_0
                         LUT4 (Prop_LUT4_I3_O)        0.070    12.571 r  u_accel/u_pool/g_fpu[0].u_fpu/e_reg[4][add_spec]_srl4_i_1/O
                         net (fo=1, unplaced)         0.228    12.799    u_accel/u_pool/g_fpu[0].u_fpu/e_reg[4][add_spec]_srl4_i_1_n_0
                         SRL16E                                       r  u_accel/u_pool/g_fpu[0].u_fpu/e_reg[4][add_spec]_srl4/D
  -------------------------------------------------------------------    -------------------

                         (clock clk rise edge)       10.000    10.000 r  
    E4                                                0.000    10.000 r  clk (IN)
                         net (fo=0)                   0.000    10.000    clk_IBUF_inst/I
    E4                   INBUF (Prop_INBUF_HDIOB_M_PAD_O)
                                                      0.533    10.533 r  clk_IBUF_inst/INBUF_INST/O
                         net (fo=1, routed)           0.000    10.533    clk_IBUF_inst/OUT
    E4                   IBUFCTRL (Prop_IBUFCTRL_HDIOB_M_I_O)
                                                      0.000    10.533 r  clk_IBUF_inst/IBUFCTRL_INST/O
                         net (fo=1, unplaced)         0.690    11.223    clk_IBUF
                         BUFGCE (Prop_BUFGCE_I_O)     0.024    11.247 r  clk_IBUF_BUFG_inst/O
                         net (fo=26398, unplaced)     2.439    13.686    u_accel/u_pool/g_fpu[0].u_fpu/clk
                         SRL16E                                       r  u_accel/u_pool/g_fpu[0].u_fpu/e_reg[4][add_spec]_srl4/CLK
                         clock pessimism              0.757    14.443    
                         clock uncertainty           -0.035    14.408    
                         SRL16E (Setup_SRL16E_CLK_D)
                                                     -0.060    14.348    u_accel/u_pool/g_fpu[0].u_fpu/e_reg[4][add_spec]_srl4
  -------------------------------------------------------------------
                         required time                         14.348    
                         arrival time                         -12.799    
  -------------------------------------------------------------------
                         slack                                  1.549    

Slack (MET) :             1.549ns  (required time - arrival time)
  Source:                 u_accel/u_pool/q_frv1_reg[1][29]/C
                            (rising edge-triggered cell FDRE clocked by clk  {rise@0.000ns fall@5.000ns period=10.000ns})
  Destination:            u_accel/u_pool/g_fpu[1].u_fpu/e_reg[4][add_spec]_srl4/D
                            (rising edge-triggered cell SRL16E clocked by clk  {rise@0.000ns fall@5.000ns period=10.000ns})
  Path Group:             clk
  Path Type:              Setup (Max at Slow Process Corner)
  Requirement:            10.000ns  (clk rise@10.000ns - clk rise@0.000ns)
  Data Path Delay:        8.211ns  (logic 2.417ns (29.436%)  route 5.794ns (70.564%))
  Logic Levels:           37  (CARRY8=12 LUT2=3 LUT3=4 LUT4=6 LUT5=4 LUT6=8)
  Clock Path Skew:        -0.145ns (DCD - SCD + CPR)
    Destination Clock Delay (DCD):    3.686ns = ( 13.686 - 10.000 ) 
    Source Clock Delay      (SCD):    4.588ns
    Clock Pessimism Removal (CPR):    0.757ns
  Clock Uncertainty:      0.035ns  ((TSJ^2 + TIJ^2)^1/2 + DJ) / 2 + PE
    Total System Jitter     (TSJ):    0.071ns
    Total Input Jitter      (TIJ):    0.000ns
    Discrete Jitter          (DJ):    0.000ns
    Phase Error              (PE):    0.000ns

    Location             Delay type                Incr(ns)  Path(ns)    Netlist Resource(s)
  -------------------------------------------------------------------    -------------------
                         (clock clk rise edge)        0.000     0.000 r  
    E4                                                0.000     0.000 r  clk (IN)
                         net (fo=0)                   0.000     0.000    clk_IBUF_inst/I
    E4                   INBUF (Prop_INBUF_HDIOB_M_PAD_O)
                                                      1.040     1.040 r  clk_IBUF_inst/INBUF_INST/O
                         net (fo=1, routed)           0.000     1.040    clk_IBUF_inst/OUT
    E4                   IBUFCTRL (Prop_IBUFCTRL_HDIOB_M_I_O)
                                                      0.000     1.040 r  clk_IBUF_inst/IBUFCTRL_INST/O
                         net (fo=1, unplaced)         0.936     1.976    clk_IBUF
                         BUFGCE (Prop_BUFGCE_I_O)     0.028     2.004 r  clk_IBUF_BUFG_inst/O
                         net (fo=26398, unplaced)     2.584     4.588    u_accel/u_pool/clk
                         FDRE                                         r  u_accel/u_pool/q_frv1_reg[1][29]/C
  -------------------------------------------------------------------    -------------------
                         FDRE (Prop_FDRE_C_Q)         0.077     4.665 f  u_accel/u_pool/q_frv1_reg[1][29]/Q
                         net (fo=4, unplaced)         0.166     4.831    u_accel/u_pool/g_fpu[1].u_fpu/a[29]
                         LUT6 (Prop_LUT6_I0_O)        0.150     4.981 r  u_accel/u_pool/g_fpu[1].u_fpu/e_reg[4][sgnj_h][14]_srl4_i_8/O
                         net (fo=1, unplaced)         0.186     5.167    u_accel/u_pool/g_fpu[1].u_fpu/e_reg[4][sgnj_h][14]_srl4_i_8_n_0
                         LUT2 (Prop_LUT2_I1_O)        0.038     5.205 f  u_accel/u_pool/g_fpu[1].u_fpu/e_reg[4][sgnj_h][14]_srl4_i_5/O
                         net (fo=5, unplaced)         0.204     5.409    u_accel/u_pool/g_fpu[1].u_fpu/e_reg[4][sgnj_h][14]_srl4_i_5_n_0
                         LUT2 (Prop_LUT2_I1_O)        0.038     5.447 r  u_accel/u_pool/g_fpu[1].u_fpu/e[1][minmax_h][0]_i_2/O
                         net (fo=20, unplaced)        0.235     5.682    u_accel/u_pool/g_fpu[1].u_fpu/e[1][minmax_h][0]_i_2_n_0
                         LUT3 (Prop_LUT3_I0_O)        0.070     5.752 r  u_accel/u_pool/g_fpu[1].u_fpu/e_reg[4][sgnj_h][12]_srl4_i_1/O
                         net (fo=5, unplaced)         0.204     5.956    u_accel/u_pool/g_fpu[1].u_fpu/p_0_in[2]
                         LUT3 (Prop_LUT3_I2_O)        0.070     6.026 f  u_accel/u_pool/g_fpu[1].u_fpu/e_reg[4][opa][24]_srl4_i_5/O
                         net (fo=2, unplaced)         0.186     6.212    u_accel/u_pool/g_fpu[1].u_fpu/e_reg[4][opa][24]_srl4_i_5_n_0
                         LUT6 (Prop_LUT6_I1_O)        0.038     6.250 f  u_accel/u_pool/g_fpu[1].u_fpu/e_reg[4][opa][24]_srl4_i_3/O
                         net (fo=18, unplaced)        0.233     6.483    u_accel/u_pool/g_fpu[1].u_fpu/e_reg[4][opa][24]_srl4_i_3_n_0
                         LUT5 (Prop_LUT5_I2_O)        0.038     6.521 r  u_accel/u_pool/g_fpu[1].u_fpu/e_reg[4][opa][24]_srl4_i_1/O
                         net (fo=59, unplaced)        0.214     6.735    u_accel/u_pool/g_fpu[1].u_fpu/e_reg[4][opa][24]_srl4_i_1_n_0
                         LUT4 (Prop_LUT4_I0_O)        0.139     6.874 f  u_accel/u_pool/g_fpu[1].u_fpu/prod2_reg_i_57/O
                         net (fo=1, unplaced)         0.186     7.060    u_accel/u_pool/g_fpu[1].u_fpu/prod2_reg_i_57_n_0
                         LUT5 (Prop_LUT5_I0_O)        0.038     7.098 f  u_accel/u_pool/g_fpu[1].u_fpu/prod2_reg_i_42/O
                         net (fo=148, unplaced)       0.280     7.378    u_accel/u_pool/g_fpu[1].u_fpu/prod2_reg_i_42_n_0
                         LUT2 (Prop_LUT2_I1_O)        0.070     7.448 r  u_accel/u_pool/g_fpu[1].u_fpu/prod3_reg_i_7/O
                         net (fo=22, unplaced)        0.237     7.685    u_accel/u_pool/g_fpu[1].u_fpu/prod3_reg_i_7_n_0
                         LUT4 (Prop_LUT4_I3_O)        0.070     7.755 r  u_accel/u_pool/g_fpu[1].u_fpu/e_reg[4][add_ebig][7]_srl4_i_12/O
                         net (fo=1, unplaced)         0.260     8.015    u_accel/u_pool/g_fpu[1].u_fpu/e_reg[4][add_ebig][7]_srl4_i_12_n_0
                         CARRY8 (Prop_CARRY8_DI[0]_CO[3])
                                                      0.182     8.197 r  u_accel/u_pool/g_fpu[1].u_fpu/e_reg[4][add_ebig][7]_srl4_i_3/CO[3]
                         net (fo=1, unplaced)         0.091     8.288    u_accel/u_pool/g_fpu[1].u_fpu/p_73_in
                         LUT6 (Prop_LUT6_I1_O)        0.038     8.326 r  u_accel/u_pool/g_fpu[1].u_fpu/e_reg[4][add_ebig][7]_srl4_i_2/O
                         net (fo=96, unplaced)        0.271     8.597    u_accel/u_pool/g_fpu[1].u_fpu/e_reg[4][add_ebig][7]_srl4_i_2_n_0
                         LUT3 (Prop_LUT3_I1_O)        0.070     8.667 r  u_accel/u_pool/g_fpu[1].u_fpu/e_reg[4][add_mag][47]_srl4_i_45/O
                         net (fo=1, unplaced)         0.140     8.807    u_accel/u_pool/g_fpu[1].u_fpu/e_reg[4][add_mag][47]_srl4_i_45_n_0
                         LUT6 (Prop_LUT6_I1_O)        0.090     8.897 f  u_accel/u_pool/g_fpu[1].u_fpu/e_reg[4][add_mag][47]_srl4_i_25/O
                         net (fo=114, unplaced)       0.228     9.125    u_accel/u_pool/g_fpu[1].u_fpu/e_reg[4][add_mag][47]_srl4_i_25_n_0
                         LUT3 (Prop_LUT3_I0_O)        0.090     9.215 f  u_accel/u_pool/g_fpu[1].u_fpu/e_reg[4][add_mag][50]_srl4_i_7/O
                         net (fo=30, unplaced)        0.244     9.459    u_accel/u_pool/g_fpu[1].u_fpu/e_reg[4][add_mag][50]_srl4_i_7_n_0
                         LUT4 (Prop_LUT4_I3_O)        0.070     9.529 r  u_accel/u_pool/g_fpu[1].u_fpu/e_reg[4][add_mag][7]_srl4_i_134/O
                         net (fo=1, unplaced)         0.260     9.789    u_accel/u_pool/g_fpu[1].u_fpu/e_reg[4][add_mag][7]_srl4_i_134_n_0
                         CARRY8 (Prop_CARRY8_DI[0]_CO[7])
                                                      0.139     9.928 r  u_accel/u_pool/g_fpu[1].u_fpu/e_reg[4][add_mag][7]_srl4_i_109/CO[7]
                         net (fo=1, unplaced)         0.005     9.933    u_accel/u_pool/g_fpu[1].u_fpu/e_reg[4][add_mag][7]_srl4_i_109_n_0
                         CARRY8 (Prop_CARRY8_CI_CO[7])
                                                      0.022     9.955 r  u_accel/u_pool/g_fpu[1].u_fpu/e_reg[4][add_mag][7]_srl4_i_92/CO[7]
                         net (fo=1, unplaced)         0.005     9.960    u_accel/u_pool/g_fpu[1].u_fpu/e_reg[4][add_mag][7]_srl4_i_92_n_0
                         CARRY8 (Prop_CARRY8_CI_CO[7])
                                                      0.022     9.982 r  u_accel/u_pool/g_fpu[1].u_fpu/e_reg[4][add_mag][7]_srl4_i_74/CO[7]
                         net (fo=1, unplaced)         0.005     9.987    u_accel/u_pool/g_fpu[1].u_fpu/e_reg[4][add_mag][7]_srl4_i_74_n_0
                         CARRY8 (Prop_CARRY8_CI_CO[7])
                                                      0.022    10.009 r  u_accel/u_pool/g_fpu[1].u_fpu/e_reg[4][add_mag][7]_srl4_i_37/CO[7]
                         net (fo=1, unplaced)         0.005    10.014    u_accel/u_pool/g_fpu[1].u_fpu/e_reg[4][add_mag][7]_srl4_i_37_n_0
                         CARRY8 (Prop_CARRY8_CI_CO[7])
                                                      0.022    10.036 r  u_accel/u_pool/g_fpu[1].u_fpu/e_reg[4][add_mag][7]_srl4_i_21/CO[7]
                         net (fo=1, unplaced)         0.005    10.041    u_accel/u_pool/g_fpu[1].u_fpu/e_reg[4][add_mag][7]_srl4_i_21_n_0
                         CARRY8 (Prop_CARRY8_CI_CO[7])
                                                      0.022    10.063 r  u_accel/u_pool/g_fpu[1].u_fpu/e_reg[4][add_mag][7]_srl4_i_25/CO[7]
                         net (fo=1, unplaced)         0.005    10.068    u_accel/u_pool/g_fpu[1].u_fpu/e_reg[4][add_mag][7]_srl4_i_25_n_0
                         CARRY8 (Prop_CARRY8_CI_O[0])
                                                      0.056    10.124 r  u_accel/u_pool/g_fpu[1].u_fpu/e_reg[4][add_mag][7]_srl4_i_71/O[0]
                         net (fo=1, unplaced)         0.186    10.310    u_accel/u_pool/g_fpu[1].u_fpu/e_reg[4][add_mag][7]_srl4_i_71_n_15
                         LUT6 (Prop_LUT6_I0_O)        0.038    10.348 f  u_accel/u_pool/g_fpu[1].u_fpu/e_reg[4][add_mag][7]_srl4_i_29/O
                         net (fo=1, unplaced)         0.186    10.534    u_accel/u_pool/g_fpu[1].u_fpu/e_reg[4][add_mag][7]_srl4_i_29_n_0
                         LUT5 (Prop_LUT5_I0_O)        0.038    10.572 f  u_accel/u_pool/g_fpu[1].u_fpu/e_reg[4][add_mag][7]_srl4_i_17/O
                         net (fo=1, unplaced)         0.186    10.758    u_accel/u_pool/g_fpu[1].u_fpu/e_reg[4][add_mag][7]_srl4_i_17_n_0
                         LUT6 (Prop_LUT6_I4_O)        0.038    10.796 r  u_accel/u_pool/g_fpu[1].u_fpu/e_reg[4][add_mag][7]_srl4_i_14/O
                         net (fo=1, unplaced)         0.186    10.982    u_accel/u_pool/g_fpu[1].u_fpu/e_reg[4][add_mag][7]_srl4_i_14_n_0
                         LUT4 (Prop_LUT4_I3_O)        0.038    11.020 r  u_accel/u_pool/g_fpu[1].u_fpu/e_reg[4][add_mag][7]_srl4_i_10/O
                         net (fo=1, unplaced)         0.020    11.040    u_accel/u_pool/g_fpu[1].u_fpu/e_reg[4][add_mag][7]_srl4_i_10_n_0
                         CARRY8 (Prop_CARRY8_S[0]_CO[7])
                                                      0.199    11.239 r  u_accel/u_pool/g_fpu[1].u_fpu/e_reg[4][add_mag][7]_srl4_i_1/CO[7]
                         net (fo=1, unplaced)         0.005    11.244    u_accel/u_pool/g_fpu[1].u_fpu/e_reg[4][add_mag][7]_srl4_i_1_n_0
                         CARRY8 (Prop_CARRY8_CI_CO[7])
                                                      0.022    11.266 r  u_accel/u_pool/g_fpu[1].u_fpu/e_reg[4][add_mag][15]_srl4_i_1/CO[7]
                         net (fo=1, unplaced)         0.005    11.271    u_accel/u_pool/g_fpu[1].u_fpu/e_reg[4][add_mag][15]_srl4_i_1_n_0
                         CARRY8 (Prop_CARRY8_CI_CO[7])
                                                      0.022    11.293 r  u_accel/u_pool/g_fpu[1].u_fpu/e_reg[4][add_mag][23]_srl4_i_1/CO[7]
                         net (fo=1, unplaced)         0.005    11.298    u_accel/u_pool/g_fpu[1].u_fpu/e_reg[4][add_mag][23]_srl4_i_1_n_0
                         CARRY8 (Prop_CARRY8_CI_O[2])
                                                      0.067    11.365 f  u_accel/u_pool/g_fpu[1].u_fpu/e_reg[4][add_mag][31]_srl4_i_1/O[2]
                         net (fo=2, unplaced)         0.188    11.553    u_accel/u_pool/g_fpu[1].u_fpu/e_reg[4][add_mag][31]_srl4_i_1_n_13
                         LUT4 (Prop_LUT4_I2_O)        0.090    11.643 f  u_accel/u_pool/g_fpu[1].u_fpu/e_reg[4][add_spec]_srl4_i_15/O
                         net (fo=1, unplaced)         0.186    11.829    u_accel/u_pool/g_fpu[1].u_fpu/e_reg[4][add_spec]_srl4_i_15_n_0
                         LUT5 (Prop_LUT5_I4_O)        0.038    11.867 f  u_accel/u_pool/g_fpu[1].u_fpu/e_reg[4][add_spec]_srl4_i_13/O
                         net (fo=1, unplaced)         0.186    12.053    u_accel/u_pool/g_fpu[1].u_fpu/e_reg[4][add_spec]_srl4_i_13_n_0
                         LUT6 (Prop_LUT6_I5_O)        0.038    12.091 f  u_accel/u_pool/g_fpu[1].u_fpu/e_reg[4][add_spec]_srl4_i_8/O
                         net (fo=1, unplaced)         0.186    12.277    u_accel/u_pool/g_fpu[1].u_fpu/e_reg[4][add_spec]_srl4_i_8_n_0
                         LUT6 (Prop_LUT6_I5_O)        0.038    12.315 r  u_accel/u_pool/g_fpu[1].u_fpu/e_reg[4][add_spec]_srl4_i_4/O
                         net (fo=1, unplaced)         0.186    12.501    u_accel/u_pool/g_fpu[1].u_fpu/e_reg[4][add_spec]_srl4_i_4_n_0
                         LUT4 (Prop_LUT4_I3_O)        0.070    12.571 r  u_accel/u_pool/g_fpu[1].u_fpu/e_reg[4][add_spec]_srl4_i_1/O
                         net (fo=1, unplaced)         0.228    12.799    u_accel/u_pool/g_fpu[1].u_fpu/e_reg[4][add_spec]_srl4_i_1_n_0
                         SRL16E                                       r  u_accel/u_pool/g_fpu[1].u_fpu/e_reg[4][add_spec]_srl4/D
  -------------------------------------------------------------------    -------------------

                         (clock clk rise edge)       10.000    10.000 r  
    E4                                                0.000    10.000 r  clk (IN)
                         net (fo=0)                   0.000    10.000    clk_IBUF_inst/I
    E4                   INBUF (Prop_INBUF_HDIOB_M_PAD_O)
                                                      0.533    10.533 r  clk_IBUF_inst/INBUF_INST/O
                         net (fo=1, routed)           0.000    10.533    clk_IBUF_inst/OUT
    E4                   IBUFCTRL (Prop_IBUFCTRL_HDIOB_M_I_O)
                                                      0.000    10.533 r  clk_IBUF_inst/IBUFCTRL_INST/O
                         net (fo=1, unplaced)         0.690    11.223    clk_IBUF
                         BUFGCE (Prop_BUFGCE_I_O)     0.024    11.247 r  clk_IBUF_BUFG_inst/O
                         net (fo=26398, unplaced)     2.439    13.686    u_accel/u_pool/g_fpu[1].u_fpu/clk
                         SRL16E                                       r  u_accel/u_pool/g_fpu[1].u_fpu/e_reg[4][add_spec]_srl4/CLK
                         clock pessimism              0.757    14.443    
                         clock uncertainty           -0.035    14.408    
                         SRL16E (Setup_SRL16E_CLK_D)
                                                     -0.060    14.348    u_accel/u_pool/g_fpu[1].u_fpu/e_reg[4][add_spec]_srl4
  -------------------------------------------------------------------
                         required time                         14.348    
                         arrival time                         -12.799    
  -------------------------------------------------------------------
                         slack                                  1.549    

Slack (MET) :             1.549ns  (required time - arrival time)
  Source:                 u_accel/u_pool/q_frv1_reg[2][29]/C
                            (rising edge-triggered cell FDRE clocked by clk  {rise@0.000ns fall@5.000ns period=10.000ns})
  Destination:            u_accel/u_pool/g_fpu[2].u_fpu/e_reg[4][add_spec]_srl4/D
                            (rising edge-triggered cell SRL16E clocked by clk  {rise@0.000ns fall@5.000ns period=10.000ns})
  Path Group:             clk
  Path Type:              Setup (Max at Slow Process Corner)
  Requirement:            10.000ns  (clk rise@10.000ns - clk rise@0.000ns)
  Data Path Delay:        8.211ns  (logic 2.417ns (29.436%)  route 5.794ns (70.564%))
  Logic Levels:           37  (CARRY8=12 LUT2=3 LUT3=4 LUT4=6 LUT5=4 LUT6=8)
  Clock Path Skew:        -0.145ns (DCD - SCD + CPR)
    Destination Clock Delay (DCD):    3.686ns = ( 13.686 - 10.000 ) 
    Source Clock Delay      (SCD):    4.588ns
    Clock Pessimism Removal (CPR):    0.757ns
  Clock Uncertainty:      0.035ns  ((TSJ^2 + TIJ^2)^1/2 + DJ) / 2 + PE
    Total System Jitter     (TSJ):    0.071ns
    Total Input Jitter      (TIJ):    0.000ns
    Discrete Jitter          (DJ):    0.000ns
    Phase Error              (PE):    0.000ns

    Location             Delay type                Incr(ns)  Path(ns)    Netlist Resource(s)
  -------------------------------------------------------------------    -------------------
                         (clock clk rise edge)        0.000     0.000 r  
    E4                                                0.000     0.000 r  clk (IN)
                         net (fo=0)                   0.000     0.000    clk_IBUF_inst/I
    E4                   INBUF (Prop_INBUF_HDIOB_M_PAD_O)
                                                      1.040     1.040 r  clk_IBUF_inst/INBUF_INST/O
                         net (fo=1, routed)           0.000     1.040    clk_IBUF_inst/OUT
    E4                   IBUFCTRL (Prop_IBUFCTRL_HDIOB_M_I_O)
                                                      0.000     1.040 r  clk_IBUF_inst/IBUFCTRL_INST/O
                         net (fo=1, unplaced)         0.936     1.976    clk_IBUF
                         BUFGCE (Prop_BUFGCE_I_O)     0.028     2.004 r  clk_IBUF_BUFG_inst/O
                         net (fo=26398, unplaced)     2.584     4.588    u_accel/u_pool/clk
                         FDRE                                         r  u_accel/u_pool/q_frv1_reg[2][29]/C
  -------------------------------------------------------------------    -------------------
                         FDRE (Prop_FDRE_C_Q)         0.077     4.665 f  u_accel/u_pool/q_frv1_reg[2][29]/Q
                         net (fo=4, unplaced)         0.166     4.831    u_accel/u_pool/g_fpu[2].u_fpu/a[29]
                         LUT6 (Prop_LUT6_I0_O)        0.150     4.981 r  u_accel/u_pool/g_fpu[2].u_fpu/e_reg[4][sgnj_h][14]_srl4_i_8/O
                         net (fo=1, unplaced)         0.186     5.167    u_accel/u_pool/g_fpu[2].u_fpu/e_reg[4][sgnj_h][14]_srl4_i_8_n_0
                         LUT2 (Prop_LUT2_I1_O)        0.038     5.205 f  u_accel/u_pool/g_fpu[2].u_fpu/e_reg[4][sgnj_h][14]_srl4_i_5/O
                         net (fo=5, unplaced)         0.204     5.409    u_accel/u_pool/g_fpu[2].u_fpu/e_reg[4][sgnj_h][14]_srl4_i_5_n_0
                         LUT2 (Prop_LUT2_I1_O)        0.038     5.447 r  u_accel/u_pool/g_fpu[2].u_fpu/e[1][minmax_h][0]_i_2/O
                         net (fo=20, unplaced)        0.235     5.682    u_accel/u_pool/g_fpu[2].u_fpu/e[1][minmax_h][0]_i_2_n_0
                         LUT3 (Prop_LUT3_I0_O)        0.070     5.752 r  u_accel/u_pool/g_fpu[2].u_fpu/e_reg[4][sgnj_h][12]_srl4_i_1/O
                         net (fo=5, unplaced)         0.204     5.956    u_accel/u_pool/g_fpu[2].u_fpu/p_0_in[2]
                         LUT3 (Prop_LUT3_I2_O)        0.070     6.026 f  u_accel/u_pool/g_fpu[2].u_fpu/e_reg[4][opa][24]_srl4_i_5/O
                         net (fo=2, unplaced)         0.186     6.212    u_accel/u_pool/g_fpu[2].u_fpu/e_reg[4][opa][24]_srl4_i_5_n_0
                         LUT6 (Prop_LUT6_I1_O)        0.038     6.250 f  u_accel/u_pool/g_fpu[2].u_fpu/e_reg[4][opa][24]_srl4_i_3/O
                         net (fo=18, unplaced)        0.233     6.483    u_accel/u_pool/g_fpu[2].u_fpu/e_reg[4][opa][24]_srl4_i_3_n_0
                         LUT5 (Prop_LUT5_I2_O)        0.038     6.521 r  u_accel/u_pool/g_fpu[2].u_fpu/e_reg[4][opa][24]_srl4_i_1/O
                         net (fo=59, unplaced)        0.214     6.735    u_accel/u_pool/g_fpu[2].u_fpu/e_reg[4][opa][24]_srl4_i_1_n_0
                         LUT4 (Prop_LUT4_I0_O)        0.139     6.874 f  u_accel/u_pool/g_fpu[2].u_fpu/prod2_reg_i_57/O
                         net (fo=1, unplaced)         0.186     7.060    u_accel/u_pool/g_fpu[2].u_fpu/prod2_reg_i_57_n_0
                         LUT5 (Prop_LUT5_I0_O)        0.038     7.098 f  u_accel/u_pool/g_fpu[2].u_fpu/prod2_reg_i_42/O
                         net (fo=148, unplaced)       0.280     7.378    u_accel/u_pool/g_fpu[2].u_fpu/prod2_reg_i_42_n_0
                         LUT2 (Prop_LUT2_I1_O)        0.070     7.448 r  u_accel/u_pool/g_fpu[2].u_fpu/prod3_reg_i_7/O
                         net (fo=22, unplaced)        0.237     7.685    u_accel/u_pool/g_fpu[2].u_fpu/prod3_reg_i_7_n_0
                         LUT4 (Prop_LUT4_I3_O)        0.070     7.755 r  u_accel/u_pool/g_fpu[2].u_fpu/e_reg[4][add_ebig][7]_srl4_i_12/O
                         net (fo=1, unplaced)         0.260     8.015    u_accel/u_pool/g_fpu[2].u_fpu/e_reg[4][add_ebig][7]_srl4_i_12_n_0
                         CARRY8 (Prop_CARRY8_DI[0]_CO[3])
                                                      0.182     8.197 r  u_accel/u_pool/g_fpu[2].u_fpu/e_reg[4][add_ebig][7]_srl4_i_3/CO[3]
                         net (fo=1, unplaced)         0.091     8.288    u_accel/u_pool/g_fpu[2].u_fpu/p_73_in
                         LUT6 (Prop_LUT6_I1_O)        0.038     8.326 r  u_accel/u_pool/g_fpu[2].u_fpu/e_reg[4][add_ebig][7]_srl4_i_2/O
                         net (fo=96, unplaced)        0.271     8.597    u_accel/u_pool/g_fpu[2].u_fpu/e_reg[4][add_ebig][7]_srl4_i_2_n_0
                         LUT3 (Prop_LUT3_I1_O)        0.070     8.667 r  u_accel/u_pool/g_fpu[2].u_fpu/e_reg[4][add_mag][47]_srl4_i_45/O
                         net (fo=1, unplaced)         0.140     8.807    u_accel/u_pool/g_fpu[2].u_fpu/e_reg[4][add_mag][47]_srl4_i_45_n_0
                         LUT6 (Prop_LUT6_I1_O)        0.090     8.897 f  u_accel/u_pool/g_fpu[2].u_fpu/e_reg[4][add_mag][47]_srl4_i_25/O
                         net (fo=114, unplaced)       0.228     9.125    u_accel/u_pool/g_fpu[2].u_fpu/e_reg[4][add_mag][47]_srl4_i_25_n_0
                         LUT3 (Prop_LUT3_I0_O)        0.090     9.215 f  u_accel/u_pool/g_fpu[2].u_fpu/e_reg[4][add_mag][50]_srl4_i_7/O
                         net (fo=30, unplaced)        0.244     9.459    u_accel/u_pool/g_fpu[2].u_fpu/e_reg[4][add_mag][50]_srl4_i_7_n_0
                         LUT4 (Prop_LUT4_I3_O)        0.070     9.529 r  u_accel/u_pool/g_fpu[2].u_fpu/e_reg[4][add_mag][7]_srl4_i_134/O
                         net (fo=1, unplaced)         0.260     9.789    u_accel/u_pool/g_fpu[2].u_fpu/e_reg[4][add_mag][7]_srl4_i_134_n_0
                         CARRY8 (Prop_CARRY8_DI[0]_CO[7])
                                                      0.139     9.928 r  u_accel/u_pool/g_fpu[2].u_fpu/e_reg[4][add_mag][7]_srl4_i_109/CO[7]
                         net (fo=1, unplaced)         0.005     9.933    u_accel/u_pool/g_fpu[2].u_fpu/e_reg[4][add_mag][7]_srl4_i_109_n_0
                         CARRY8 (Prop_CARRY8_CI_CO[7])
                                                      0.022     9.955 r  u_accel/u_pool/g_fpu[2].u_fpu/e_reg[4][add_mag][7]_srl4_i_92/CO[7]
                         net (fo=1, unplaced)         0.005     9.960    u_accel/u_pool/g_fpu[2].u_fpu/e_reg[4][add_mag][7]_srl4_i_92_n_0
                         CARRY8 (Prop_CARRY8_CI_CO[7])
                                                      0.022     9.982 r  u_accel/u_pool/g_fpu[2].u_fpu/e_reg[4][add_mag][7]_srl4_i_74/CO[7]
                         net (fo=1, unplaced)         0.005     9.987    u_accel/u_pool/g_fpu[2].u_fpu/e_reg[4][add_mag][7]_srl4_i_74_n_0
                         CARRY8 (Prop_CARRY8_CI_CO[7])
                                                      0.022    10.009 r  u_accel/u_pool/g_fpu[2].u_fpu/e_reg[4][add_mag][7]_srl4_i_37/CO[7]
                         net (fo=1, unplaced)         0.005    10.014    u_accel/u_pool/g_fpu[2].u_fpu/e_reg[4][add_mag][7]_srl4_i_37_n_0
                         CARRY8 (Prop_CARRY8_CI_CO[7])
                                                      0.022    10.036 r  u_accel/u_pool/g_fpu[2].u_fpu/e_reg[4][add_mag][7]_srl4_i_21/CO[7]
                         net (fo=1, unplaced)         0.005    10.041    u_accel/u_pool/g_fpu[2].u_fpu/e_reg[4][add_mag][7]_srl4_i_21_n_0
                         CARRY8 (Prop_CARRY8_CI_CO[7])
                                                      0.022    10.063 r  u_accel/u_pool/g_fpu[2].u_fpu/e_reg[4][add_mag][7]_srl4_i_25/CO[7]
                         net (fo=1, unplaced)         0.005    10.068    u_accel/u_pool/g_fpu[2].u_fpu/e_reg[4][add_mag][7]_srl4_i_25_n_0
                         CARRY8 (Prop_CARRY8_CI_O[0])
                                                      0.056    10.124 r  u_accel/u_pool/g_fpu[2].u_fpu/e_reg[4][add_mag][7]_srl4_i_71/O[0]
                         net (fo=1, unplaced)         0.186    10.310    u_accel/u_pool/g_fpu[2].u_fpu/e_reg[4][add_mag][7]_srl4_i_71_n_15
                         LUT6 (Prop_LUT6_I0_O)        0.038    10.348 f  u_accel/u_pool/g_fpu[2].u_fpu/e_reg[4][add_mag][7]_srl4_i_29/O
                         net (fo=1, unplaced)         0.186    10.534    u_accel/u_pool/g_fpu[2].u_fpu/e_reg[4][add_mag][7]_srl4_i_29_n_0
                         LUT5 (Prop_LUT5_I0_O)        0.038    10.572 f  u_accel/u_pool/g_fpu[2].u_fpu/e_reg[4][add_mag][7]_srl4_i_17/O
                         net (fo=1, unplaced)         0.186    10.758    u_accel/u_pool/g_fpu[2].u_fpu/e_reg[4][add_mag][7]_srl4_i_17_n_0
                         LUT6 (Prop_LUT6_I4_O)        0.038    10.796 r  u_accel/u_pool/g_fpu[2].u_fpu/e_reg[4][add_mag][7]_srl4_i_14/O
                         net (fo=1, unplaced)         0.186    10.982    u_accel/u_pool/g_fpu[2].u_fpu/e_reg[4][add_mag][7]_srl4_i_14_n_0
                         LUT4 (Prop_LUT4_I3_O)        0.038    11.020 r  u_accel/u_pool/g_fpu[2].u_fpu/e_reg[4][add_mag][7]_srl4_i_10/O
                         net (fo=1, unplaced)         0.020    11.040    u_accel/u_pool/g_fpu[2].u_fpu/e_reg[4][add_mag][7]_srl4_i_10_n_0
                         CARRY8 (Prop_CARRY8_S[0]_CO[7])
                                                      0.199    11.239 r  u_accel/u_pool/g_fpu[2].u_fpu/e_reg[4][add_mag][7]_srl4_i_1/CO[7]
                         net (fo=1, unplaced)         0.005    11.244    u_accel/u_pool/g_fpu[2].u_fpu/e_reg[4][add_mag][7]_srl4_i_1_n_0
                         CARRY8 (Prop_CARRY8_CI_CO[7])
                                                      0.022    11.266 r  u_accel/u_pool/g_fpu[2].u_fpu/e_reg[4][add_mag][15]_srl4_i_1/CO[7]
                         net (fo=1, unplaced)         0.005    11.271    u_accel/u_pool/g_fpu[2].u_fpu/e_reg[4][add_mag][15]_srl4_i_1_n_0
                         CARRY8 (Prop_CARRY8_CI_CO[7])
                                                      0.022    11.293 r  u_accel/u_pool/g_fpu[2].u_fpu/e_reg[4][add_mag][23]_srl4_i_1/CO[7]
                         net (fo=1, unplaced)         0.005    11.298    u_accel/u_pool/g_fpu[2].u_fpu/e_reg[4][add_mag][23]_srl4_i_1_n_0
                         CARRY8 (Prop_CARRY8_CI_O[2])
                                                      0.067    11.365 f  u_accel/u_pool/g_fpu[2].u_fpu/e_reg[4][add_mag][31]_srl4_i_1/O[2]
                         net (fo=2, unplaced)         0.188    11.553    u_accel/u_pool/g_fpu[2].u_fpu/e_reg[4][add_mag][31]_srl4_i_1_n_13
                         LUT4 (Prop_LUT4_I2_O)        0.090    11.643 f  u_accel/u_pool/g_fpu[2].u_fpu/e_reg[4][add_spec]_srl4_i_15/O
                         net (fo=1, unplaced)         0.186    11.829    u_accel/u_pool/g_fpu[2].u_fpu/e_reg[4][add_spec]_srl4_i_15_n_0
                         LUT5 (Prop_LUT5_I4_O)        0.038    11.867 f  u_accel/u_pool/g_fpu[2].u_fpu/e_reg[4][add_spec]_srl4_i_13/O
                         net (fo=1, unplaced)         0.186    12.053    u_accel/u_pool/g_fpu[2].u_fpu/e_reg[4][add_spec]_srl4_i_13_n_0
                         LUT6 (Prop_LUT6_I5_O)        0.038    12.091 f  u_accel/u_pool/g_fpu[2].u_fpu/e_reg[4][add_spec]_srl4_i_8/O
                         net (fo=1, unplaced)         0.186    12.277    u_accel/u_pool/g_fpu[2].u_fpu/e_reg[4][add_spec]_srl4_i_8_n_0
                         LUT6 (Prop_LUT6_I5_O)        0.038    12.315 r  u_accel/u_pool/g_fpu[2].u_fpu/e_reg[4][add_spec]_srl4_i_4/O
                         net (fo=1, unplaced)         0.186    12.501    u_accel/u_pool/g_fpu[2].u_fpu/e_reg[4][add_spec]_srl4_i_4_n_0
                         LUT4 (Prop_LUT4_I3_O)        0.070    12.571 r  u_accel/u_pool/g_fpu[2].u_fpu/e_reg[4][add_spec]_srl4_i_1/O
                         net (fo=1, unplaced)         0.228    12.799    u_accel/u_pool/g_fpu[2].u_fpu/e_reg[4][add_spec]_srl4_i_1_n_0
                         SRL16E                                       r  u_accel/u_pool/g_fpu[2].u_fpu/e_reg[4][add_spec]_srl4/D
  -------------------------------------------------------------------    -------------------

                         (clock clk rise edge)       10.000    10.000 r  
    E4                                                0.000    10.000 r  clk (IN)
                         net (fo=0)                   0.000    10.000    clk_IBUF_inst/I
    E4                   INBUF (Prop_INBUF_HDIOB_M_PAD_O)
                                                      0.533    10.533 r  clk_IBUF_inst/INBUF_INST/O
                         net (fo=1, routed)           0.000    10.533    clk_IBUF_inst/OUT
    E4                   IBUFCTRL (Prop_IBUFCTRL_HDIOB_M_I_O)
                                                      0.000    10.533 r  clk_IBUF_inst/IBUFCTRL_INST/O
                         net (fo=1, unplaced)         0.690    11.223    clk_IBUF
                         BUFGCE (Prop_BUFGCE_I_O)     0.024    11.247 r  clk_IBUF_BUFG_inst/O
                         net (fo=26398, unplaced)     2.439    13.686    u_accel/u_pool/g_fpu[2].u_fpu/clk
                         SRL16E                                       r  u_accel/u_pool/g_fpu[2].u_fpu/e_reg[4][add_spec]_srl4/CLK
                         clock pessimism              0.757    14.443    
                         clock uncertainty           -0.035    14.408    
                         SRL16E (Setup_SRL16E_CLK_D)
                                                     -0.060    14.348    u_accel/u_pool/g_fpu[2].u_fpu/e_reg[4][add_spec]_srl4
  -------------------------------------------------------------------
                         required time                         14.348    
                         arrival time                         -12.799    
  -------------------------------------------------------------------
                         slack                                  1.549    

Slack (MET) :             1.549ns  (required time - arrival time)
  Source:                 u_accel/u_pool/q_frv1_reg[3][29]/C
                            (rising edge-triggered cell FDRE clocked by clk  {rise@0.000ns fall@5.000ns period=10.000ns})
  Destination:            u_accel/u_pool/g_fpu[3].u_fpu/e_reg[4][add_spec]_srl4/D
                            (rising edge-triggered cell SRL16E clocked by clk  {rise@0.000ns fall@5.000ns period=10.000ns})
  Path Group:             clk
  Path Type:              Setup (Max at Slow Process Corner)
  Requirement:            10.000ns  (clk rise@10.000ns - clk rise@0.000ns)
  Data Path Delay:        8.211ns  (logic 2.417ns (29.436%)  route 5.794ns (70.564%))
  Logic Levels:           37  (CARRY8=12 LUT2=3 LUT3=4 LUT4=6 LUT5=4 LUT6=8)
  Clock Path Skew:        -0.145ns (DCD - SCD + CPR)
    Destination Clock Delay (DCD):    3.686ns = ( 13.686 - 10.000 ) 
    Source Clock Delay      (SCD):    4.588ns
    Clock Pessimism Removal (CPR):    0.757ns
  Clock Uncertainty:      0.035ns  ((TSJ^2 + TIJ^2)^1/2 + DJ) / 2 + PE
    Total System Jitter     (TSJ):    0.071ns
    Total Input Jitter      (TIJ):    0.000ns
    Discrete Jitter          (DJ):    0.000ns
    Phase Error              (PE):    0.000ns

    Location             Delay type                Incr(ns)  Path(ns)    Netlist Resource(s)
  -------------------------------------------------------------------    -------------------
                         (clock clk rise edge)        0.000     0.000 r  
    E4                                                0.000     0.000 r  clk (IN)
                         net (fo=0)                   0.000     0.000    clk_IBUF_inst/I
    E4                   INBUF (Prop_INBUF_HDIOB_M_PAD_O)
                                                      1.040     1.040 r  clk_IBUF_inst/INBUF_INST/O
                         net (fo=1, routed)           0.000     1.040    clk_IBUF_inst/OUT
    E4                   IBUFCTRL (Prop_IBUFCTRL_HDIOB_M_I_O)
                                                      0.000     1.040 r  clk_IBUF_inst/IBUFCTRL_INST/O
                         net (fo=1, unplaced)         0.936     1.976    clk_IBUF
                         BUFGCE (Prop_BUFGCE_I_O)     0.028     2.004 r  clk_IBUF_BUFG_inst/O
                         net (fo=26398, unplaced)     2.584     4.588    u_accel/u_pool/clk
                         FDRE                                         r  u_accel/u_pool/q_frv1_reg[3][29]/C
  -------------------------------------------------------------------    -------------------
                         FDRE (Prop_FDRE_C_Q)         0.077     4.665 f  u_accel/u_pool/q_frv1_reg[3][29]/Q
                         net (fo=4, unplaced)         0.166     4.831    u_accel/u_pool/g_fpu[3].u_fpu/a[29]
                         LUT6 (Prop_LUT6_I0_O)        0.150     4.981 r  u_accel/u_pool/g_fpu[3].u_fpu/e_reg[4][sgnj_h][14]_srl4_i_8/O
                         net (fo=1, unplaced)         0.186     5.167    u_accel/u_pool/g_fpu[3].u_fpu/e_reg[4][sgnj_h][14]_srl4_i_8_n_0
                         LUT2 (Prop_LUT2_I1_O)        0.038     5.205 f  u_accel/u_pool/g_fpu[3].u_fpu/e_reg[4][sgnj_h][14]_srl4_i_5/O
                         net (fo=5, unplaced)         0.204     5.409    u_accel/u_pool/g_fpu[3].u_fpu/e_reg[4][sgnj_h][14]_srl4_i_5_n_0
                         LUT2 (Prop_LUT2_I1_O)        0.038     5.447 r  u_accel/u_pool/g_fpu[3].u_fpu/e[1][minmax_h][0]_i_2/O
                         net (fo=20, unplaced)        0.235     5.682    u_accel/u_pool/g_fpu[3].u_fpu/e[1][minmax_h][0]_i_2_n_0
                         LUT3 (Prop_LUT3_I0_O)        0.070     5.752 r  u_accel/u_pool/g_fpu[3].u_fpu/e_reg[4][sgnj_h][12]_srl4_i_1/O
                         net (fo=5, unplaced)         0.204     5.956    u_accel/u_pool/g_fpu[3].u_fpu/p_0_in[2]
                         LUT3 (Prop_LUT3_I2_O)        0.070     6.026 f  u_accel/u_pool/g_fpu[3].u_fpu/e_reg[4][opa][24]_srl4_i_5/O
                         net (fo=2, unplaced)         0.186     6.212    u_accel/u_pool/g_fpu[3].u_fpu/e_reg[4][opa][24]_srl4_i_5_n_0
                         LUT6 (Prop_LUT6_I1_O)        0.038     6.250 f  u_accel/u_pool/g_fpu[3].u_fpu/e_reg[4][opa][24]_srl4_i_3/O
                         net (fo=18, unplaced)        0.233     6.483    u_accel/u_pool/g_fpu[3].u_fpu/e_reg[4][opa][24]_srl4_i_3_n_0
                         LUT5 (Prop_LUT5_I2_O)        0.038     6.521 r  u_accel/u_pool/g_fpu[3].u_fpu/e_reg[4][opa][24]_srl4_i_1/O
                         net (fo=59, unplaced)        0.214     6.735    u_accel/u_pool/g_fpu[3].u_fpu/e_reg[4][opa][24]_srl4_i_1_n_0
                         LUT4 (Prop_LUT4_I0_O)        0.139     6.874 f  u_accel/u_pool/g_fpu[3].u_fpu/prod2_reg_i_57/O
                         net (fo=1, unplaced)         0.186     7.060    u_accel/u_pool/g_fpu[3].u_fpu/prod2_reg_i_57_n_0
                         LUT5 (Prop_LUT5_I0_O)        0.038     7.098 f  u_accel/u_pool/g_fpu[3].u_fpu/prod2_reg_i_42/O
                         net (fo=148, unplaced)       0.280     7.378    u_accel/u_pool/g_fpu[3].u_fpu/prod2_reg_i_42_n_0
                         LUT2 (Prop_LUT2_I1_O)        0.070     7.448 r  u_accel/u_pool/g_fpu[3].u_fpu/prod3_reg_i_7/O
                         net (fo=22, unplaced)        0.237     7.685    u_accel/u_pool/g_fpu[3].u_fpu/prod3_reg_i_7_n_0
                         LUT4 (Prop_LUT4_I3_O)        0.070     7.755 r  u_accel/u_pool/g_fpu[3].u_fpu/e_reg[4][add_ebig][7]_srl4_i_12/O
                         net (fo=1, unplaced)         0.260     8.015    u_accel/u_pool/g_fpu[3].u_fpu/e_reg[4][add_ebig][7]_srl4_i_12_n_0
                         CARRY8 (Prop_CARRY8_DI[0]_CO[3])
                                                      0.182     8.197 r  u_accel/u_pool/g_fpu[3].u_fpu/e_reg[4][add_ebig][7]_srl4_i_3/CO[3]
                         net (fo=1, unplaced)         0.091     8.288    u_accel/u_pool/g_fpu[3].u_fpu/p_73_in
                         LUT6 (Prop_LUT6_I1_O)        0.038     8.326 r  u_accel/u_pool/g_fpu[3].u_fpu/e_reg[4][add_ebig][7]_srl4_i_2/O
                         net (fo=96, unplaced)        0.271     8.597    u_accel/u_pool/g_fpu[3].u_fpu/e_reg[4][add_ebig][7]_srl4_i_2_n_0
                         LUT3 (Prop_LUT3_I1_O)        0.070     8.667 r  u_accel/u_pool/g_fpu[3].u_fpu/e_reg[4][add_mag][47]_srl4_i_45/O
                         net (fo=1, unplaced)         0.140     8.807    u_accel/u_pool/g_fpu[3].u_fpu/e_reg[4][add_mag][47]_srl4_i_45_n_0
                         LUT6 (Prop_LUT6_I1_O)        0.090     8.897 f  u_accel/u_pool/g_fpu[3].u_fpu/e_reg[4][add_mag][47]_srl4_i_25/O
                         net (fo=114, unplaced)       0.228     9.125    u_accel/u_pool/g_fpu[3].u_fpu/e_reg[4][add_mag][47]_srl4_i_25_n_0
                         LUT3 (Prop_LUT3_I0_O)        0.090     9.215 f  u_accel/u_pool/g_fpu[3].u_fpu/e_reg[4][add_mag][50]_srl4_i_7/O
                         net (fo=30, unplaced)        0.244     9.459    u_accel/u_pool/g_fpu[3].u_fpu/e_reg[4][add_mag][50]_srl4_i_7_n_0
                         LUT4 (Prop_LUT4_I3_O)        0.070     9.529 r  u_accel/u_pool/g_fpu[3].u_fpu/e_reg[4][add_mag][7]_srl4_i_134/O
                         net (fo=1, unplaced)         0.260     9.789    u_accel/u_pool/g_fpu[3].u_fpu/e_reg[4][add_mag][7]_srl4_i_134_n_0
                         CARRY8 (Prop_CARRY8_DI[0]_CO[7])
                                                      0.139     9.928 r  u_accel/u_pool/g_fpu[3].u_fpu/e_reg[4][add_mag][7]_srl4_i_109/CO[7]
                         net (fo=1, unplaced)         0.005     9.933    u_accel/u_pool/g_fpu[3].u_fpu/e_reg[4][add_mag][7]_srl4_i_109_n_0
                         CARRY8 (Prop_CARRY8_CI_CO[7])
                                                      0.022     9.955 r  u_accel/u_pool/g_fpu[3].u_fpu/e_reg[4][add_mag][7]_srl4_i_92/CO[7]
                         net (fo=1, unplaced)         0.005     9.960    u_accel/u_pool/g_fpu[3].u_fpu/e_reg[4][add_mag][7]_srl4_i_92_n_0
                         CARRY8 (Prop_CARRY8_CI_CO[7])
                                                      0.022     9.982 r  u_accel/u_pool/g_fpu[3].u_fpu/e_reg[4][add_mag][7]_srl4_i_74/CO[7]
                         net (fo=1, unplaced)         0.005     9.987    u_accel/u_pool/g_fpu[3].u_fpu/e_reg[4][add_mag][7]_srl4_i_74_n_0
                         CARRY8 (Prop_CARRY8_CI_CO[7])
                                                      0.022    10.009 r  u_accel/u_pool/g_fpu[3].u_fpu/e_reg[4][add_mag][7]_srl4_i_37/CO[7]
                         net (fo=1, unplaced)         0.005    10.014    u_accel/u_pool/g_fpu[3].u_fpu/e_reg[4][add_mag][7]_srl4_i_37_n_0
                         CARRY8 (Prop_CARRY8_CI_CO[7])
                                                      0.022    10.036 r  u_accel/u_pool/g_fpu[3].u_fpu/e_reg[4][add_mag][7]_srl4_i_21/CO[7]
                         net (fo=1, unplaced)         0.005    10.041    u_accel/u_pool/g_fpu[3].u_fpu/e_reg[4][add_mag][7]_srl4_i_21_n_0
                         CARRY8 (Prop_CARRY8_CI_CO[7])
                                                      0.022    10.063 r  u_accel/u_pool/g_fpu[3].u_fpu/e_reg[4][add_mag][7]_srl4_i_25/CO[7]
                         net (fo=1, unplaced)         0.005    10.068    u_accel/u_pool/g_fpu[3].u_fpu/e_reg[4][add_mag][7]_srl4_i_25_n_0
                         CARRY8 (Prop_CARRY8_CI_O[0])
                                                      0.056    10.124 r  u_accel/u_pool/g_fpu[3].u_fpu/e_reg[4][add_mag][7]_srl4_i_71/O[0]
                         net (fo=1, unplaced)         0.186    10.310    u_accel/u_pool/g_fpu[3].u_fpu/e_reg[4][add_mag][7]_srl4_i_71_n_15
                         LUT6 (Prop_LUT6_I0_O)        0.038    10.348 f  u_accel/u_pool/g_fpu[3].u_fpu/e_reg[4][add_mag][7]_srl4_i_29/O
                         net (fo=1, unplaced)         0.186    10.534    u_accel/u_pool/g_fpu[3].u_fpu/e_reg[4][add_mag][7]_srl4_i_29_n_0
                         LUT5 (Prop_LUT5_I0_O)        0.038    10.572 f  u_accel/u_pool/g_fpu[3].u_fpu/e_reg[4][add_mag][7]_srl4_i_17/O
                         net (fo=1, unplaced)         0.186    10.758    u_accel/u_pool/g_fpu[3].u_fpu/e_reg[4][add_mag][7]_srl4_i_17_n_0
                         LUT6 (Prop_LUT6_I4_O)        0.038    10.796 r  u_accel/u_pool/g_fpu[3].u_fpu/e_reg[4][add_mag][7]_srl4_i_14/O
                         net (fo=1, unplaced)         0.186    10.982    u_accel/u_pool/g_fpu[3].u_fpu/e_reg[4][add_mag][7]_srl4_i_14_n_0
                         LUT4 (Prop_LUT4_I3_O)        0.038    11.020 r  u_accel/u_pool/g_fpu[3].u_fpu/e_reg[4][add_mag][7]_srl4_i_10/O
                         net (fo=1, unplaced)         0.020    11.040    u_accel/u_pool/g_fpu[3].u_fpu/e_reg[4][add_mag][7]_srl4_i_10_n_0
                         CARRY8 (Prop_CARRY8_S[0]_CO[7])
                                                      0.199    11.239 r  u_accel/u_pool/g_fpu[3].u_fpu/e_reg[4][add_mag][7]_srl4_i_1/CO[7]
                         net (fo=1, unplaced)         0.005    11.244    u_accel/u_pool/g_fpu[3].u_fpu/e_reg[4][add_mag][7]_srl4_i_1_n_0
                         CARRY8 (Prop_CARRY8_CI_CO[7])
                                                      0.022    11.266 r  u_accel/u_pool/g_fpu[3].u_fpu/e_reg[4][add_mag][15]_srl4_i_1/CO[7]
                         net (fo=1, unplaced)         0.005    11.271    u_accel/u_pool/g_fpu[3].u_fpu/e_reg[4][add_mag][15]_srl4_i_1_n_0
                         CARRY8 (Prop_CARRY8_CI_CO[7])
                                                      0.022    11.293 r  u_accel/u_pool/g_fpu[3].u_fpu/e_reg[4][add_mag][23]_srl4_i_1/CO[7]
                         net (fo=1, unplaced)         0.005    11.298    u_accel/u_pool/g_fpu[3].u_fpu/e_reg[4][add_mag][23]_srl4_i_1_n_0
                         CARRY8 (Prop_CARRY8_CI_O[2])
                                                      0.067    11.365 f  u_accel/u_pool/g_fpu[3].u_fpu/e_reg[4][add_mag][31]_srl4_i_1/O[2]
                         net (fo=2, unplaced)         0.188    11.553    u_accel/u_pool/g_fpu[3].u_fpu/e_reg[4][add_mag][31]_srl4_i_1_n_13
                         LUT4 (Prop_LUT4_I2_O)        0.090    11.643 f  u_accel/u_pool/g_fpu[3].u_fpu/e_reg[4][add_spec]_srl4_i_15/O
                         net (fo=1, unplaced)         0.186    11.829    u_accel/u_pool/g_fpu[3].u_fpu/e_reg[4][add_spec]_srl4_i_15_n_0
                         LUT5 (Prop_LUT5_I4_O)        0.038    11.867 f  u_accel/u_pool/g_fpu[3].u_fpu/e_reg[4][add_spec]_srl4_i_13/O
                         net (fo=1, unplaced)         0.186    12.053    u_accel/u_pool/g_fpu[3].u_fpu/e_reg[4][add_spec]_srl4_i_13_n_0
                         LUT6 (Prop_LUT6_I5_O)        0.038    12.091 f  u_accel/u_pool/g_fpu[3].u_fpu/e_reg[4][add_spec]_srl4_i_8/O
                         net (fo=1, unplaced)         0.186    12.277    u_accel/u_pool/g_fpu[3].u_fpu/e_reg[4][add_spec]_srl4_i_8_n_0
                         LUT6 (Prop_LUT6_I5_O)        0.038    12.315 r  u_accel/u_pool/g_fpu[3].u_fpu/e_reg[4][add_spec]_srl4_i_4/O
                         net (fo=1, unplaced)         0.186    12.501    u_accel/u_pool/g_fpu[3].u_fpu/e_reg[4][add_spec]_srl4_i_4_n_0
                         LUT4 (Prop_LUT4_I3_O)        0.070    12.571 r  u_accel/u_pool/g_fpu[3].u_fpu/e_reg[4][add_spec]_srl4_i_1/O
                         net (fo=1, unplaced)         0.228    12.799    u_accel/u_pool/g_fpu[3].u_fpu/e_reg[4][add_spec]_srl4_i_1_n_0
                         SRL16E                                       r  u_accel/u_pool/g_fpu[3].u_fpu/e_reg[4][add_spec]_srl4/D
  -------------------------------------------------------------------    -------------------

                         (clock clk rise edge)       10.000    10.000 r  
    E4                                                0.000    10.000 r  clk (IN)
                         net (fo=0)                   0.000    10.000    clk_IBUF_inst/I
    E4                   INBUF (Prop_INBUF_HDIOB_M_PAD_O)
                                                      0.533    10.533 r  clk_IBUF_inst/INBUF_INST/O
                         net (fo=1, routed)           0.000    10.533    clk_IBUF_inst/OUT
    E4                   IBUFCTRL (Prop_IBUFCTRL_HDIOB_M_I_O)
                                                      0.000    10.533 r  clk_IBUF_inst/IBUFCTRL_INST/O
                         net (fo=1, unplaced)         0.690    11.223    clk_IBUF
                         BUFGCE (Prop_BUFGCE_I_O)     0.024    11.247 r  clk_IBUF_BUFG_inst/O
                         net (fo=26398, unplaced)     2.439    13.686    u_accel/u_pool/g_fpu[3].u_fpu/clk
                         SRL16E                                       r  u_accel/u_pool/g_fpu[3].u_fpu/e_reg[4][add_spec]_srl4/CLK
                         clock pessimism              0.757    14.443    
                         clock uncertainty           -0.035    14.408    
                         SRL16E (Setup_SRL16E_CLK_D)
                                                     -0.060    14.348    u_accel/u_pool/g_fpu[3].u_fpu/e_reg[4][add_spec]_srl4
  -------------------------------------------------------------------
                         required time                         14.348    
                         arrival time                         -12.799    
  -------------------------------------------------------------------
                         slack                                  1.549    

Slack (MET) :             1.549ns  (required time - arrival time)
  Source:                 u_accel/u_pool/q_frv1_reg[4][29]/C
                            (rising edge-triggered cell FDRE clocked by clk  {rise@0.000ns fall@5.000ns period=10.000ns})
  Destination:            u_accel/u_pool/g_fpu[4].u_fpu/e_reg[4][add_spec]_srl4/D
                            (rising edge-triggered cell SRL16E clocked by clk  {rise@0.000ns fall@5.000ns period=10.000ns})
  Path Group:             clk
  Path Type:              Setup (Max at Slow Process Corner)
  Requirement:            10.000ns  (clk rise@10.000ns - clk rise@0.000ns)
  Data Path Delay:        8.211ns  (logic 2.417ns (29.436%)  route 5.794ns (70.564%))
  Logic Levels:           37  (CARRY8=12 LUT2=3 LUT3=4 LUT4=6 LUT5=4 LUT6=8)
  Clock Path Skew:        -0.145ns (DCD - SCD + CPR)
    Destination Clock Delay (DCD):    3.686ns = ( 13.686 - 10.000 ) 
    Source Clock Delay      (SCD):    4.588ns
    Clock Pessimism Removal (CPR):    0.757ns
  Clock Uncertainty:      0.035ns  ((TSJ^2 + TIJ^2)^1/2 + DJ) / 2 + PE
    Total System Jitter     (TSJ):    0.071ns
    Total Input Jitter      (TIJ):    0.000ns
    Discrete Jitter          (DJ):    0.000ns
    Phase Error              (PE):    0.000ns

    Location             Delay type                Incr(ns)  Path(ns)    Netlist Resource(s)
  -------------------------------------------------------------------    -------------------
                         (clock clk rise edge)        0.000     0.000 r  
    E4                                                0.000     0.000 r  clk (IN)
                         net (fo=0)                   0.000     0.000    clk_IBUF_inst/I
    E4                   INBUF (Prop_INBUF_HDIOB_M_PAD_O)
                                                      1.040     1.040 r  clk_IBUF_inst/INBUF_INST/O
                         net (fo=1, routed)           0.000     1.040    clk_IBUF_inst/OUT
    E4                   IBUFCTRL (Prop_IBUFCTRL_HDIOB_M_I_O)
                                                      0.000     1.040 r  clk_IBUF_inst/IBUFCTRL_INST/O
                         net (fo=1, unplaced)         0.936     1.976    clk_IBUF
                         BUFGCE (Prop_BUFGCE_I_O)     0.028     2.004 r  clk_IBUF_BUFG_inst/O
                         net (fo=26398, unplaced)     2.584     4.588    u_accel/u_pool/clk
                         FDRE                                         r  u_accel/u_pool/q_frv1_reg[4][29]/C
  -------------------------------------------------------------------    -------------------
                         FDRE (Prop_FDRE_C_Q)         0.077     4.665 f  u_accel/u_pool/q_frv1_reg[4][29]/Q
                         net (fo=4, unplaced)         0.166     4.831    u_accel/u_pool/g_fpu[4].u_fpu/a[29]
                         LUT6 (Prop_LUT6_I0_O)        0.150     4.981 r  u_accel/u_pool/g_fpu[4].u_fpu/e_reg[4][sgnj_h][14]_srl4_i_8/O
                         net (fo=1, unplaced)         0.186     5.167    u_accel/u_pool/g_fpu[4].u_fpu/e_reg[4][sgnj_h][14]_srl4_i_8_n_0
                         LUT2 (Prop_LUT2_I1_O)        0.038     5.205 f  u_accel/u_pool/g_fpu[4].u_fpu/e_reg[4][sgnj_h][14]_srl4_i_5/O
                         net (fo=5, unplaced)         0.204     5.409    u_accel/u_pool/g_fpu[4].u_fpu/e_reg[4][sgnj_h][14]_srl4_i_5_n_0
                         LUT2 (Prop_LUT2_I1_O)        0.038     5.447 r  u_accel/u_pool/g_fpu[4].u_fpu/e[1][minmax_h][0]_i_2/O
                         net (fo=20, unplaced)        0.235     5.682    u_accel/u_pool/g_fpu[4].u_fpu/e[1][minmax_h][0]_i_2_n_0
                         LUT3 (Prop_LUT3_I0_O)        0.070     5.752 r  u_accel/u_pool/g_fpu[4].u_fpu/e_reg[4][sgnj_h][12]_srl4_i_1/O
                         net (fo=5, unplaced)         0.204     5.956    u_accel/u_pool/g_fpu[4].u_fpu/p_0_in[2]
                         LUT3 (Prop_LUT3_I2_O)        0.070     6.026 f  u_accel/u_pool/g_fpu[4].u_fpu/e_reg[4][opa][24]_srl4_i_5/O
                         net (fo=2, unplaced)         0.186     6.212    u_accel/u_pool/g_fpu[4].u_fpu/e_reg[4][opa][24]_srl4_i_5_n_0
                         LUT6 (Prop_LUT6_I1_O)        0.038     6.250 f  u_accel/u_pool/g_fpu[4].u_fpu/e_reg[4][opa][24]_srl4_i_3/O
                         net (fo=18, unplaced)        0.233     6.483    u_accel/u_pool/g_fpu[4].u_fpu/e_reg[4][opa][24]_srl4_i_3_n_0
                         LUT5 (Prop_LUT5_I2_O)        0.038     6.521 r  u_accel/u_pool/g_fpu[4].u_fpu/e_reg[4][opa][24]_srl4_i_1/O
                         net (fo=59, unplaced)        0.214     6.735    u_accel/u_pool/g_fpu[4].u_fpu/e_reg[4][opa][24]_srl4_i_1_n_0
                         LUT4 (Prop_LUT4_I0_O)        0.139     6.874 f  u_accel/u_pool/g_fpu[4].u_fpu/prod2_reg_i_57/O
                         net (fo=1, unplaced)         0.186     7.060    u_accel/u_pool/g_fpu[4].u_fpu/prod2_reg_i_57_n_0
                         LUT5 (Prop_LUT5_I0_O)        0.038     7.098 f  u_accel/u_pool/g_fpu[4].u_fpu/prod2_reg_i_42/O
                         net (fo=148, unplaced)       0.280     7.378    u_accel/u_pool/g_fpu[4].u_fpu/prod2_reg_i_42_n_0
                         LUT2 (Prop_LUT2_I1_O)        0.070     7.448 r  u_accel/u_pool/g_fpu[4].u_fpu/prod3_reg_i_7/O
                         net (fo=22, unplaced)        0.237     7.685    u_accel/u_pool/g_fpu[4].u_fpu/prod3_reg_i_7_n_0
                         LUT4 (Prop_LUT4_I3_O)        0.070     7.755 r  u_accel/u_pool/g_fpu[4].u_fpu/e_reg[4][add_ebig][7]_srl4_i_12/O
                         net (fo=1, unplaced)         0.260     8.015    u_accel/u_pool/g_fpu[4].u_fpu/e_reg[4][add_ebig][7]_srl4_i_12_n_0
                         CARRY8 (Prop_CARRY8_DI[0]_CO[3])
                                                      0.182     8.197 r  u_accel/u_pool/g_fpu[4].u_fpu/e_reg[4][add_ebig][7]_srl4_i_3/CO[3]
                         net (fo=1, unplaced)         0.091     8.288    u_accel/u_pool/g_fpu[4].u_fpu/p_73_in
                         LUT6 (Prop_LUT6_I1_O)        0.038     8.326 r  u_accel/u_pool/g_fpu[4].u_fpu/e_reg[4][add_ebig][7]_srl4_i_2/O
                         net (fo=96, unplaced)        0.271     8.597    u_accel/u_pool/g_fpu[4].u_fpu/e_reg[4][add_ebig][7]_srl4_i_2_n_0
                         LUT3 (Prop_LUT3_I1_O)        0.070     8.667 r  u_accel/u_pool/g_fpu[4].u_fpu/e_reg[4][add_mag][47]_srl4_i_45/O
                         net (fo=1, unplaced)         0.140     8.807    u_accel/u_pool/g_fpu[4].u_fpu/e_reg[4][add_mag][47]_srl4_i_45_n_0
                         LUT6 (Prop_LUT6_I1_O)        0.090     8.897 f  u_accel/u_pool/g_fpu[4].u_fpu/e_reg[4][add_mag][47]_srl4_i_25/O
                         net (fo=114, unplaced)       0.228     9.125    u_accel/u_pool/g_fpu[4].u_fpu/e_reg[4][add_mag][47]_srl4_i_25_n_0
                         LUT3 (Prop_LUT3_I0_O)        0.090     9.215 f  u_accel/u_pool/g_fpu[4].u_fpu/e_reg[4][add_mag][50]_srl4_i_7/O
                         net (fo=30, unplaced)        0.244     9.459    u_accel/u_pool/g_fpu[4].u_fpu/e_reg[4][add_mag][50]_srl4_i_7_n_0
                         LUT4 (Prop_LUT4_I3_O)        0.070     9.529 r  u_accel/u_pool/g_fpu[4].u_fpu/e_reg[4][add_mag][7]_srl4_i_134/O
                         net (fo=1, unplaced)         0.260     9.789    u_accel/u_pool/g_fpu[4].u_fpu/e_reg[4][add_mag][7]_srl4_i_134_n_0
                         CARRY8 (Prop_CARRY8_DI[0]_CO[7])
                                                      0.139     9.928 r  u_accel/u_pool/g_fpu[4].u_fpu/e_reg[4][add_mag][7]_srl4_i_109/CO[7]
                         net (fo=1, unplaced)         0.005     9.933    u_accel/u_pool/g_fpu[4].u_fpu/e_reg[4][add_mag][7]_srl4_i_109_n_0
                         CARRY8 (Prop_CARRY8_CI_CO[7])
                                                      0.022     9.955 r  u_accel/u_pool/g_fpu[4].u_fpu/e_reg[4][add_mag][7]_srl4_i_92/CO[7]
                         net (fo=1, unplaced)         0.005     9.960    u_accel/u_pool/g_fpu[4].u_fpu/e_reg[4][add_mag][7]_srl4_i_92_n_0
                         CARRY8 (Prop_CARRY8_CI_CO[7])
                                                      0.022     9.982 r  u_accel/u_pool/g_fpu[4].u_fpu/e_reg[4][add_mag][7]_srl4_i_74/CO[7]
                         net (fo=1, unplaced)         0.005     9.987    u_accel/u_pool/g_fpu[4].u_fpu/e_reg[4][add_mag][7]_srl4_i_74_n_0
                         CARRY8 (Prop_CARRY8_CI_CO[7])
                                                      0.022    10.009 r  u_accel/u_pool/g_fpu[4].u_fpu/e_reg[4][add_mag][7]_srl4_i_37/CO[7]
                         net (fo=1, unplaced)         0.005    10.014    u_accel/u_pool/g_fpu[4].u_fpu/e_reg[4][add_mag][7]_srl4_i_37_n_0
                         CARRY8 (Prop_CARRY8_CI_CO[7])
                                                      0.022    10.036 r  u_accel/u_pool/g_fpu[4].u_fpu/e_reg[4][add_mag][7]_srl4_i_21/CO[7]
                         net (fo=1, unplaced)         0.005    10.041    u_accel/u_pool/g_fpu[4].u_fpu/e_reg[4][add_mag][7]_srl4_i_21_n_0
                         CARRY8 (Prop_CARRY8_CI_CO[7])
                                                      0.022    10.063 r  u_accel/u_pool/g_fpu[4].u_fpu/e_reg[4][add_mag][7]_srl4_i_25/CO[7]
                         net (fo=1, unplaced)         0.005    10.068    u_accel/u_pool/g_fpu[4].u_fpu/e_reg[4][add_mag][7]_srl4_i_25_n_0
                         CARRY8 (Prop_CARRY8_CI_O[0])
                                                      0.056    10.124 r  u_accel/u_pool/g_fpu[4].u_fpu/e_reg[4][add_mag][7]_srl4_i_71/O[0]
                         net (fo=1, unplaced)         0.186    10.310    u_accel/u_pool/g_fpu[4].u_fpu/e_reg[4][add_mag][7]_srl4_i_71_n_15
                         LUT6 (Prop_LUT6_I0_O)        0.038    10.348 f  u_accel/u_pool/g_fpu[4].u_fpu/e_reg[4][add_mag][7]_srl4_i_29/O
                         net (fo=1, unplaced)         0.186    10.534    u_accel/u_pool/g_fpu[4].u_fpu/e_reg[4][add_mag][7]_srl4_i_29_n_0
                         LUT5 (Prop_LUT5_I0_O)        0.038    10.572 f  u_accel/u_pool/g_fpu[4].u_fpu/e_reg[4][add_mag][7]_srl4_i_17/O
                         net (fo=1, unplaced)         0.186    10.758    u_accel/u_pool/g_fpu[4].u_fpu/e_reg[4][add_mag][7]_srl4_i_17_n_0
                         LUT6 (Prop_LUT6_I4_O)        0.038    10.796 r  u_accel/u_pool/g_fpu[4].u_fpu/e_reg[4][add_mag][7]_srl4_i_14/O
                         net (fo=1, unplaced)         0.186    10.982    u_accel/u_pool/g_fpu[4].u_fpu/e_reg[4][add_mag][7]_srl4_i_14_n_0
                         LUT4 (Prop_LUT4_I3_O)        0.038    11.020 r  u_accel/u_pool/g_fpu[4].u_fpu/e_reg[4][add_mag][7]_srl4_i_10/O
                         net (fo=1, unplaced)         0.020    11.040    u_accel/u_pool/g_fpu[4].u_fpu/e_reg[4][add_mag][7]_srl4_i_10_n_0
                         CARRY8 (Prop_CARRY8_S[0]_CO[7])
                                                      0.199    11.239 r  u_accel/u_pool/g_fpu[4].u_fpu/e_reg[4][add_mag][7]_srl4_i_1/CO[7]
                         net (fo=1, unplaced)         0.005    11.244    u_accel/u_pool/g_fpu[4].u_fpu/e_reg[4][add_mag][7]_srl4_i_1_n_0
                         CARRY8 (Prop_CARRY8_CI_CO[7])
                                                      0.022    11.266 r  u_accel/u_pool/g_fpu[4].u_fpu/e_reg[4][add_mag][15]_srl4_i_1/CO[7]
                         net (fo=1, unplaced)         0.005    11.271    u_accel/u_pool/g_fpu[4].u_fpu/e_reg[4][add_mag][15]_srl4_i_1_n_0
                         CARRY8 (Prop_CARRY8_CI_CO[7])
                                                      0.022    11.293 r  u_accel/u_pool/g_fpu[4].u_fpu/e_reg[4][add_mag][23]_srl4_i_1/CO[7]
                         net (fo=1, unplaced)         0.005    11.298    u_accel/u_pool/g_fpu[4].u_fpu/e_reg[4][add_mag][23]_srl4_i_1_n_0
                         CARRY8 (Prop_CARRY8_CI_O[2])
                                                      0.067    11.365 f  u_accel/u_pool/g_fpu[4].u_fpu/e_reg[4][add_mag][31]_srl4_i_1/O[2]
                         net (fo=2, unplaced)         0.188    11.553    u_accel/u_pool/g_fpu[4].u_fpu/e_reg[4][add_mag][31]_srl4_i_1_n_13
                         LUT4 (Prop_LUT4_I2_O)        0.090    11.643 f  u_accel/u_pool/g_fpu[4].u_fpu/e_reg[4][add_spec]_srl4_i_15/O
                         net (fo=1, unplaced)         0.186    11.829    u_accel/u_pool/g_fpu[4].u_fpu/e_reg[4][add_spec]_srl4_i_15_n_0
                         LUT5 (Prop_LUT5_I4_O)        0.038    11.867 f  u_accel/u_pool/g_fpu[4].u_fpu/e_reg[4][add_spec]_srl4_i_13/O
                         net (fo=1, unplaced)         0.186    12.053    u_accel/u_pool/g_fpu[4].u_fpu/e_reg[4][add_spec]_srl4_i_13_n_0
                         LUT6 (Prop_LUT6_I5_O)        0.038    12.091 f  u_accel/u_pool/g_fpu[4].u_fpu/e_reg[4][add_spec]_srl4_i_8/O
                         net (fo=1, unplaced)         0.186    12.277    u_accel/u_pool/g_fpu[4].u_fpu/e_reg[4][add_spec]_srl4_i_8_n_0
                         LUT6 (Prop_LUT6_I5_O)        0.038    12.315 r  u_accel/u_pool/g_fpu[4].u_fpu/e_reg[4][add_spec]_srl4_i_4/O
                         net (fo=1, unplaced)         0.186    12.501    u_accel/u_pool/g_fpu[4].u_fpu/e_reg[4][add_spec]_srl4_i_4_n_0
                         LUT4 (Prop_LUT4_I3_O)        0.070    12.571 r  u_accel/u_pool/g_fpu[4].u_fpu/e_reg[4][add_spec]_srl4_i_1/O
                         net (fo=1, unplaced)         0.228    12.799    u_accel/u_pool/g_fpu[4].u_fpu/e_reg[4][add_spec]_srl4_i_1_n_0
                         SRL16E                                       r  u_accel/u_pool/g_fpu[4].u_fpu/e_reg[4][add_spec]_srl4/D
  -------------------------------------------------------------------    -------------------

                         (clock clk rise edge)       10.000    10.000 r  
    E4                                                0.000    10.000 r  clk (IN)
                         net (fo=0)                   0.000    10.000    clk_IBUF_inst/I
    E4                   INBUF (Prop_INBUF_HDIOB_M_PAD_O)
                                                      0.533    10.533 r  clk_IBUF_inst/INBUF_INST/O
                         net (fo=1, routed)           0.000    10.533    clk_IBUF_inst/OUT
    E4                   IBUFCTRL (Prop_IBUFCTRL_HDIOB_M_I_O)
                                                      0.000    10.533 r  clk_IBUF_inst/IBUFCTRL_INST/O
                         net (fo=1, unplaced)         0.690    11.223    clk_IBUF
                         BUFGCE (Prop_BUFGCE_I_O)     0.024    11.247 r  clk_IBUF_BUFG_inst/O
                         net (fo=26398, unplaced)     2.439    13.686    u_accel/u_pool/g_fpu[4].u_fpu/clk
                         SRL16E                                       r  u_accel/u_pool/g_fpu[4].u_fpu/e_reg[4][add_spec]_srl4/CLK
                         clock pessimism              0.757    14.443    
                         clock uncertainty           -0.035    14.408    
                         SRL16E (Setup_SRL16E_CLK_D)
                                                     -0.060    14.348    u_accel/u_pool/g_fpu[4].u_fpu/e_reg[4][add_spec]_srl4
  -------------------------------------------------------------------
                         required time                         14.348    
                         arrival time                         -12.799    
  -------------------------------------------------------------------
                         slack                                  1.549    

Slack (MET) :             1.549ns  (required time - arrival time)
  Source:                 u_accel/u_pool/q_frv1_reg[5][29]/C
                            (rising edge-triggered cell FDRE clocked by clk  {rise@0.000ns fall@5.000ns period=10.000ns})
  Destination:            u_accel/u_pool/g_fpu[5].u_fpu/e_reg[4][add_spec]_srl4/D
                            (rising edge-triggered cell SRL16E clocked by clk  {rise@0.000ns fall@5.000ns period=10.000ns})
  Path Group:             clk
  Path Type:              Setup (Max at Slow Process Corner)
  Requirement:            10.000ns  (clk rise@10.000ns - clk rise@0.000ns)
  Data Path Delay:        8.211ns  (logic 2.417ns (29.436%)  route 5.794ns (70.564%))
  Logic Levels:           37  (CARRY8=12 LUT2=3 LUT3=4 LUT4=6 LUT5=4 LUT6=8)
  Clock Path Skew:        -0.145ns (DCD - SCD + CPR)
    Destination Clock Delay (DCD):    3.686ns = ( 13.686 - 10.000 ) 
    Source Clock Delay      (SCD):    4.588ns
    Clock Pessimism Removal (CPR):    0.757ns
  Clock Uncertainty:      0.035ns  ((TSJ^2 + TIJ^2)^1/2 + DJ) / 2 + PE
    Total System Jitter     (TSJ):    0.071ns
    Total Input Jitter      (TIJ):    0.000ns
    Discrete Jitter          (DJ):    0.000ns
    Phase Error              (PE):    0.000ns

    Location             Delay type                Incr(ns)  Path(ns)    Netlist Resource(s)
  -------------------------------------------------------------------    -------------------
                         (clock clk rise edge)        0.000     0.000 r  
    E4                                                0.000     0.000 r  clk (IN)
                         net (fo=0)                   0.000     0.000    clk_IBUF_inst/I
    E4                   INBUF (Prop_INBUF_HDIOB_M_PAD_O)
                                                      1.040     1.040 r  clk_IBUF_inst/INBUF_INST/O
                         net (fo=1, routed)           0.000     1.040    clk_IBUF_inst/OUT
    E4                   IBUFCTRL (Prop_IBUFCTRL_HDIOB_M_I_O)
                                                      0.000     1.040 r  clk_IBUF_inst/IBUFCTRL_INST/O
                         net (fo=1, unplaced)         0.936     1.976    clk_IBUF
                         BUFGCE (Prop_BUFGCE_I_O)     0.028     2.004 r  clk_IBUF_BUFG_inst/O
                         net (fo=26398, unplaced)     2.584     4.588    u_accel/u_pool/clk
                         FDRE                                         r  u_accel/u_pool/q_frv1_reg[5][29]/C
  -------------------------------------------------------------------    -------------------
                         FDRE (Prop_FDRE_C_Q)         0.077     4.665 f  u_accel/u_pool/q_frv1_reg[5][29]/Q
                         net (fo=4, unplaced)         0.166     4.831    u_accel/u_pool/g_fpu[5].u_fpu/a[29]
                         LUT6 (Prop_LUT6_I0_O)        0.150     4.981 r  u_accel/u_pool/g_fpu[5].u_fpu/e_reg[4][sgnj_h][14]_srl4_i_8/O
                         net (fo=1, unplaced)         0.186     5.167    u_accel/u_pool/g_fpu[5].u_fpu/e_reg[4][sgnj_h][14]_srl4_i_8_n_0
                         LUT2 (Prop_LUT2_I1_O)        0.038     5.205 f  u_accel/u_pool/g_fpu[5].u_fpu/e_reg[4][sgnj_h][14]_srl4_i_5/O
                         net (fo=5, unplaced)         0.204     5.409    u_accel/u_pool/g_fpu[5].u_fpu/e_reg[4][sgnj_h][14]_srl4_i_5_n_0
                         LUT2 (Prop_LUT2_I1_O)        0.038     5.447 r  u_accel/u_pool/g_fpu[5].u_fpu/e[1][minmax_h][0]_i_2/O
                         net (fo=20, unplaced)        0.235     5.682    u_accel/u_pool/g_fpu[5].u_fpu/e[1][minmax_h][0]_i_2_n_0
                         LUT3 (Prop_LUT3_I0_O)        0.070     5.752 r  u_accel/u_pool/g_fpu[5].u_fpu/e_reg[4][sgnj_h][12]_srl4_i_1/O
                         net (fo=5, unplaced)         0.204     5.956    u_accel/u_pool/g_fpu[5].u_fpu/p_0_in[2]
                         LUT3 (Prop_LUT3_I2_O)        0.070     6.026 f  u_accel/u_pool/g_fpu[5].u_fpu/e_reg[4][opa][24]_srl4_i_5/O
                         net (fo=2, unplaced)         0.186     6.212    u_accel/u_pool/g_fpu[5].u_fpu/e_reg[4][opa][24]_srl4_i_5_n_0
                         LUT6 (Prop_LUT6_I1_O)        0.038     6.250 f  u_accel/u_pool/g_fpu[5].u_fpu/e_reg[4][opa][24]_srl4_i_3/O
                         net (fo=18, unplaced)        0.233     6.483    u_accel/u_pool/g_fpu[5].u_fpu/e_reg[4][opa][24]_srl4_i_3_n_0
                         LUT5 (Prop_LUT5_I2_O)        0.038     6.521 r  u_accel/u_pool/g_fpu[5].u_fpu/e_reg[4][opa][24]_srl4_i_1/O
                         net (fo=59, unplaced)        0.214     6.735    u_accel/u_pool/g_fpu[5].u_fpu/e_reg[4][opa][24]_srl4_i_1_n_0
                         LUT4 (Prop_LUT4_I0_O)        0.139     6.874 f  u_accel/u_pool/g_fpu[5].u_fpu/prod2_reg_i_57/O
                         net (fo=1, unplaced)         0.186     7.060    u_accel/u_pool/g_fpu[5].u_fpu/prod2_reg_i_57_n_0
                         LUT5 (Prop_LUT5_I0_O)        0.038     7.098 f  u_accel/u_pool/g_fpu[5].u_fpu/prod2_reg_i_42/O
                         net (fo=148, unplaced)       0.280     7.378    u_accel/u_pool/g_fpu[5].u_fpu/prod2_reg_i_42_n_0
                         LUT2 (Prop_LUT2_I1_O)        0.070     7.448 r  u_accel/u_pool/g_fpu[5].u_fpu/prod3_reg_i_7/O
                         net (fo=22, unplaced)        0.237     7.685    u_accel/u_pool/g_fpu[5].u_fpu/prod3_reg_i_7_n_0
                         LUT4 (Prop_LUT4_I3_O)        0.070     7.755 r  u_accel/u_pool/g_fpu[5].u_fpu/e_reg[4][add_ebig][7]_srl4_i_12/O
                         net (fo=1, unplaced)         0.260     8.015    u_accel/u_pool/g_fpu[5].u_fpu/e_reg[4][add_ebig][7]_srl4_i_12_n_0
                         CARRY8 (Prop_CARRY8_DI[0]_CO[3])
                                                      0.182     8.197 r  u_accel/u_pool/g_fpu[5].u_fpu/e_reg[4][add_ebig][7]_srl4_i_3/CO[3]
                         net (fo=1, unplaced)         0.091     8.288    u_accel/u_pool/g_fpu[5].u_fpu/p_73_in
                         LUT6 (Prop_LUT6_I1_O)        0.038     8.326 r  u_accel/u_pool/g_fpu[5].u_fpu/e_reg[4][add_ebig][7]_srl4_i_2/O
                         net (fo=96, unplaced)        0.271     8.597    u_accel/u_pool/g_fpu[5].u_fpu/e_reg[4][add_ebig][7]_srl4_i_2_n_0
                         LUT3 (Prop_LUT3_I1_O)        0.070     8.667 r  u_accel/u_pool/g_fpu[5].u_fpu/e_reg[4][add_mag][47]_srl4_i_45/O
                         net (fo=1, unplaced)         0.140     8.807    u_accel/u_pool/g_fpu[5].u_fpu/e_reg[4][add_mag][47]_srl4_i_45_n_0
                         LUT6 (Prop_LUT6_I1_O)        0.090     8.897 f  u_accel/u_pool/g_fpu[5].u_fpu/e_reg[4][add_mag][47]_srl4_i_25/O
                         net (fo=114, unplaced)       0.228     9.125    u_accel/u_pool/g_fpu[5].u_fpu/e_reg[4][add_mag][47]_srl4_i_25_n_0
                         LUT3 (Prop_LUT3_I0_O)        0.090     9.215 f  u_accel/u_pool/g_fpu[5].u_fpu/e_reg[4][add_mag][50]_srl4_i_7/O
                         net (fo=30, unplaced)        0.244     9.459    u_accel/u_pool/g_fpu[5].u_fpu/e_reg[4][add_mag][50]_srl4_i_7_n_0
                         LUT4 (Prop_LUT4_I3_O)        0.070     9.529 r  u_accel/u_pool/g_fpu[5].u_fpu/e_reg[4][add_mag][7]_srl4_i_134/O
                         net (fo=1, unplaced)         0.260     9.789    u_accel/u_pool/g_fpu[5].u_fpu/e_reg[4][add_mag][7]_srl4_i_134_n_0
                         CARRY8 (Prop_CARRY8_DI[0]_CO[7])
                                                      0.139     9.928 r  u_accel/u_pool/g_fpu[5].u_fpu/e_reg[4][add_mag][7]_srl4_i_109/CO[7]
                         net (fo=1, unplaced)         0.005     9.933    u_accel/u_pool/g_fpu[5].u_fpu/e_reg[4][add_mag][7]_srl4_i_109_n_0
                         CARRY8 (Prop_CARRY8_CI_CO[7])
                                                      0.022     9.955 r  u_accel/u_pool/g_fpu[5].u_fpu/e_reg[4][add_mag][7]_srl4_i_92/CO[7]
                         net (fo=1, unplaced)         0.005     9.960    u_accel/u_pool/g_fpu[5].u_fpu/e_reg[4][add_mag][7]_srl4_i_92_n_0
                         CARRY8 (Prop_CARRY8_CI_CO[7])
                                                      0.022     9.982 r  u_accel/u_pool/g_fpu[5].u_fpu/e_reg[4][add_mag][7]_srl4_i_74/CO[7]
                         net (fo=1, unplaced)         0.005     9.987    u_accel/u_pool/g_fpu[5].u_fpu/e_reg[4][add_mag][7]_srl4_i_74_n_0
                         CARRY8 (Prop_CARRY8_CI_CO[7])
                                                      0.022    10.009 r  u_accel/u_pool/g_fpu[5].u_fpu/e_reg[4][add_mag][7]_srl4_i_37/CO[7]
                         net (fo=1, unplaced)         0.005    10.014    u_accel/u_pool/g_fpu[5].u_fpu/e_reg[4][add_mag][7]_srl4_i_37_n_0
                         CARRY8 (Prop_CARRY8_CI_CO[7])
                                                      0.022    10.036 r  u_accel/u_pool/g_fpu[5].u_fpu/e_reg[4][add_mag][7]_srl4_i_21/CO[7]
                         net (fo=1, unplaced)         0.005    10.041    u_accel/u_pool/g_fpu[5].u_fpu/e_reg[4][add_mag][7]_srl4_i_21_n_0
                         CARRY8 (Prop_CARRY8_CI_CO[7])
                                                      0.022    10.063 r  u_accel/u_pool/g_fpu[5].u_fpu/e_reg[4][add_mag][7]_srl4_i_25/CO[7]
                         net (fo=1, unplaced)         0.005    10.068    u_accel/u_pool/g_fpu[5].u_fpu/e_reg[4][add_mag][7]_srl4_i_25_n_0
                         CARRY8 (Prop_CARRY8_CI_O[0])
                                                      0.056    10.124 r  u_accel/u_pool/g_fpu[5].u_fpu/e_reg[4][add_mag][7]_srl4_i_71/O[0]
                         net (fo=1, unplaced)         0.186    10.310    u_accel/u_pool/g_fpu[5].u_fpu/e_reg[4][add_mag][7]_srl4_i_71_n_15
                         LUT6 (Prop_LUT6_I0_O)        0.038    10.348 f  u_accel/u_pool/g_fpu[5].u_fpu/e_reg[4][add_mag][7]_srl4_i_29/O
                         net (fo=1, unplaced)         0.186    10.534    u_accel/u_pool/g_fpu[5].u_fpu/e_reg[4][add_mag][7]_srl4_i_29_n_0
                         LUT5 (Prop_LUT5_I0_O)        0.038    10.572 f  u_accel/u_pool/g_fpu[5].u_fpu/e_reg[4][add_mag][7]_srl4_i_17/O
                         net (fo=1, unplaced)         0.186    10.758    u_accel/u_pool/g_fpu[5].u_fpu/e_reg[4][add_mag][7]_srl4_i_17_n_0
                         LUT6 (Prop_LUT6_I4_O)        0.038    10.796 r  u_accel/u_pool/g_fpu[5].u_fpu/e_reg[4][add_mag][7]_srl4_i_14/O
                         net (fo=1, unplaced)         0.186    10.982    u_accel/u_pool/g_fpu[5].u_fpu/e_reg[4][add_mag][7]_srl4_i_14_n_0
                         LUT4 (Prop_LUT4_I3_O)        0.038    11.020 r  u_accel/u_pool/g_fpu[5].u_fpu/e_reg[4][add_mag][7]_srl4_i_10/O
                         net (fo=1, unplaced)         0.020    11.040    u_accel/u_pool/g_fpu[5].u_fpu/e_reg[4][add_mag][7]_srl4_i_10_n_0
                         CARRY8 (Prop_CARRY8_S[0]_CO[7])
                                                      0.199    11.239 r  u_accel/u_pool/g_fpu[5].u_fpu/e_reg[4][add_mag][7]_srl4_i_1/CO[7]
                         net (fo=1, unplaced)         0.005    11.244    u_accel/u_pool/g_fpu[5].u_fpu/e_reg[4][add_mag][7]_srl4_i_1_n_0
                         CARRY8 (Prop_CARRY8_CI_CO[7])
                                                      0.022    11.266 r  u_accel/u_pool/g_fpu[5].u_fpu/e_reg[4][add_mag][15]_srl4_i_1/CO[7]
                         net (fo=1, unplaced)         0.005    11.271    u_accel/u_pool/g_fpu[5].u_fpu/e_reg[4][add_mag][15]_srl4_i_1_n_0
                         CARRY8 (Prop_CARRY8_CI_CO[7])
                                                      0.022    11.293 r  u_accel/u_pool/g_fpu[5].u_fpu/e_reg[4][add_mag][23]_srl4_i_1/CO[7]
                         net (fo=1, unplaced)         0.005    11.298    u_accel/u_pool/g_fpu[5].u_fpu/e_reg[4][add_mag][23]_srl4_i_1_n_0
                         CARRY8 (Prop_CARRY8_CI_O[2])
                                                      0.067    11.365 f  u_accel/u_pool/g_fpu[5].u_fpu/e_reg[4][add_mag][31]_srl4_i_1/O[2]
                         net (fo=2, unplaced)         0.188    11.553    u_accel/u_pool/g_fpu[5].u_fpu/e_reg[4][add_mag][31]_srl4_i_1_n_13
                         LUT4 (Prop_LUT4_I2_O)        0.090    11.643 f  u_accel/u_pool/g_fpu[5].u_fpu/e_reg[4][add_spec]_srl4_i_15/O
                         net (fo=1, unplaced)         0.186    11.829    u_accel/u_pool/g_fpu[5].u_fpu/e_reg[4][add_spec]_srl4_i_15_n_0
                         LUT5 (Prop_LUT5_I4_O)        0.038    11.867 f  u_accel/u_pool/g_fpu[5].u_fpu/e_reg[4][add_spec]_srl4_i_13/O
                         net (fo=1, unplaced)         0.186    12.053    u_accel/u_pool/g_fpu[5].u_fpu/e_reg[4][add_spec]_srl4_i_13_n_0
                         LUT6 (Prop_LUT6_I5_O)        0.038    12.091 f  u_accel/u_pool/g_fpu[5].u_fpu/e_reg[4][add_spec]_srl4_i_8/O
                         net (fo=1, unplaced)         0.186    12.277    u_accel/u_pool/g_fpu[5].u_fpu/e_reg[4][add_spec]_srl4_i_8_n_0
                         LUT6 (Prop_LUT6_I5_O)        0.038    12.315 r  u_accel/u_pool/g_fpu[5].u_fpu/e_reg[4][add_spec]_srl4_i_4/O
                         net (fo=1, unplaced)         0.186    12.501    u_accel/u_pool/g_fpu[5].u_fpu/e_reg[4][add_spec]_srl4_i_4_n_0
                         LUT4 (Prop_LUT4_I3_O)        0.070    12.571 r  u_accel/u_pool/g_fpu[5].u_fpu/e_reg[4][add_spec]_srl4_i_1/O
                         net (fo=1, unplaced)         0.228    12.799    u_accel/u_pool/g_fpu[5].u_fpu/e_reg[4][add_spec]_srl4_i_1_n_0
                         SRL16E                                       r  u_accel/u_pool/g_fpu[5].u_fpu/e_reg[4][add_spec]_srl4/D
  -------------------------------------------------------------------    -------------------

                         (clock clk rise edge)       10.000    10.000 r  
    E4                                                0.000    10.000 r  clk (IN)
                         net (fo=0)                   0.000    10.000    clk_IBUF_inst/I
    E4                   INBUF (Prop_INBUF_HDIOB_M_PAD_O)
                                                      0.533    10.533 r  clk_IBUF_inst/INBUF_INST/O
                         net (fo=1, routed)           0.000    10.533    clk_IBUF_inst/OUT
    E4                   IBUFCTRL (Prop_IBUFCTRL_HDIOB_M_I_O)
                                                      0.000    10.533 r  clk_IBUF_inst/IBUFCTRL_INST/O
                         net (fo=1, unplaced)         0.690    11.223    clk_IBUF
                         BUFGCE (Prop_BUFGCE_I_O)     0.024    11.247 r  clk_IBUF_BUFG_inst/O
                         net (fo=26398, unplaced)     2.439    13.686    u_accel/u_pool/g_fpu[5].u_fpu/clk
                         SRL16E                                       r  u_accel/u_pool/g_fpu[5].u_fpu/e_reg[4][add_spec]_srl4/CLK
                         clock pessimism              0.757    14.443    
                         clock uncertainty           -0.035    14.408    
                         SRL16E (Setup_SRL16E_CLK_D)
                                                     -0.060    14.348    u_accel/u_pool/g_fpu[5].u_fpu/e_reg[4][add_spec]_srl4
  -------------------------------------------------------------------
                         required time                         14.348    
                         arrival time                         -12.799    
  -------------------------------------------------------------------
                         slack                                  1.549    

Slack (MET) :             1.549ns  (required time - arrival time)
  Source:                 u_accel/u_pool/q_frv1_reg[6][29]/C
                            (rising edge-triggered cell FDRE clocked by clk  {rise@0.000ns fall@5.000ns period=10.000ns})
  Destination:            u_accel/u_pool/g_fpu[6].u_fpu/e_reg[4][add_spec]_srl4/D
                            (rising edge-triggered cell SRL16E clocked by clk  {rise@0.000ns fall@5.000ns period=10.000ns})
  Path Group:             clk
  Path Type:              Setup (Max at Slow Process Corner)
  Requirement:            10.000ns  (clk rise@10.000ns - clk rise@0.000ns)
  Data Path Delay:        8.211ns  (logic 2.417ns (29.436%)  route 5.794ns (70.564%))
  Logic Levels:           37  (CARRY8=12 LUT2=3 LUT3=4 LUT4=6 LUT5=4 LUT6=8)
  Clock Path Skew:        -0.145ns (DCD - SCD + CPR)
    Destination Clock Delay (DCD):    3.686ns = ( 13.686 - 10.000 ) 
    Source Clock Delay      (SCD):    4.588ns
    Clock Pessimism Removal (CPR):    0.757ns
  Clock Uncertainty:      0.035ns  ((TSJ^2 + TIJ^2)^1/2 + DJ) / 2 + PE
    Total System Jitter     (TSJ):    0.071ns
    Total Input Jitter      (TIJ):    0.000ns
    Discrete Jitter          (DJ):    0.000ns
    Phase Error              (PE):    0.000ns

    Location             Delay type                Incr(ns)  Path(ns)    Netlist Resource(s)
  -------------------------------------------------------------------    -------------------
                         (clock clk rise edge)        0.000     0.000 r  
    E4                                                0.000     0.000 r  clk (IN)
                         net (fo=0)                   0.000     0.000    clk_IBUF_inst/I
    E4                   INBUF (Prop_INBUF_HDIOB_M_PAD_O)
                                                      1.040     1.040 r  clk_IBUF_inst/INBUF_INST/O
                         net (fo=1, routed)           0.000     1.040    clk_IBUF_inst/OUT
    E4                   IBUFCTRL (Prop_IBUFCTRL_HDIOB_M_I_O)
                                                      0.000     1.040 r  clk_IBUF_inst/IBUFCTRL_INST/O
                         net (fo=1, unplaced)         0.936     1.976    clk_IBUF
                         BUFGCE (Prop_BUFGCE_I_O)     0.028     2.004 r  clk_IBUF_BUFG_inst/O
                         net (fo=26398, unplaced)     2.584     4.588    u_accel/u_pool/clk
                         FDRE                                         r  u_accel/u_pool/q_frv1_reg[6][29]/C
  -------------------------------------------------------------------    -------------------
                         FDRE (Prop_FDRE_C_Q)         0.077     4.665 f  u_accel/u_pool/q_frv1_reg[6][29]/Q
                         net (fo=4, unplaced)         0.166     4.831    u_accel/u_pool/g_fpu[6].u_fpu/a[29]
                         LUT6 (Prop_LUT6_I0_O)        0.150     4.981 r  u_accel/u_pool/g_fpu[6].u_fpu/e_reg[4][sgnj_h][14]_srl4_i_8/O
                         net (fo=1, unplaced)         0.186     5.167    u_accel/u_pool/g_fpu[6].u_fpu/e_reg[4][sgnj_h][14]_srl4_i_8_n_0
                         LUT2 (Prop_LUT2_I1_O)        0.038     5.205 f  u_accel/u_pool/g_fpu[6].u_fpu/e_reg[4][sgnj_h][14]_srl4_i_5/O
                         net (fo=5, unplaced)         0.204     5.409    u_accel/u_pool/g_fpu[6].u_fpu/e_reg[4][sgnj_h][14]_srl4_i_5_n_0
                         LUT2 (Prop_LUT2_I1_O)        0.038     5.447 r  u_accel/u_pool/g_fpu[6].u_fpu/e[1][minmax_h][0]_i_2/O
                         net (fo=20, unplaced)        0.235     5.682    u_accel/u_pool/g_fpu[6].u_fpu/e[1][minmax_h][0]_i_2_n_0
                         LUT3 (Prop_LUT3_I0_O)        0.070     5.752 r  u_accel/u_pool/g_fpu[6].u_fpu/e_reg[4][sgnj_h][12]_srl4_i_1/O
                         net (fo=5, unplaced)         0.204     5.956    u_accel/u_pool/g_fpu[6].u_fpu/p_0_in[2]
                         LUT3 (Prop_LUT3_I2_O)        0.070     6.026 f  u_accel/u_pool/g_fpu[6].u_fpu/e_reg[4][opa][24]_srl4_i_5/O
                         net (fo=2, unplaced)         0.186     6.212    u_accel/u_pool/g_fpu[6].u_fpu/e_reg[4][opa][24]_srl4_i_5_n_0
                         LUT6 (Prop_LUT6_I1_O)        0.038     6.250 f  u_accel/u_pool/g_fpu[6].u_fpu/e_reg[4][opa][24]_srl4_i_3/O
                         net (fo=18, unplaced)        0.233     6.483    u_accel/u_pool/g_fpu[6].u_fpu/e_reg[4][opa][24]_srl4_i_3_n_0
                         LUT5 (Prop_LUT5_I2_O)        0.038     6.521 r  u_accel/u_pool/g_fpu[6].u_fpu/e_reg[4][opa][24]_srl4_i_1/O
                         net (fo=59, unplaced)        0.214     6.735    u_accel/u_pool/g_fpu[6].u_fpu/e_reg[4][opa][24]_srl4_i_1_n_0
                         LUT4 (Prop_LUT4_I0_O)        0.139     6.874 f  u_accel/u_pool/g_fpu[6].u_fpu/prod2_reg_i_57/O
                         net (fo=1, unplaced)         0.186     7.060    u_accel/u_pool/g_fpu[6].u_fpu/prod2_reg_i_57_n_0
                         LUT5 (Prop_LUT5_I0_O)        0.038     7.098 f  u_accel/u_pool/g_fpu[6].u_fpu/prod2_reg_i_42/O
                         net (fo=148, unplaced)       0.280     7.378    u_accel/u_pool/g_fpu[6].u_fpu/prod2_reg_i_42_n_0
                         LUT2 (Prop_LUT2_I1_O)        0.070     7.448 r  u_accel/u_pool/g_fpu[6].u_fpu/prod3_reg_i_7/O
                         net (fo=22, unplaced)        0.237     7.685    u_accel/u_pool/g_fpu[6].u_fpu/prod3_reg_i_7_n_0
                         LUT4 (Prop_LUT4_I3_O)        0.070     7.755 r  u_accel/u_pool/g_fpu[6].u_fpu/e_reg[4][add_ebig][7]_srl4_i_12/O
                         net (fo=1, unplaced)         0.260     8.015    u_accel/u_pool/g_fpu[6].u_fpu/e_reg[4][add_ebig][7]_srl4_i_12_n_0
                         CARRY8 (Prop_CARRY8_DI[0]_CO[3])
                                                      0.182     8.197 r  u_accel/u_pool/g_fpu[6].u_fpu/e_reg[4][add_ebig][7]_srl4_i_3/CO[3]
                         net (fo=1, unplaced)         0.091     8.288    u_accel/u_pool/g_fpu[6].u_fpu/p_73_in
                         LUT6 (Prop_LUT6_I1_O)        0.038     8.326 r  u_accel/u_pool/g_fpu[6].u_fpu/e_reg[4][add_ebig][7]_srl4_i_2/O
                         net (fo=96, unplaced)        0.271     8.597    u_accel/u_pool/g_fpu[6].u_fpu/e_reg[4][add_ebig][7]_srl4_i_2_n_0
                         LUT3 (Prop_LUT3_I1_O)        0.070     8.667 r  u_accel/u_pool/g_fpu[6].u_fpu/e_reg[4][add_mag][47]_srl4_i_45/O
                         net (fo=1, unplaced)         0.140     8.807    u_accel/u_pool/g_fpu[6].u_fpu/e_reg[4][add_mag][47]_srl4_i_45_n_0
                         LUT6 (Prop_LUT6_I1_O)        0.090     8.897 f  u_accel/u_pool/g_fpu[6].u_fpu/e_reg[4][add_mag][47]_srl4_i_25/O
                         net (fo=114, unplaced)       0.228     9.125    u_accel/u_pool/g_fpu[6].u_fpu/e_reg[4][add_mag][47]_srl4_i_25_n_0
                         LUT3 (Prop_LUT3_I0_O)        0.090     9.215 f  u_accel/u_pool/g_fpu[6].u_fpu/e_reg[4][add_mag][50]_srl4_i_7/O
                         net (fo=30, unplaced)        0.244     9.459    u_accel/u_pool/g_fpu[6].u_fpu/e_reg[4][add_mag][50]_srl4_i_7_n_0
                         LUT4 (Prop_LUT4_I3_O)        0.070     9.529 r  u_accel/u_pool/g_fpu[6].u_fpu/e_reg[4][add_mag][7]_srl4_i_134/O
                         net (fo=1, unplaced)         0.260     9.789    u_accel/u_pool/g_fpu[6].u_fpu/e_reg[4][add_mag][7]_srl4_i_134_n_0
                         CARRY8 (Prop_CARRY8_DI[0]_CO[7])
                                                      0.139     9.928 r  u_accel/u_pool/g_fpu[6].u_fpu/e_reg[4][add_mag][7]_srl4_i_109/CO[7]
                         net (fo=1, unplaced)         0.005     9.933    u_accel/u_pool/g_fpu[6].u_fpu/e_reg[4][add_mag][7]_srl4_i_109_n_0
                         CARRY8 (Prop_CARRY8_CI_CO[7])
                                                      0.022     9.955 r  u_accel/u_pool/g_fpu[6].u_fpu/e_reg[4][add_mag][7]_srl4_i_92/CO[7]
                         net (fo=1, unplaced)         0.005     9.960    u_accel/u_pool/g_fpu[6].u_fpu/e_reg[4][add_mag][7]_srl4_i_92_n_0
                         CARRY8 (Prop_CARRY8_CI_CO[7])
                                                      0.022     9.982 r  u_accel/u_pool/g_fpu[6].u_fpu/e_reg[4][add_mag][7]_srl4_i_74/CO[7]
                         net (fo=1, unplaced)         0.005     9.987    u_accel/u_pool/g_fpu[6].u_fpu/e_reg[4][add_mag][7]_srl4_i_74_n_0
                         CARRY8 (Prop_CARRY8_CI_CO[7])
                                                      0.022    10.009 r  u_accel/u_pool/g_fpu[6].u_fpu/e_reg[4][add_mag][7]_srl4_i_37/CO[7]
                         net (fo=1, unplaced)         0.005    10.014    u_accel/u_pool/g_fpu[6].u_fpu/e_reg[4][add_mag][7]_srl4_i_37_n_0
                         CARRY8 (Prop_CARRY8_CI_CO[7])
                                                      0.022    10.036 r  u_accel/u_pool/g_fpu[6].u_fpu/e_reg[4][add_mag][7]_srl4_i_21/CO[7]
                         net (fo=1, unplaced)         0.005    10.041    u_accel/u_pool/g_fpu[6].u_fpu/e_reg[4][add_mag][7]_srl4_i_21_n_0
                         CARRY8 (Prop_CARRY8_CI_CO[7])
                                                      0.022    10.063 r  u_accel/u_pool/g_fpu[6].u_fpu/e_reg[4][add_mag][7]_srl4_i_25/CO[7]
                         net (fo=1, unplaced)         0.005    10.068    u_accel/u_pool/g_fpu[6].u_fpu/e_reg[4][add_mag][7]_srl4_i_25_n_0
                         CARRY8 (Prop_CARRY8_CI_O[0])
                                                      0.056    10.124 r  u_accel/u_pool/g_fpu[6].u_fpu/e_reg[4][add_mag][7]_srl4_i_71/O[0]
                         net (fo=1, unplaced)         0.186    10.310    u_accel/u_pool/g_fpu[6].u_fpu/e_reg[4][add_mag][7]_srl4_i_71_n_15
                         LUT6 (Prop_LUT6_I0_O)        0.038    10.348 f  u_accel/u_pool/g_fpu[6].u_fpu/e_reg[4][add_mag][7]_srl4_i_29/O
                         net (fo=1, unplaced)         0.186    10.534    u_accel/u_pool/g_fpu[6].u_fpu/e_reg[4][add_mag][7]_srl4_i_29_n_0
                         LUT5 (Prop_LUT5_I0_O)        0.038    10.572 f  u_accel/u_pool/g_fpu[6].u_fpu/e_reg[4][add_mag][7]_srl4_i_17/O
                         net (fo=1, unplaced)         0.186    10.758    u_accel/u_pool/g_fpu[6].u_fpu/e_reg[4][add_mag][7]_srl4_i_17_n_0
                         LUT6 (Prop_LUT6_I4_O)        0.038    10.796 r  u_accel/u_pool/g_fpu[6].u_fpu/e_reg[4][add_mag][7]_srl4_i_14/O
                         net (fo=1, unplaced)         0.186    10.982    u_accel/u_pool/g_fpu[6].u_fpu/e_reg[4][add_mag][7]_srl4_i_14_n_0
                         LUT4 (Prop_LUT4_I3_O)        0.038    11.020 r  u_accel/u_pool/g_fpu[6].u_fpu/e_reg[4][add_mag][7]_srl4_i_10/O
                         net (fo=1, unplaced)         0.020    11.040    u_accel/u_pool/g_fpu[6].u_fpu/e_reg[4][add_mag][7]_srl4_i_10_n_0
                         CARRY8 (Prop_CARRY8_S[0]_CO[7])
                                                      0.199    11.239 r  u_accel/u_pool/g_fpu[6].u_fpu/e_reg[4][add_mag][7]_srl4_i_1/CO[7]
                         net (fo=1, unplaced)         0.005    11.244    u_accel/u_pool/g_fpu[6].u_fpu/e_reg[4][add_mag][7]_srl4_i_1_n_0
                         CARRY8 (Prop_CARRY8_CI_CO[7])
                                                      0.022    11.266 r  u_accel/u_pool/g_fpu[6].u_fpu/e_reg[4][add_mag][15]_srl4_i_1/CO[7]
                         net (fo=1, unplaced)         0.005    11.271    u_accel/u_pool/g_fpu[6].u_fpu/e_reg[4][add_mag][15]_srl4_i_1_n_0
                         CARRY8 (Prop_CARRY8_CI_CO[7])
                                                      0.022    11.293 r  u_accel/u_pool/g_fpu[6].u_fpu/e_reg[4][add_mag][23]_srl4_i_1/CO[7]
                         net (fo=1, unplaced)         0.005    11.298    u_accel/u_pool/g_fpu[6].u_fpu/e_reg[4][add_mag][23]_srl4_i_1_n_0
                         CARRY8 (Prop_CARRY8_CI_O[2])
                                                      0.067    11.365 f  u_accel/u_pool/g_fpu[6].u_fpu/e_reg[4][add_mag][31]_srl4_i_1/O[2]
                         net (fo=2, unplaced)         0.188    11.553    u_accel/u_pool/g_fpu[6].u_fpu/e_reg[4][add_mag][31]_srl4_i_1_n_13
                         LUT4 (Prop_LUT4_I2_O)        0.090    11.643 f  u_accel/u_pool/g_fpu[6].u_fpu/e_reg[4][add_spec]_srl4_i_15/O
                         net (fo=1, unplaced)         0.186    11.829    u_accel/u_pool/g_fpu[6].u_fpu/e_reg[4][add_spec]_srl4_i_15_n_0
                         LUT5 (Prop_LUT5_I4_O)        0.038    11.867 f  u_accel/u_pool/g_fpu[6].u_fpu/e_reg[4][add_spec]_srl4_i_13/O
                         net (fo=1, unplaced)         0.186    12.053    u_accel/u_pool/g_fpu[6].u_fpu/e_reg[4][add_spec]_srl4_i_13_n_0
                         LUT6 (Prop_LUT6_I5_O)        0.038    12.091 f  u_accel/u_pool/g_fpu[6].u_fpu/e_reg[4][add_spec]_srl4_i_8/O
                         net (fo=1, unplaced)         0.186    12.277    u_accel/u_pool/g_fpu[6].u_fpu/e_reg[4][add_spec]_srl4_i_8_n_0
                         LUT6 (Prop_LUT6_I5_O)        0.038    12.315 r  u_accel/u_pool/g_fpu[6].u_fpu/e_reg[4][add_spec]_srl4_i_4/O
                         net (fo=1, unplaced)         0.186    12.501    u_accel/u_pool/g_fpu[6].u_fpu/e_reg[4][add_spec]_srl4_i_4_n_0
                         LUT4 (Prop_LUT4_I3_O)        0.070    12.571 r  u_accel/u_pool/g_fpu[6].u_fpu/e_reg[4][add_spec]_srl4_i_1/O
                         net (fo=1, unplaced)         0.228    12.799    u_accel/u_pool/g_fpu[6].u_fpu/e_reg[4][add_spec]_srl4_i_1_n_0
                         SRL16E                                       r  u_accel/u_pool/g_fpu[6].u_fpu/e_reg[4][add_spec]_srl4/D
  -------------------------------------------------------------------    -------------------

                         (clock clk rise edge)       10.000    10.000 r  
    E4                                                0.000    10.000 r  clk (IN)
                         net (fo=0)                   0.000    10.000    clk_IBUF_inst/I
    E4                   INBUF (Prop_INBUF_HDIOB_M_PAD_O)
                                                      0.533    10.533 r  clk_IBUF_inst/INBUF_INST/O
                         net (fo=1, routed)           0.000    10.533    clk_IBUF_inst/OUT
    E4                   IBUFCTRL (Prop_IBUFCTRL_HDIOB_M_I_O)
                                                      0.000    10.533 r  clk_IBUF_inst/IBUFCTRL_INST/O
                         net (fo=1, unplaced)         0.690    11.223    clk_IBUF
                         BUFGCE (Prop_BUFGCE_I_O)     0.024    11.247 r  clk_IBUF_BUFG_inst/O
                         net (fo=26398, unplaced)     2.439    13.686    u_accel/u_pool/g_fpu[6].u_fpu/clk
                         SRL16E                                       r  u_accel/u_pool/g_fpu[6].u_fpu/e_reg[4][add_spec]_srl4/CLK
                         clock pessimism              0.757    14.443    
                         clock uncertainty           -0.035    14.408    
                         SRL16E (Setup_SRL16E_CLK_D)
                                                     -0.060    14.348    u_accel/u_pool/g_fpu[6].u_fpu/e_reg[4][add_spec]_srl4
  -------------------------------------------------------------------
                         required time                         14.348    
                         arrival time                         -12.799    
  -------------------------------------------------------------------
                         slack                                  1.549    

Slack (MET) :             1.549ns  (required time - arrival time)
  Source:                 u_accel/u_pool/q_frv1_reg[7][29]/C
                            (rising edge-triggered cell FDRE clocked by clk  {rise@0.000ns fall@5.000ns period=10.000ns})
  Destination:            u_accel/u_pool/g_fpu[7].u_fpu/e_reg[4][add_spec]_srl4/D
                            (rising edge-triggered cell SRL16E clocked by clk  {rise@0.000ns fall@5.000ns period=10.000ns})
  Path Group:             clk
  Path Type:              Setup (Max at Slow Process Corner)
  Requirement:            10.000ns  (clk rise@10.000ns - clk rise@0.000ns)
  Data Path Delay:        8.211ns  (logic 2.417ns (29.436%)  route 5.794ns (70.564%))
  Logic Levels:           37  (CARRY8=12 LUT2=3 LUT3=4 LUT4=6 LUT5=4 LUT6=8)
  Clock Path Skew:        -0.145ns (DCD - SCD + CPR)
    Destination Clock Delay (DCD):    3.686ns = ( 13.686 - 10.000 ) 
    Source Clock Delay      (SCD):    4.588ns
    Clock Pessimism Removal (CPR):    0.757ns
  Clock Uncertainty:      0.035ns  ((TSJ^2 + TIJ^2)^1/2 + DJ) / 2 + PE
    Total System Jitter     (TSJ):    0.071ns
    Total Input Jitter      (TIJ):    0.000ns
    Discrete Jitter          (DJ):    0.000ns
    Phase Error              (PE):    0.000ns

    Location             Delay type                Incr(ns)  Path(ns)    Netlist Resource(s)
  -------------------------------------------------------------------    -------------------
                         (clock clk rise edge)        0.000     0.000 r  
    E4                                                0.000     0.000 r  clk (IN)
                         net (fo=0)                   0.000     0.000    clk_IBUF_inst/I
    E4                   INBUF (Prop_INBUF_HDIOB_M_PAD_O)
                                                      1.040     1.040 r  clk_IBUF_inst/INBUF_INST/O
                         net (fo=1, routed)           0.000     1.040    clk_IBUF_inst/OUT
    E4                   IBUFCTRL (Prop_IBUFCTRL_HDIOB_M_I_O)
                                                      0.000     1.040 r  clk_IBUF_inst/IBUFCTRL_INST/O
                         net (fo=1, unplaced)         0.936     1.976    clk_IBUF
                         BUFGCE (Prop_BUFGCE_I_O)     0.028     2.004 r  clk_IBUF_BUFG_inst/O
                         net (fo=26398, unplaced)     2.584     4.588    u_accel/u_pool/clk
                         FDRE                                         r  u_accel/u_pool/q_frv1_reg[7][29]/C
  -------------------------------------------------------------------    -------------------
                         FDRE (Prop_FDRE_C_Q)         0.077     4.665 f  u_accel/u_pool/q_frv1_reg[7][29]/Q
                         net (fo=4, unplaced)         0.166     4.831    u_accel/u_pool/g_fpu[7].u_fpu/a[29]
                         LUT6 (Prop_LUT6_I0_O)        0.150     4.981 r  u_accel/u_pool/g_fpu[7].u_fpu/e_reg[4][sgnj_h][14]_srl4_i_8/O
                         net (fo=1, unplaced)         0.186     5.167    u_accel/u_pool/g_fpu[7].u_fpu/e_reg[4][sgnj_h][14]_srl4_i_8_n_0
                         LUT2 (Prop_LUT2_I1_O)        0.038     5.205 f  u_accel/u_pool/g_fpu[7].u_fpu/e_reg[4][sgnj_h][14]_srl4_i_5/O
                         net (fo=5, unplaced)         0.204     5.409    u_accel/u_pool/g_fpu[7].u_fpu/e_reg[4][sgnj_h][14]_srl4_i_5_n_0
                         LUT2 (Prop_LUT2_I1_O)        0.038     5.447 r  u_accel/u_pool/g_fpu[7].u_fpu/e[1][minmax_h][0]_i_2/O
                         net (fo=20, unplaced)        0.235     5.682    u_accel/u_pool/g_fpu[7].u_fpu/e[1][minmax_h][0]_i_2_n_0
                         LUT3 (Prop_LUT3_I0_O)        0.070     5.752 r  u_accel/u_pool/g_fpu[7].u_fpu/e_reg[4][sgnj_h][12]_srl4_i_1/O
                         net (fo=5, unplaced)         0.204     5.956    u_accel/u_pool/g_fpu[7].u_fpu/p_0_in[2]
                         LUT3 (Prop_LUT3_I2_O)        0.070     6.026 f  u_accel/u_pool/g_fpu[7].u_fpu/e_reg[4][opa][24]_srl4_i_5/O
                         net (fo=2, unplaced)         0.186     6.212    u_accel/u_pool/g_fpu[7].u_fpu/e_reg[4][opa][24]_srl4_i_5_n_0
                         LUT6 (Prop_LUT6_I1_O)        0.038     6.250 f  u_accel/u_pool/g_fpu[7].u_fpu/e_reg[4][opa][24]_srl4_i_3/O
                         net (fo=18, unplaced)        0.233     6.483    u_accel/u_pool/g_fpu[7].u_fpu/e_reg[4][opa][24]_srl4_i_3_n_0
                         LUT5 (Prop_LUT5_I2_O)        0.038     6.521 r  u_accel/u_pool/g_fpu[7].u_fpu/e_reg[4][opa][24]_srl4_i_1/O
                         net (fo=59, unplaced)        0.214     6.735    u_accel/u_pool/g_fpu[7].u_fpu/e_reg[4][opa][24]_srl4_i_1_n_0
                         LUT4 (Prop_LUT4_I0_O)        0.139     6.874 f  u_accel/u_pool/g_fpu[7].u_fpu/prod2_reg_i_57/O
                         net (fo=1, unplaced)         0.186     7.060    u_accel/u_pool/g_fpu[7].u_fpu/prod2_reg_i_57_n_0
                         LUT5 (Prop_LUT5_I0_O)        0.038     7.098 f  u_accel/u_pool/g_fpu[7].u_fpu/prod2_reg_i_42/O
                         net (fo=148, unplaced)       0.280     7.378    u_accel/u_pool/g_fpu[7].u_fpu/prod2_reg_i_42_n_0
                         LUT2 (Prop_LUT2_I1_O)        0.070     7.448 r  u_accel/u_pool/g_fpu[7].u_fpu/prod3_reg_i_7/O
                         net (fo=22, unplaced)        0.237     7.685    u_accel/u_pool/g_fpu[7].u_fpu/prod3_reg_i_7_n_0
                         LUT4 (Prop_LUT4_I3_O)        0.070     7.755 r  u_accel/u_pool/g_fpu[7].u_fpu/e_reg[4][add_ebig][7]_srl4_i_12/O
                         net (fo=1, unplaced)         0.260     8.015    u_accel/u_pool/g_fpu[7].u_fpu/e_reg[4][add_ebig][7]_srl4_i_12_n_0
                         CARRY8 (Prop_CARRY8_DI[0]_CO[3])
                                                      0.182     8.197 r  u_accel/u_pool/g_fpu[7].u_fpu/e_reg[4][add_ebig][7]_srl4_i_3/CO[3]
                         net (fo=1, unplaced)         0.091     8.288    u_accel/u_pool/g_fpu[7].u_fpu/p_73_in
                         LUT6 (Prop_LUT6_I1_O)        0.038     8.326 r  u_accel/u_pool/g_fpu[7].u_fpu/e_reg[4][add_ebig][7]_srl4_i_2/O
                         net (fo=96, unplaced)        0.271     8.597    u_accel/u_pool/g_fpu[7].u_fpu/e_reg[4][add_ebig][7]_srl4_i_2_n_0
                         LUT3 (Prop_LUT3_I1_O)        0.070     8.667 r  u_accel/u_pool/g_fpu[7].u_fpu/e_reg[4][add_mag][47]_srl4_i_45/O
                         net (fo=1, unplaced)         0.140     8.807    u_accel/u_pool/g_fpu[7].u_fpu/e_reg[4][add_mag][47]_srl4_i_45_n_0
                         LUT6 (Prop_LUT6_I1_O)        0.090     8.897 f  u_accel/u_pool/g_fpu[7].u_fpu/e_reg[4][add_mag][47]_srl4_i_25/O
                         net (fo=114, unplaced)       0.228     9.125    u_accel/u_pool/g_fpu[7].u_fpu/e_reg[4][add_mag][47]_srl4_i_25_n_0
                         LUT3 (Prop_LUT3_I0_O)        0.090     9.215 f  u_accel/u_pool/g_fpu[7].u_fpu/e_reg[4][add_mag][50]_srl4_i_7/O
                         net (fo=30, unplaced)        0.244     9.459    u_accel/u_pool/g_fpu[7].u_fpu/e_reg[4][add_mag][50]_srl4_i_7_n_0
                         LUT4 (Prop_LUT4_I3_O)        0.070     9.529 r  u_accel/u_pool/g_fpu[7].u_fpu/e_reg[4][add_mag][7]_srl4_i_134/O
                         net (fo=1, unplaced)         0.260     9.789    u_accel/u_pool/g_fpu[7].u_fpu/e_reg[4][add_mag][7]_srl4_i_134_n_0
                         CARRY8 (Prop_CARRY8_DI[0]_CO[7])
                                                      0.139     9.928 r  u_accel/u_pool/g_fpu[7].u_fpu/e_reg[4][add_mag][7]_srl4_i_109/CO[7]
                         net (fo=1, unplaced)         0.005     9.933    u_accel/u_pool/g_fpu[7].u_fpu/e_reg[4][add_mag][7]_srl4_i_109_n_0
                         CARRY8 (Prop_CARRY8_CI_CO[7])
                                                      0.022     9.955 r  u_accel/u_pool/g_fpu[7].u_fpu/e_reg[4][add_mag][7]_srl4_i_92/CO[7]
                         net (fo=1, unplaced)         0.005     9.960    u_accel/u_pool/g_fpu[7].u_fpu/e_reg[4][add_mag][7]_srl4_i_92_n_0
                         CARRY8 (Prop_CARRY8_CI_CO[7])
                                                      0.022     9.982 r  u_accel/u_pool/g_fpu[7].u_fpu/e_reg[4][add_mag][7]_srl4_i_74/CO[7]
                         net (fo=1, unplaced)         0.005     9.987    u_accel/u_pool/g_fpu[7].u_fpu/e_reg[4][add_mag][7]_srl4_i_74_n_0
                         CARRY8 (Prop_CARRY8_CI_CO[7])
                                                      0.022    10.009 r  u_accel/u_pool/g_fpu[7].u_fpu/e_reg[4][add_mag][7]_srl4_i_37/CO[7]
                         net (fo=1, unplaced)         0.005    10.014    u_accel/u_pool/g_fpu[7].u_fpu/e_reg[4][add_mag][7]_srl4_i_37_n_0
                         CARRY8 (Prop_CARRY8_CI_CO[7])
                                                      0.022    10.036 r  u_accel/u_pool/g_fpu[7].u_fpu/e_reg[4][add_mag][7]_srl4_i_21/CO[7]
                         net (fo=1, unplaced)         0.005    10.041    u_accel/u_pool/g_fpu[7].u_fpu/e_reg[4][add_mag][7]_srl4_i_21_n_0
                         CARRY8 (Prop_CARRY8_CI_CO[7])
                                                      0.022    10.063 r  u_accel/u_pool/g_fpu[7].u_fpu/e_reg[4][add_mag][7]_srl4_i_25/CO[7]
                         net (fo=1, unplaced)         0.005    10.068    u_accel/u_pool/g_fpu[7].u_fpu/e_reg[4][add_mag][7]_srl4_i_25_n_0
                         CARRY8 (Prop_CARRY8_CI_O[0])
                                                      0.056    10.124 r  u_accel/u_pool/g_fpu[7].u_fpu/e_reg[4][add_mag][7]_srl4_i_71/O[0]
                         net (fo=1, unplaced)         0.186    10.310    u_accel/u_pool/g_fpu[7].u_fpu/e_reg[4][add_mag][7]_srl4_i_71_n_15
                         LUT6 (Prop_LUT6_I0_O)        0.038    10.348 f  u_accel/u_pool/g_fpu[7].u_fpu/e_reg[4][add_mag][7]_srl4_i_29/O
                         net (fo=1, unplaced)         0.186    10.534    u_accel/u_pool/g_fpu[7].u_fpu/e_reg[4][add_mag][7]_srl4_i_29_n_0
                         LUT5 (Prop_LUT5_I0_O)        0.038    10.572 f  u_accel/u_pool/g_fpu[7].u_fpu/e_reg[4][add_mag][7]_srl4_i_17/O
                         net (fo=1, unplaced)         0.186    10.758    u_accel/u_pool/g_fpu[7].u_fpu/e_reg[4][add_mag][7]_srl4_i_17_n_0
                         LUT6 (Prop_LUT6_I4_O)        0.038    10.796 r  u_accel/u_pool/g_fpu[7].u_fpu/e_reg[4][add_mag][7]_srl4_i_14/O
                         net (fo=1, unplaced)         0.186    10.982    u_accel/u_pool/g_fpu[7].u_fpu/e_reg[4][add_mag][7]_srl4_i_14_n_0
                         LUT4 (Prop_LUT4_I3_O)        0.038    11.020 r  u_accel/u_pool/g_fpu[7].u_fpu/e_reg[4][add_mag][7]_srl4_i_10/O
                         net (fo=1, unplaced)         0.020    11.040    u_accel/u_pool/g_fpu[7].u_fpu/e_reg[4][add_mag][7]_srl4_i_10_n_0
                         CARRY8 (Prop_CARRY8_S[0]_CO[7])
                                                      0.199    11.239 r  u_accel/u_pool/g_fpu[7].u_fpu/e_reg[4][add_mag][7]_srl4_i_1/CO[7]
                         net (fo=1, unplaced)         0.005    11.244    u_accel/u_pool/g_fpu[7].u_fpu/e_reg[4][add_mag][7]_srl4_i_1_n_0
                         CARRY8 (Prop_CARRY8_CI_CO[7])
                                                      0.022    11.266 r  u_accel/u_pool/g_fpu[7].u_fpu/e_reg[4][add_mag][15]_srl4_i_1/CO[7]
                         net (fo=1, unplaced)         0.005    11.271    u_accel/u_pool/g_fpu[7].u_fpu/e_reg[4][add_mag][15]_srl4_i_1_n_0
                         CARRY8 (Prop_CARRY8_CI_CO[7])
                                                      0.022    11.293 r  u_accel/u_pool/g_fpu[7].u_fpu/e_reg[4][add_mag][23]_srl4_i_1/CO[7]
                         net (fo=1, unplaced)         0.005    11.298    u_accel/u_pool/g_fpu[7].u_fpu/e_reg[4][add_mag][23]_srl4_i_1_n_0
                         CARRY8 (Prop_CARRY8_CI_O[2])
                                                      0.067    11.365 f  u_accel/u_pool/g_fpu[7].u_fpu/e_reg[4][add_mag][31]_srl4_i_1/O[2]
                         net (fo=2, unplaced)         0.188    11.553    u_accel/u_pool/g_fpu[7].u_fpu/e_reg[4][add_mag][31]_srl4_i_1_n_13
                         LUT4 (Prop_LUT4_I2_O)        0.090    11.643 f  u_accel/u_pool/g_fpu[7].u_fpu/e_reg[4][add_spec]_srl4_i_15/O
                         net (fo=1, unplaced)         0.186    11.829    u_accel/u_pool/g_fpu[7].u_fpu/e_reg[4][add_spec]_srl4_i_15_n_0
                         LUT5 (Prop_LUT5_I4_O)        0.038    11.867 f  u_accel/u_pool/g_fpu[7].u_fpu/e_reg[4][add_spec]_srl4_i_13/O
                         net (fo=1, unplaced)         0.186    12.053    u_accel/u_pool/g_fpu[7].u_fpu/e_reg[4][add_spec]_srl4_i_13_n_0
                         LUT6 (Prop_LUT6_I5_O)        0.038    12.091 f  u_accel/u_pool/g_fpu[7].u_fpu/e_reg[4][add_spec]_srl4_i_8/O
                         net (fo=1, unplaced)         0.186    12.277    u_accel/u_pool/g_fpu[7].u_fpu/e_reg[4][add_spec]_srl4_i_8_n_0
                         LUT6 (Prop_LUT6_I5_O)        0.038    12.315 r  u_accel/u_pool/g_fpu[7].u_fpu/e_reg[4][add_spec]_srl4_i_4/O
                         net (fo=1, unplaced)         0.186    12.501    u_accel/u_pool/g_fpu[7].u_fpu/e_reg[4][add_spec]_srl4_i_4_n_0
                         LUT4 (Prop_LUT4_I3_O)        0.070    12.571 r  u_accel/u_pool/g_fpu[7].u_fpu/e_reg[4][add_spec]_srl4_i_1/O
                         net (fo=1, unplaced)         0.228    12.799    u_accel/u_pool/g_fpu[7].u_fpu/e_reg[4][add_spec]_srl4_i_1_n_0
                         SRL16E                                       r  u_accel/u_pool/g_fpu[7].u_fpu/e_reg[4][add_spec]_srl4/D
  -------------------------------------------------------------------    -------------------

                         (clock clk rise edge)       10.000    10.000 r  
    E4                                                0.000    10.000 r  clk (IN)
                         net (fo=0)                   0.000    10.000    clk_IBUF_inst/I
    E4                   INBUF (Prop_INBUF_HDIOB_M_PAD_O)
                                                      0.533    10.533 r  clk_IBUF_inst/INBUF_INST/O
                         net (fo=1, routed)           0.000    10.533    clk_IBUF_inst/OUT
    E4                   IBUFCTRL (Prop_IBUFCTRL_HDIOB_M_I_O)
                                                      0.000    10.533 r  clk_IBUF_inst/IBUFCTRL_INST/O
                         net (fo=1, unplaced)         0.690    11.223    clk_IBUF
                         BUFGCE (Prop_BUFGCE_I_O)     0.024    11.247 r  clk_IBUF_BUFG_inst/O
                         net (fo=26398, unplaced)     2.439    13.686    u_accel/u_pool/g_fpu[7].u_fpu/clk
                         SRL16E                                       r  u_accel/u_pool/g_fpu[7].u_fpu/e_reg[4][add_spec]_srl4/CLK
                         clock pessimism              0.757    14.443    
                         clock uncertainty           -0.035    14.408    
                         SRL16E (Setup_SRL16E_CLK_D)
                                                     -0.060    14.348    u_accel/u_pool/g_fpu[7].u_fpu/e_reg[4][add_spec]_srl4
  -------------------------------------------------------------------
                         required time                         14.348    
                         arrival time                         -12.799    
  -------------------------------------------------------------------
                         slack                                  1.549    

Slack (MET) :             2.552ns  (required time - arrival time)
  Source:                 u_accel/u_pool/q_frv1_reg[0][29]/C
                            (rising edge-triggered cell FDRE clocked by clk  {rise@0.000ns fall@5.000ns period=10.000ns})
  Destination:            u_accel/u_pool/g_fpu[0].u_fpu/e_reg[4][add_mag][63]_srl4/D
                            (rising edge-triggered cell SRL16E clocked by clk  {rise@0.000ns fall@5.000ns period=10.000ns})
  Path Group:             clk
  Path Type:              Setup (Max at Slow Process Corner)
  Requirement:            10.000ns  (clk rise@10.000ns - clk rise@0.000ns)
  Data Path Delay:        7.208ns  (logic 2.240ns (31.077%)  route 4.968ns (68.923%))
  Logic Levels:           36  (CARRY8=15 LUT1=1 LUT2=3 LUT3=4 LUT4=4 LUT5=3 LUT6=6)
  Clock Path Skew:        -0.145ns (DCD - SCD + CPR)
    Destination Clock Delay (DCD):    3.686ns = ( 13.686 - 10.000 ) 
    Source Clock Delay      (SCD):    4.588ns
    Clock Pessimism Removal (CPR):    0.757ns
  Clock Uncertainty:      0.035ns  ((TSJ^2 + TIJ^2)^1/2 + DJ) / 2 + PE
    Total System Jitter     (TSJ):    0.071ns
    Total Input Jitter      (TIJ):    0.000ns
    Discrete Jitter          (DJ):    0.000ns
    Phase Error              (PE):    0.000ns

    Location             Delay type                Incr(ns)  Path(ns)    Netlist Resource(s)
  -------------------------------------------------------------------    -------------------
                         (clock clk rise edge)        0.000     0.000 r  
    E4                                                0.000     0.000 r  clk (IN)
                         net (fo=0)                   0.000     0.000    clk_IBUF_inst/I
    E4                   INBUF (Prop_INBUF_HDIOB_M_PAD_O)
                                                      1.040     1.040 r  clk_IBUF_inst/INBUF_INST/O
                         net (fo=1, routed)           0.000     1.040    clk_IBUF_inst/OUT
    E4                   IBUFCTRL (Prop_IBUFCTRL_HDIOB_M_I_O)
                                                      0.000     1.040 r  clk_IBUF_inst/IBUFCTRL_INST/O
                         net (fo=1, unplaced)         0.936     1.976    clk_IBUF
                         BUFGCE (Prop_BUFGCE_I_O)     0.028     2.004 r  clk_IBUF_BUFG_inst/O
                         net (fo=26398, unplaced)     2.584     4.588    u_accel/u_pool/clk
                         FDRE                                         r  u_accel/u_pool/q_frv1_reg[0][29]/C
  -------------------------------------------------------------------    -------------------
                         FDRE (Prop_FDRE_C_Q)         0.077     4.665 f  u_accel/u_pool/q_frv1_reg[0][29]/Q
                         net (fo=4, unplaced)         0.166     4.831    u_accel/u_pool/g_fpu[0].u_fpu/a[29]
                         LUT6 (Prop_LUT6_I0_O)        0.150     4.981 r  u_accel/u_pool/g_fpu[0].u_fpu/e_reg[4][sgnj_h][14]_srl4_i_8/O
                         net (fo=1, unplaced)         0.186     5.167    u_accel/u_pool/g_fpu[0].u_fpu/e_reg[4][sgnj_h][14]_srl4_i_8_n_0
                         LUT2 (Prop_LUT2_I1_O)        0.038     5.205 f  u_accel/u_pool/g_fpu[0].u_fpu/e_reg[4][sgnj_h][14]_srl4_i_5/O
                         net (fo=5, unplaced)         0.204     5.409    u_accel/u_pool/g_fpu[0].u_fpu/e_reg[4][sgnj_h][14]_srl4_i_5_n_0
                         LUT2 (Prop_LUT2_I1_O)        0.038     5.447 r  u_accel/u_pool/g_fpu[0].u_fpu/e[1][minmax_h][0]_i_2/O
                         net (fo=20, unplaced)        0.235     5.682    u_accel/u_pool/g_fpu[0].u_fpu/e[1][minmax_h][0]_i_2_n_0
                         LUT3 (Prop_LUT3_I0_O)        0.070     5.752 r  u_accel/u_pool/g_fpu[0].u_fpu/e_reg[4][sgnj_h][12]_srl4_i_1/O
                         net (fo=5, unplaced)         0.204     5.956    u_accel/u_pool/g_fpu[0].u_fpu/p_0_in[2]
                         LUT3 (Prop_LUT3_I2_O)        0.070     6.026 f  u_accel/u_pool/g_fpu[0].u_fpu/e_reg[4][opa][24]_srl4_i_5/O
                         net (fo=2, unplaced)         0.186     6.212    u_accel/u_pool/g_fpu[0].u_fpu/e_reg[4][opa][24]_srl4_i_5_n_0
                         LUT6 (Prop_LUT6_I1_O)        0.038     6.250 f  u_accel/u_pool/g_fpu[0].u_fpu/e_reg[4][opa][24]_srl4_i_3/O
                         net (fo=18, unplaced)        0.233     6.483    u_accel/u_pool/g_fpu[0].u_fpu/e_reg[4][opa][24]_srl4_i_3_n_0
                         LUT5 (Prop_LUT5_I2_O)        0.038     6.521 r  u_accel/u_pool/g_fpu[0].u_fpu/e_reg[4][opa][24]_srl4_i_1/O
                         net (fo=59, unplaced)        0.214     6.735    u_accel/u_pool/g_fpu[0].u_fpu/e_reg[4][opa][24]_srl4_i_1_n_0
                         LUT4 (Prop_LUT4_I0_O)        0.139     6.874 f  u_accel/u_pool/g_fpu[0].u_fpu/prod2_reg_i_57/O
                         net (fo=1, unplaced)         0.186     7.060    u_accel/u_pool/g_fpu[0].u_fpu/prod2_reg_i_57_n_0
                         LUT5 (Prop_LUT5_I0_O)        0.038     7.098 f  u_accel/u_pool/g_fpu[0].u_fpu/prod2_reg_i_42/O
                         net (fo=148, unplaced)       0.280     7.378    u_accel/u_pool/g_fpu[0].u_fpu/prod2_reg_i_42_n_0
                         LUT2 (Prop_LUT2_I1_O)        0.070     7.448 r  u_accel/u_pool/g_fpu[0].u_fpu/prod3_reg_i_7/O
                         net (fo=22, unplaced)        0.237     7.685    u_accel/u_pool/g_fpu[0].u_fpu/prod3_reg_i_7_n_0
                         LUT4 (Prop_LUT4_I3_O)        0.070     7.755 r  u_accel/u_pool/g_fpu[0].u_fpu/e_reg[4][add_ebig][7]_srl4_i_12/O
                         net (fo=1, unplaced)         0.260     8.015    u_accel/u_pool/g_fpu[0].u_fpu/e_reg[4][add_ebig][7]_srl4_i_12_n_0
                         CARRY8 (Prop_CARRY8_DI[0]_CO[3])
                                                      0.182     8.197 r  u_accel/u_pool/g_fpu[0].u_fpu/e_reg[4][add_ebig][7]_srl4_i_3/CO[3]
                         net (fo=1, unplaced)         0.091     8.288    u_accel/u_pool/g_fpu[0].u_fpu/p_73_in
                         LUT6 (Prop_LUT6_I1_O)        0.038     8.326 r  u_accel/u_pool/g_fpu[0].u_fpu/e_reg[4][add_ebig][7]_srl4_i_2/O
                         net (fo=96, unplaced)        0.271     8.597    u_accel/u_pool/g_fpu[0].u_fpu/e_reg[4][add_ebig][7]_srl4_i_2_n_0
                         LUT3 (Prop_LUT3_I1_O)        0.070     8.667 r  u_accel/u_pool/g_fpu[0].u_fpu/e_reg[4][add_mag][47]_srl4_i_45/O
                         net (fo=1, unplaced)         0.140     8.807    u_accel/u_pool/g_fpu[0].u_fpu/e_reg[4][add_mag][47]_srl4_i_45_n_0
                         LUT6 (Prop_LUT6_I1_O)        0.090     8.897 f  u_accel/u_pool/g_fpu[0].u_fpu/e_reg[4][add_mag][47]_srl4_i_25/O
                         net (fo=114, unplaced)       0.228     9.125    u_accel/u_pool/g_fpu[0].u_fpu/e_reg[4][add_mag][47]_srl4_i_25_n_0
                         LUT3 (Prop_LUT3_I0_O)        0.090     9.215 f  u_accel/u_pool/g_fpu[0].u_fpu/e_reg[4][add_mag][50]_srl4_i_7/O
                         net (fo=30, unplaced)        0.244     9.459    u_accel/u_pool/g_fpu[0].u_fpu/e_reg[4][add_mag][50]_srl4_i_7_n_0
                         LUT4 (Prop_LUT4_I3_O)        0.070     9.529 r  u_accel/u_pool/g_fpu[0].u_fpu/e_reg[4][add_mag][7]_srl4_i_134/O
                         net (fo=1, unplaced)         0.260     9.789    u_accel/u_pool/g_fpu[0].u_fpu/e_reg[4][add_mag][7]_srl4_i_134_n_0
                         CARRY8 (Prop_CARRY8_DI[0]_CO[7])
                                                      0.139     9.928 r  u_accel/u_pool/g_fpu[0].u_fpu/e_reg[4][add_mag][7]_srl4_i_109/CO[7]
                         net (fo=1, unplaced)         0.005     9.933    u_accel/u_pool/g_fpu[0].u_fpu/e_reg[4][add_mag][7]_srl4_i_109_n_0
                         CARRY8 (Prop_CARRY8_CI_CO[7])
                                                      0.022     9.955 r  u_accel/u_pool/g_fpu[0].u_fpu/e_reg[4][add_mag][7]_srl4_i_92/CO[7]
                         net (fo=1, unplaced)         0.005     9.960    u_accel/u_pool/g_fpu[0].u_fpu/e_reg[4][add_mag][7]_srl4_i_92_n_0
                         CARRY8 (Prop_CARRY8_CI_CO[7])
                                                      0.022     9.982 r  u_accel/u_pool/g_fpu[0].u_fpu/e_reg[4][add_mag][7]_srl4_i_74/CO[7]
                         net (fo=1, unplaced)         0.005     9.987    u_accel/u_pool/g_fpu[0].u_fpu/e_reg[4][add_mag][7]_srl4_i_74_n_0
                         CARRY8 (Prop_CARRY8_CI_CO[7])
                                                      0.022    10.009 r  u_accel/u_pool/g_fpu[0].u_fpu/e_reg[4][add_mag][7]_srl4_i_37/CO[7]
                         net (fo=1, unplaced)         0.005    10.014    u_accel/u_pool/g_fpu[0].u_fpu/e_reg[4][add_mag][7]_srl4_i_37_n_0
                         CARRY8 (Prop_CARRY8_CI_CO[7])
                                                      0.022    10.036 r  u_accel/u_pool/g_fpu[0].u_fpu/e_reg[4][add_mag][7]_srl4_i_21/CO[7]
                         net (fo=1, unplaced)         0.005    10.041    u_accel/u_pool/g_fpu[0].u_fpu/e_reg[4][add_mag][7]_srl4_i_21_n_0
                         CARRY8 (Prop_CARRY8_CI_CO[7])
                                                      0.022    10.063 r  u_accel/u_pool/g_fpu[0].u_fpu/e_reg[4][add_mag][7]_srl4_i_25/CO[7]
                         net (fo=1, unplaced)         0.005    10.068    u_accel/u_pool/g_fpu[0].u_fpu/e_reg[4][add_mag][7]_srl4_i_25_n_0
                         CARRY8 (Prop_CARRY8_CI_O[0])
                                                      0.056    10.124 r  u_accel/u_pool/g_fpu[0].u_fpu/e_reg[4][add_mag][7]_srl4_i_71/O[0]
                         net (fo=1, unplaced)         0.186    10.310    u_accel/u_pool/g_fpu[0].u_fpu/e_reg[4][add_mag][7]_srl4_i_71_n_15
                         LUT6 (Prop_LUT6_I0_O)        0.038    10.348 f  u_accel/u_pool/g_fpu[0].u_fpu/e_reg[4][add_mag][7]_srl4_i_29/O
                         net (fo=1, unplaced)         0.186    10.534    u_accel/u_pool/g_fpu[0].u_fpu/e_reg[4][add_mag][7]_srl4_i_29_n_0
                         LUT5 (Prop_LUT5_I0_O)        0.038    10.572 f  u_accel/u_pool/g_fpu[0].u_fpu/e_reg[4][add_mag][7]_srl4_i_17/O
                         net (fo=1, unplaced)         0.186    10.758    u_accel/u_pool/g_fpu[0].u_fpu/e_reg[4][add_mag][7]_srl4_i_17_n_0
                         LUT6 (Prop_LUT6_I4_O)        0.038    10.796 r  u_accel/u_pool/g_fpu[0].u_fpu/e_reg[4][add_mag][7]_srl4_i_14/O
                         net (fo=1, unplaced)         0.186    10.982    u_accel/u_pool/g_fpu[0].u_fpu/e_reg[4][add_mag][7]_srl4_i_14_n_0
                         LUT4 (Prop_LUT4_I3_O)        0.038    11.020 r  u_accel/u_pool/g_fpu[0].u_fpu/e_reg[4][add_mag][7]_srl4_i_10/O
                         net (fo=1, unplaced)         0.020    11.040    u_accel/u_pool/g_fpu[0].u_fpu/e_reg[4][add_mag][7]_srl4_i_10_n_0
                         CARRY8 (Prop_CARRY8_S[0]_CO[7])
                                                      0.199    11.239 f  u_accel/u_pool/g_fpu[0].u_fpu/e_reg[4][add_mag][7]_srl4_i_1/CO[7]
                         net (fo=1, unplaced)         0.005    11.244    u_accel/u_pool/g_fpu[0].u_fpu/e_reg[4][add_mag][7]_srl4_i_1_n_0
                         CARRY8 (Prop_CARRY8_CI_CO[7])
                                                      0.022    11.266 f  u_accel/u_pool/g_fpu[0].u_fpu/e_reg[4][add_mag][15]_srl4_i_1/CO[7]
                         net (fo=1, unplaced)         0.005    11.271    u_accel/u_pool/g_fpu[0].u_fpu/e_reg[4][add_mag][15]_srl4_i_1_n_0
                         CARRY8 (Prop_CARRY8_CI_CO[7])
                                                      0.022    11.293 f  u_accel/u_pool/g_fpu[0].u_fpu/e_reg[4][add_mag][23]_srl4_i_1/CO[7]
                         net (fo=1, unplaced)         0.005    11.298    u_accel/u_pool/g_fpu[0].u_fpu/e_reg[4][add_mag][23]_srl4_i_1_n_0
                         CARRY8 (Prop_CARRY8_CI_CO[7])
                                                      0.022    11.320 f  u_accel/u_pool/g_fpu[0].u_fpu/e_reg[4][add_mag][31]_srl4_i_1/CO[7]
                         net (fo=1, unplaced)         0.005    11.325    u_accel/u_pool/g_fpu[0].u_fpu/e_reg[4][add_mag][31]_srl4_i_1_n_0
                         CARRY8 (Prop_CARRY8_CI_CO[7])
                                                      0.022    11.347 f  u_accel/u_pool/g_fpu[0].u_fpu/e_reg[4][add_mag][39]_srl4_i_1/CO[7]
                         net (fo=1, unplaced)         0.005    11.352    u_accel/u_pool/g_fpu[0].u_fpu/e_reg[4][add_mag][39]_srl4_i_1_n_0
                         CARRY8 (Prop_CARRY8_CI_CO[7])
                                                      0.022    11.374 f  u_accel/u_pool/g_fpu[0].u_fpu/e_reg[4][add_mag][47]_srl4_i_1/CO[7]
                         net (fo=1, unplaced)         0.005    11.379    u_accel/u_pool/g_fpu[0].u_fpu/e_reg[4][add_mag][47]_srl4_i_1_n_0
                         CARRY8 (Prop_CARRY8_CI_CO[3])
                                                      0.060    11.439 f  u_accel/u_pool/g_fpu[0].u_fpu/e_reg[4][add_mag][50]_srl4_i_1/CO[3]
                         net (fo=2, unplaced)         0.091    11.530    u_accel/u_pool/g_fpu[0].u_fpu/e_reg[4][add_mag][50]_srl4_i_1_n_4
                         LUT1 (Prop_LUT1_I0_O)        0.038    11.568 r  u_accel/u_pool/g_fpu[0].u_fpu/e_reg[4][add_mag][63]_srl4_i_1/O
                         net (fo=1, unplaced)         0.228    11.796    u_accel/u_pool/g_fpu[0].u_fpu/e_reg[4][add_mag][63]_srl4_i_1_n_0
                         SRL16E                                       r  u_accel/u_pool/g_fpu[0].u_fpu/e_reg[4][add_mag][63]_srl4/D
  -------------------------------------------------------------------    -------------------

                         (clock clk rise edge)       10.000    10.000 r  
    E4                                                0.000    10.000 r  clk (IN)
                         net (fo=0)                   0.000    10.000    clk_IBUF_inst/I
    E4                   INBUF (Prop_INBUF_HDIOB_M_PAD_O)
                                                      0.533    10.533 r  clk_IBUF_inst/INBUF_INST/O
                         net (fo=1, routed)           0.000    10.533    clk_IBUF_inst/OUT
    E4                   IBUFCTRL (Prop_IBUFCTRL_HDIOB_M_I_O)
                                                      0.000    10.533 r  clk_IBUF_inst/IBUFCTRL_INST/O
                         net (fo=1, unplaced)         0.690    11.223    clk_IBUF
                         BUFGCE (Prop_BUFGCE_I_O)     0.024    11.247 r  clk_IBUF_BUFG_inst/O
                         net (fo=26398, unplaced)     2.439    13.686    u_accel/u_pool/g_fpu[0].u_fpu/clk
                         SRL16E                                       r  u_accel/u_pool/g_fpu[0].u_fpu/e_reg[4][add_mag][63]_srl4/CLK
                         clock pessimism              0.757    14.443    
                         clock uncertainty           -0.035    14.408    
                         SRL16E (Setup_SRL16E_CLK_D)
                                                     -0.060    14.348    u_accel/u_pool/g_fpu[0].u_fpu/e_reg[4][add_mag][63]_srl4
  -------------------------------------------------------------------
                         required time                         14.348    
                         arrival time                         -11.796    
  -------------------------------------------------------------------
                         slack                                  2.552    

Slack (MET) :             2.552ns  (required time - arrival time)
  Source:                 u_accel/u_pool/q_frv1_reg[1][29]/C
                            (rising edge-triggered cell FDRE clocked by clk  {rise@0.000ns fall@5.000ns period=10.000ns})
  Destination:            u_accel/u_pool/g_fpu[1].u_fpu/e_reg[4][add_mag][63]_srl4/D
                            (rising edge-triggered cell SRL16E clocked by clk  {rise@0.000ns fall@5.000ns period=10.000ns})
  Path Group:             clk
  Path Type:              Setup (Max at Slow Process Corner)
  Requirement:            10.000ns  (clk rise@10.000ns - clk rise@0.000ns)
  Data Path Delay:        7.208ns  (logic 2.240ns (31.077%)  route 4.968ns (68.923%))
  Logic Levels:           36  (CARRY8=15 LUT1=1 LUT2=3 LUT3=4 LUT4=4 LUT5=3 LUT6=6)
  Clock Path Skew:        -0.145ns (DCD - SCD + CPR)
    Destination Clock Delay (DCD):    3.686ns = ( 13.686 - 10.000 ) 
    Source Clock Delay      (SCD):    4.588ns
    Clock Pessimism Removal (CPR):    0.757ns
  Clock Uncertainty:      0.035ns  ((TSJ^2 + TIJ^2)^1/2 + DJ) / 2 + PE
    Total System Jitter     (TSJ):    0.071ns
    Total Input Jitter      (TIJ):    0.000ns
    Discrete Jitter          (DJ):    0.000ns
    Phase Error              (PE):    0.000ns

    Location             Delay type                Incr(ns)  Path(ns)    Netlist Resource(s)
  -------------------------------------------------------------------    -------------------
                         (clock clk rise edge)        0.000     0.000 r  
    E4                                                0.000     0.000 r  clk (IN)
                         net (fo=0)                   0.000     0.000    clk_IBUF_inst/I
    E4                   INBUF (Prop_INBUF_HDIOB_M_PAD_O)
                                                      1.040     1.040 r  clk_IBUF_inst/INBUF_INST/O
                         net (fo=1, routed)           0.000     1.040    clk_IBUF_inst/OUT
    E4                   IBUFCTRL (Prop_IBUFCTRL_HDIOB_M_I_O)
                                                      0.000     1.040 r  clk_IBUF_inst/IBUFCTRL_INST/O
                         net (fo=1, unplaced)         0.936     1.976    clk_IBUF
                         BUFGCE (Prop_BUFGCE_I_O)     0.028     2.004 r  clk_IBUF_BUFG_inst/O
                         net (fo=26398, unplaced)     2.584     4.588    u_accel/u_pool/clk
                         FDRE                                         r  u_accel/u_pool/q_frv1_reg[1][29]/C
  -------------------------------------------------------------------    -------------------
                         FDRE (Prop_FDRE_C_Q)         0.077     4.665 f  u_accel/u_pool/q_frv1_reg[1][29]/Q
                         net (fo=4, unplaced)         0.166     4.831    u_accel/u_pool/g_fpu[1].u_fpu/a[29]
                         LUT6 (Prop_LUT6_I0_O)        0.150     4.981 r  u_accel/u_pool/g_fpu[1].u_fpu/e_reg[4][sgnj_h][14]_srl4_i_8/O
                         net (fo=1, unplaced)         0.186     5.167    u_accel/u_pool/g_fpu[1].u_fpu/e_reg[4][sgnj_h][14]_srl4_i_8_n_0
                         LUT2 (Prop_LUT2_I1_O)        0.038     5.205 f  u_accel/u_pool/g_fpu[1].u_fpu/e_reg[4][sgnj_h][14]_srl4_i_5/O
                         net (fo=5, unplaced)         0.204     5.409    u_accel/u_pool/g_fpu[1].u_fpu/e_reg[4][sgnj_h][14]_srl4_i_5_n_0
                         LUT2 (Prop_LUT2_I1_O)        0.038     5.447 r  u_accel/u_pool/g_fpu[1].u_fpu/e[1][minmax_h][0]_i_2/O
                         net (fo=20, unplaced)        0.235     5.682    u_accel/u_pool/g_fpu[1].u_fpu/e[1][minmax_h][0]_i_2_n_0
                         LUT3 (Prop_LUT3_I0_O)        0.070     5.752 r  u_accel/u_pool/g_fpu[1].u_fpu/e_reg[4][sgnj_h][12]_srl4_i_1/O
                         net (fo=5, unplaced)         0.204     5.956    u_accel/u_pool/g_fpu[1].u_fpu/p_0_in[2]
                         LUT3 (Prop_LUT3_I2_O)        0.070     6.026 f  u_accel/u_pool/g_fpu[1].u_fpu/e_reg[4][opa][24]_srl4_i_5/O
                         net (fo=2, unplaced)         0.186     6.212    u_accel/u_pool/g_fpu[1].u_fpu/e_reg[4][opa][24]_srl4_i_5_n_0
                         LUT6 (Prop_LUT6_I1_O)        0.038     6.250 f  u_accel/u_pool/g_fpu[1].u_fpu/e_reg[4][opa][24]_srl4_i_3/O
                         net (fo=18, unplaced)        0.233     6.483    u_accel/u_pool/g_fpu[1].u_fpu/e_reg[4][opa][24]_srl4_i_3_n_0
                         LUT5 (Prop_LUT5_I2_O)        0.038     6.521 r  u_accel/u_pool/g_fpu[1].u_fpu/e_reg[4][opa][24]_srl4_i_1/O
                         net (fo=59, unplaced)        0.214     6.735    u_accel/u_pool/g_fpu[1].u_fpu/e_reg[4][opa][24]_srl4_i_1_n_0
                         LUT4 (Prop_LUT4_I0_O)        0.139     6.874 f  u_accel/u_pool/g_fpu[1].u_fpu/prod2_reg_i_57/O
                         net (fo=1, unplaced)         0.186     7.060    u_accel/u_pool/g_fpu[1].u_fpu/prod2_reg_i_57_n_0
                         LUT5 (Prop_LUT5_I0_O)        0.038     7.098 f  u_accel/u_pool/g_fpu[1].u_fpu/prod2_reg_i_42/O
                         net (fo=148, unplaced)       0.280     7.378    u_accel/u_pool/g_fpu[1].u_fpu/prod2_reg_i_42_n_0
                         LUT2 (Prop_LUT2_I1_O)        0.070     7.448 r  u_accel/u_pool/g_fpu[1].u_fpu/prod3_reg_i_7/O
                         net (fo=22, unplaced)        0.237     7.685    u_accel/u_pool/g_fpu[1].u_fpu/prod3_reg_i_7_n_0
                         LUT4 (Prop_LUT4_I3_O)        0.070     7.755 r  u_accel/u_pool/g_fpu[1].u_fpu/e_reg[4][add_ebig][7]_srl4_i_12/O
                         net (fo=1, unplaced)         0.260     8.015    u_accel/u_pool/g_fpu[1].u_fpu/e_reg[4][add_ebig][7]_srl4_i_12_n_0
                         CARRY8 (Prop_CARRY8_DI[0]_CO[3])
                                                      0.182     8.197 r  u_accel/u_pool/g_fpu[1].u_fpu/e_reg[4][add_ebig][7]_srl4_i_3/CO[3]
                         net (fo=1, unplaced)         0.091     8.288    u_accel/u_pool/g_fpu[1].u_fpu/p_73_in
                         LUT6 (Prop_LUT6_I1_O)        0.038     8.326 r  u_accel/u_pool/g_fpu[1].u_fpu/e_reg[4][add_ebig][7]_srl4_i_2/O
                         net (fo=96, unplaced)        0.271     8.597    u_accel/u_pool/g_fpu[1].u_fpu/e_reg[4][add_ebig][7]_srl4_i_2_n_0
                         LUT3 (Prop_LUT3_I1_O)        0.070     8.667 r  u_accel/u_pool/g_fpu[1].u_fpu/e_reg[4][add_mag][47]_srl4_i_45/O
                         net (fo=1, unplaced)         0.140     8.807    u_accel/u_pool/g_fpu[1].u_fpu/e_reg[4][add_mag][47]_srl4_i_45_n_0
                         LUT6 (Prop_LUT6_I1_O)        0.090     8.897 f  u_accel/u_pool/g_fpu[1].u_fpu/e_reg[4][add_mag][47]_srl4_i_25/O
                         net (fo=114, unplaced)       0.228     9.125    u_accel/u_pool/g_fpu[1].u_fpu/e_reg[4][add_mag][47]_srl4_i_25_n_0
                         LUT3 (Prop_LUT3_I0_O)        0.090     9.215 f  u_accel/u_pool/g_fpu[1].u_fpu/e_reg[4][add_mag][50]_srl4_i_7/O
                         net (fo=30, unplaced)        0.244     9.459    u_accel/u_pool/g_fpu[1].u_fpu/e_reg[4][add_mag][50]_srl4_i_7_n_0
                         LUT4 (Prop_LUT4_I3_O)        0.070     9.529 r  u_accel/u_pool/g_fpu[1].u_fpu/e_reg[4][add_mag][7]_srl4_i_134/O
                         net (fo=1, unplaced)         0.260     9.789    u_accel/u_pool/g_fpu[1].u_fpu/e_reg[4][add_mag][7]_srl4_i_134_n_0
                         CARRY8 (Prop_CARRY8_DI[0]_CO[7])
                                                      0.139     9.928 r  u_accel/u_pool/g_fpu[1].u_fpu/e_reg[4][add_mag][7]_srl4_i_109/CO[7]
                         net (fo=1, unplaced)         0.005     9.933    u_accel/u_pool/g_fpu[1].u_fpu/e_reg[4][add_mag][7]_srl4_i_109_n_0
                         CARRY8 (Prop_CARRY8_CI_CO[7])
                                                      0.022     9.955 r  u_accel/u_pool/g_fpu[1].u_fpu/e_reg[4][add_mag][7]_srl4_i_92/CO[7]
                         net (fo=1, unplaced)         0.005     9.960    u_accel/u_pool/g_fpu[1].u_fpu/e_reg[4][add_mag][7]_srl4_i_92_n_0
                         CARRY8 (Prop_CARRY8_CI_CO[7])
                                                      0.022     9.982 r  u_accel/u_pool/g_fpu[1].u_fpu/e_reg[4][add_mag][7]_srl4_i_74/CO[7]
                         net (fo=1, unplaced)         0.005     9.987    u_accel/u_pool/g_fpu[1].u_fpu/e_reg[4][add_mag][7]_srl4_i_74_n_0
                         CARRY8 (Prop_CARRY8_CI_CO[7])
                                                      0.022    10.009 r  u_accel/u_pool/g_fpu[1].u_fpu/e_reg[4][add_mag][7]_srl4_i_37/CO[7]
                         net (fo=1, unplaced)         0.005    10.014    u_accel/u_pool/g_fpu[1].u_fpu/e_reg[4][add_mag][7]_srl4_i_37_n_0
                         CARRY8 (Prop_CARRY8_CI_CO[7])
                                                      0.022    10.036 r  u_accel/u_pool/g_fpu[1].u_fpu/e_reg[4][add_mag][7]_srl4_i_21/CO[7]
                         net (fo=1, unplaced)         0.005    10.041    u_accel/u_pool/g_fpu[1].u_fpu/e_reg[4][add_mag][7]_srl4_i_21_n_0
                         CARRY8 (Prop_CARRY8_CI_CO[7])
                                                      0.022    10.063 r  u_accel/u_pool/g_fpu[1].u_fpu/e_reg[4][add_mag][7]_srl4_i_25/CO[7]
                         net (fo=1, unplaced)         0.005    10.068    u_accel/u_pool/g_fpu[1].u_fpu/e_reg[4][add_mag][7]_srl4_i_25_n_0
                         CARRY8 (Prop_CARRY8_CI_O[0])
                                                      0.056    10.124 r  u_accel/u_pool/g_fpu[1].u_fpu/e_reg[4][add_mag][7]_srl4_i_71/O[0]
                         net (fo=1, unplaced)         0.186    10.310    u_accel/u_pool/g_fpu[1].u_fpu/e_reg[4][add_mag][7]_srl4_i_71_n_15
                         LUT6 (Prop_LUT6_I0_O)        0.038    10.348 f  u_accel/u_pool/g_fpu[1].u_fpu/e_reg[4][add_mag][7]_srl4_i_29/O
                         net (fo=1, unplaced)         0.186    10.534    u_accel/u_pool/g_fpu[1].u_fpu/e_reg[4][add_mag][7]_srl4_i_29_n_0
                         LUT5 (Prop_LUT5_I0_O)        0.038    10.572 f  u_accel/u_pool/g_fpu[1].u_fpu/e_reg[4][add_mag][7]_srl4_i_17/O
                         net (fo=1, unplaced)         0.186    10.758    u_accel/u_pool/g_fpu[1].u_fpu/e_reg[4][add_mag][7]_srl4_i_17_n_0
                         LUT6 (Prop_LUT6_I4_O)        0.038    10.796 r  u_accel/u_pool/g_fpu[1].u_fpu/e_reg[4][add_mag][7]_srl4_i_14/O
                         net (fo=1, unplaced)         0.186    10.982    u_accel/u_pool/g_fpu[1].u_fpu/e_reg[4][add_mag][7]_srl4_i_14_n_0
                         LUT4 (Prop_LUT4_I3_O)        0.038    11.020 r  u_accel/u_pool/g_fpu[1].u_fpu/e_reg[4][add_mag][7]_srl4_i_10/O
                         net (fo=1, unplaced)         0.020    11.040    u_accel/u_pool/g_fpu[1].u_fpu/e_reg[4][add_mag][7]_srl4_i_10_n_0
                         CARRY8 (Prop_CARRY8_S[0]_CO[7])
                                                      0.199    11.239 f  u_accel/u_pool/g_fpu[1].u_fpu/e_reg[4][add_mag][7]_srl4_i_1/CO[7]
                         net (fo=1, unplaced)         0.005    11.244    u_accel/u_pool/g_fpu[1].u_fpu/e_reg[4][add_mag][7]_srl4_i_1_n_0
                         CARRY8 (Prop_CARRY8_CI_CO[7])
                                                      0.022    11.266 f  u_accel/u_pool/g_fpu[1].u_fpu/e_reg[4][add_mag][15]_srl4_i_1/CO[7]
                         net (fo=1, unplaced)         0.005    11.271    u_accel/u_pool/g_fpu[1].u_fpu/e_reg[4][add_mag][15]_srl4_i_1_n_0
                         CARRY8 (Prop_CARRY8_CI_CO[7])
                                                      0.022    11.293 f  u_accel/u_pool/g_fpu[1].u_fpu/e_reg[4][add_mag][23]_srl4_i_1/CO[7]
                         net (fo=1, unplaced)         0.005    11.298    u_accel/u_pool/g_fpu[1].u_fpu/e_reg[4][add_mag][23]_srl4_i_1_n_0
                         CARRY8 (Prop_CARRY8_CI_CO[7])
                                                      0.022    11.320 f  u_accel/u_pool/g_fpu[1].u_fpu/e_reg[4][add_mag][31]_srl4_i_1/CO[7]
                         net (fo=1, unplaced)         0.005    11.325    u_accel/u_pool/g_fpu[1].u_fpu/e_reg[4][add_mag][31]_srl4_i_1_n_0
                         CARRY8 (Prop_CARRY8_CI_CO[7])
                                                      0.022    11.347 f  u_accel/u_pool/g_fpu[1].u_fpu/e_reg[4][add_mag][39]_srl4_i_1/CO[7]
                         net (fo=1, unplaced)         0.005    11.352    u_accel/u_pool/g_fpu[1].u_fpu/e_reg[4][add_mag][39]_srl4_i_1_n_0
                         CARRY8 (Prop_CARRY8_CI_CO[7])
                                                      0.022    11.374 f  u_accel/u_pool/g_fpu[1].u_fpu/e_reg[4][add_mag][47]_srl4_i_1/CO[7]
                         net (fo=1, unplaced)         0.005    11.379    u_accel/u_pool/g_fpu[1].u_fpu/e_reg[4][add_mag][47]_srl4_i_1_n_0
                         CARRY8 (Prop_CARRY8_CI_CO[3])
                                                      0.060    11.439 f  u_accel/u_pool/g_fpu[1].u_fpu/e_reg[4][add_mag][50]_srl4_i_1/CO[3]
                         net (fo=2, unplaced)         0.091    11.530    u_accel/u_pool/g_fpu[1].u_fpu/e_reg[4][add_mag][50]_srl4_i_1_n_4
                         LUT1 (Prop_LUT1_I0_O)        0.038    11.568 r  u_accel/u_pool/g_fpu[1].u_fpu/e_reg[4][add_mag][63]_srl4_i_1/O
                         net (fo=1, unplaced)         0.228    11.796    u_accel/u_pool/g_fpu[1].u_fpu/e_reg[4][add_mag][63]_srl4_i_1_n_0
                         SRL16E                                       r  u_accel/u_pool/g_fpu[1].u_fpu/e_reg[4][add_mag][63]_srl4/D
  -------------------------------------------------------------------    -------------------

                         (clock clk rise edge)       10.000    10.000 r  
    E4                                                0.000    10.000 r  clk (IN)
                         net (fo=0)                   0.000    10.000    clk_IBUF_inst/I
    E4                   INBUF (Prop_INBUF_HDIOB_M_PAD_O)
                                                      0.533    10.533 r  clk_IBUF_inst/INBUF_INST/O
                         net (fo=1, routed)           0.000    10.533    clk_IBUF_inst/OUT
    E4                   IBUFCTRL (Prop_IBUFCTRL_HDIOB_M_I_O)
                                                      0.000    10.533 r  clk_IBUF_inst/IBUFCTRL_INST/O
                         net (fo=1, unplaced)         0.690    11.223    clk_IBUF
                         BUFGCE (Prop_BUFGCE_I_O)     0.024    11.247 r  clk_IBUF_BUFG_inst/O
                         net (fo=26398, unplaced)     2.439    13.686    u_accel/u_pool/g_fpu[1].u_fpu/clk
                         SRL16E                                       r  u_accel/u_pool/g_fpu[1].u_fpu/e_reg[4][add_mag][63]_srl4/CLK
                         clock pessimism              0.757    14.443    
                         clock uncertainty           -0.035    14.408    
                         SRL16E (Setup_SRL16E_CLK_D)
                                                     -0.060    14.348    u_accel/u_pool/g_fpu[1].u_fpu/e_reg[4][add_mag][63]_srl4
  -------------------------------------------------------------------
                         required time                         14.348    
                         arrival time                         -11.796    
  -------------------------------------------------------------------
                         slack                                  2.552    





Min Delay Paths
--------------------------------------------------------------------------------------
Slack (VIOLATED) :        -0.082ns  (arrival time - required time)
  Source:                 u_accel/cyc_count_reg[10]/C
                            (rising edge-triggered cell FDRE clocked by clk  {rise@0.000ns fall@5.000ns period=10.000ns})
  Destination:            u_accel/cycles_reg[10]/D
                            (rising edge-triggered cell FDRE clocked by clk  {rise@0.000ns fall@5.000ns period=10.000ns})
  Path Group:             clk
  Path Type:              Hold (Min at Fast Process Corner)
  Requirement:            0.000ns  (clk rise@0.000ns - clk rise@0.000ns)
  Data Path Delay:        0.109ns  (logic 0.056ns (51.376%)  route 0.053ns (48.624%))
  Logic Levels:           1  (CARRY8=1)
  Clock Path Skew:        0.145ns (DCD - SCD - CPR)
    Destination Clock Delay (DCD):    2.605ns
    Source Clock Delay      (SCD):    1.987ns
    Clock Pessimism Removal (CPR):    0.473ns

    Location             Delay type                Incr(ns)  Path(ns)    Netlist Resource(s)
  -------------------------------------------------------------------    -------------------
                         (clock clk rise edge)        0.000     0.000 r  
    E4                                                0.000     0.000 r  clk (IN)
                         net (fo=0)                   0.000     0.000    clk_IBUF_inst/I
    E4                   INBUF (Prop_INBUF_HDIOB_M_PAD_O)
                                                      0.374     0.374 r  clk_IBUF_inst/INBUF_INST/O
                         net (fo=1, routed)           0.000     0.374    clk_IBUF_inst/OUT
    E4                   IBUFCTRL (Prop_IBUFCTRL_HDIOB_M_I_O)
                                                      0.000     0.374 r  clk_IBUF_inst/IBUFCTRL_INST/O
                         net (fo=1, unplaced)         0.482     0.856    clk_IBUF
                         BUFGCE (Prop_BUFGCE_I_O)     0.017     0.873 r  clk_IBUF_BUFG_inst/O
                         net (fo=26398, unplaced)     1.114     1.987    u_accel/clk
                         FDRE                                         r  u_accel/cyc_count_reg[10]/C
  -------------------------------------------------------------------    -------------------
                         FDRE (Prop_FDRE_C_Q)         0.038     2.025 r  u_accel/cyc_count_reg[10]/Q
                         net (fo=1, unplaced)         0.046     2.071    u_accel/cyc_count_reg_n_0_[10]
                         CARRY8 (Prop_CARRY8_S[1]_O[1])
                                                      0.018     2.089 r  u_accel/cycles_reg[16]_i_1/O[1]
                         net (fo=2, unplaced)         0.007     2.096    u_accel/p_0_in[10]
                         FDRE                                         r  u_accel/cycles_reg[10]/D
  -------------------------------------------------------------------    -------------------

                         (clock clk rise edge)        0.000     0.000 r  
    E4                                                0.000     0.000 r  clk (IN)
                         net (fo=0)                   0.000     0.000    clk_IBUF_inst/I
    E4                   INBUF (Prop_INBUF_HDIOB_M_PAD_O)
                                                      0.662     0.662 r  clk_IBUF_inst/INBUF_INST/O
                         net (fo=1, routed)           0.000     0.662    clk_IBUF_inst/OUT
    E4                   IBUFCTRL (Prop_IBUFCTRL_HDIOB_M_I_O)
                                                      0.000     0.662 r  clk_IBUF_inst/IBUFCTRL_INST/O
                         net (fo=1, unplaced)         0.665     1.327    clk_IBUF
                         BUFGCE (Prop_BUFGCE_I_O)     0.019     1.346 r  clk_IBUF_BUFG_inst/O
                         net (fo=26398, unplaced)     1.259     2.605    u_accel/clk
                         FDRE                                         r  u_accel/cycles_reg[10]/C
                         clock pessimism             -0.473     2.132    
                         FDRE (Hold_FDRE_C_D)         0.046     2.178    u_accel/cycles_reg[10]
  -------------------------------------------------------------------
                         required time                         -2.178    
                         arrival time                           2.096    
  -------------------------------------------------------------------
                         slack                                 -0.082    

Slack (VIOLATED) :        -0.082ns  (arrival time - required time)
  Source:                 u_accel/cyc_count_reg[18]/C
                            (rising edge-triggered cell FDRE clocked by clk  {rise@0.000ns fall@5.000ns period=10.000ns})
  Destination:            u_accel/cycles_reg[18]/D
                            (rising edge-triggered cell FDRE clocked by clk  {rise@0.000ns fall@5.000ns period=10.000ns})
  Path Group:             clk
  Path Type:              Hold (Min at Fast Process Corner)
  Requirement:            0.000ns  (clk rise@0.000ns - clk rise@0.000ns)
  Data Path Delay:        0.109ns  (logic 0.056ns (51.376%)  route 0.053ns (48.624%))
  Logic Levels:           1  (CARRY8=1)
  Clock Path Skew:        0.145ns (DCD - SCD - CPR)
    Destination Clock Delay (DCD):    2.605ns
    Source Clock Delay      (SCD):    1.987ns
    Clock Pessimism Removal (CPR):    0.473ns

    Location             Delay type                Incr(ns)  Path(ns)    Netlist Resource(s)
  -------------------------------------------------------------------    -------------------
                         (clock clk rise edge)        0.000     0.000 r  
    E4                                                0.000     0.000 r  clk (IN)
                         net (fo=0)                   0.000     0.000    clk_IBUF_inst/I
    E4                   INBUF (Prop_INBUF_HDIOB_M_PAD_O)
                                                      0.374     0.374 r  clk_IBUF_inst/INBUF_INST/O
                         net (fo=1, routed)           0.000     0.374    clk_IBUF_inst/OUT
    E4                   IBUFCTRL (Prop_IBUFCTRL_HDIOB_M_I_O)
                                                      0.000     0.374 r  clk_IBUF_inst/IBUFCTRL_INST/O
                         net (fo=1, unplaced)         0.482     0.856    clk_IBUF
                         BUFGCE (Prop_BUFGCE_I_O)     0.017     0.873 r  clk_IBUF_BUFG_inst/O
                         net (fo=26398, unplaced)     1.114     1.987    u_accel/clk
                         FDRE                                         r  u_accel/cyc_count_reg[18]/C
  -------------------------------------------------------------------    -------------------
                         FDRE (Prop_FDRE_C_Q)         0.038     2.025 r  u_accel/cyc_count_reg[18]/Q
                         net (fo=1, unplaced)         0.046     2.071    u_accel/cyc_count_reg_n_0_[18]
                         CARRY8 (Prop_CARRY8_S[1]_O[1])
                                                      0.018     2.089 r  u_accel/cycles_reg[24]_i_1/O[1]
                         net (fo=2, unplaced)         0.007     2.096    u_accel/p_0_in[18]
                         FDRE                                         r  u_accel/cycles_reg[18]/D
  -------------------------------------------------------------------    -------------------

                         (clock clk rise edge)        0.000     0.000 r  
    E4                                                0.000     0.000 r  clk (IN)
                         net (fo=0)                   0.000     0.000    clk_IBUF_inst/I
    E4                   INBUF (Prop_INBUF_HDIOB_M_PAD_O)
                                                      0.662     0.662 r  clk_IBUF_inst/INBUF_INST/O
                         net (fo=1, routed)           0.000     0.662    clk_IBUF_inst/OUT
    E4                   IBUFCTRL (Prop_IBUFCTRL_HDIOB_M_I_O)
                                                      0.000     0.662 r  clk_IBUF_inst/IBUFCTRL_INST/O
                         net (fo=1, unplaced)         0.665     1.327    clk_IBUF
                         BUFGCE (Prop_BUFGCE_I_O)     0.019     1.346 r  clk_IBUF_BUFG_inst/O
                         net (fo=26398, unplaced)     1.259     2.605    u_accel/clk
                         FDRE                                         r  u_accel/cycles_reg[18]/C
                         clock pessimism             -0.473     2.132    
                         FDRE (Hold_FDRE_C_D)         0.046     2.178    u_accel/cycles_reg[18]
  -------------------------------------------------------------------
                         required time                         -2.178    
                         arrival time                           2.096    
  -------------------------------------------------------------------
                         slack                                 -0.082    

Slack (VIOLATED) :        -0.082ns  (arrival time - required time)
  Source:                 u_accel/cyc_count_reg[26]/C
                            (rising edge-triggered cell FDRE clocked by clk  {rise@0.000ns fall@5.000ns period=10.000ns})
  Destination:            u_accel/cycles_reg[26]/D
                            (rising edge-triggered cell FDRE clocked by clk  {rise@0.000ns fall@5.000ns period=10.000ns})
  Path Group:             clk
  Path Type:              Hold (Min at Fast Process Corner)
  Requirement:            0.000ns  (clk rise@0.000ns - clk rise@0.000ns)
  Data Path Delay:        0.109ns  (logic 0.056ns (51.376%)  route 0.053ns (48.624%))
  Logic Levels:           1  (CARRY8=1)
  Clock Path Skew:        0.145ns (DCD - SCD - CPR)
    Destination Clock Delay (DCD):    2.605ns
    Source Clock Delay      (SCD):    1.987ns
    Clock Pessimism Removal (CPR):    0.473ns

    Location             Delay type                Incr(ns)  Path(ns)    Netlist Resource(s)
  -------------------------------------------------------------------    -------------------
                         (clock clk rise edge)        0.000     0.000 r  
    E4                                                0.000     0.000 r  clk (IN)
                         net (fo=0)                   0.000     0.000    clk_IBUF_inst/I
    E4                   INBUF (Prop_INBUF_HDIOB_M_PAD_O)
                                                      0.374     0.374 r  clk_IBUF_inst/INBUF_INST/O
                         net (fo=1, routed)           0.000     0.374    clk_IBUF_inst/OUT
    E4                   IBUFCTRL (Prop_IBUFCTRL_HDIOB_M_I_O)
                                                      0.000     0.374 r  clk_IBUF_inst/IBUFCTRL_INST/O
                         net (fo=1, unplaced)         0.482     0.856    clk_IBUF
                         BUFGCE (Prop_BUFGCE_I_O)     0.017     0.873 r  clk_IBUF_BUFG_inst/O
                         net (fo=26398, unplaced)     1.114     1.987    u_accel/clk
                         FDRE                                         r  u_accel/cyc_count_reg[26]/C
  -------------------------------------------------------------------    -------------------
                         FDRE (Prop_FDRE_C_Q)         0.038     2.025 r  u_accel/cyc_count_reg[26]/Q
                         net (fo=1, unplaced)         0.046     2.071    u_accel/cyc_count_reg_n_0_[26]
                         CARRY8 (Prop_CARRY8_S[1]_O[1])
                                                      0.018     2.089 r  u_accel/cycles_reg[31]_i_2/O[1]
                         net (fo=2, unplaced)         0.007     2.096    u_accel/p_0_in[26]
                         FDRE                                         r  u_accel/cycles_reg[26]/D
  -------------------------------------------------------------------    -------------------

                         (clock clk rise edge)        0.000     0.000 r  
    E4                                                0.000     0.000 r  clk (IN)
                         net (fo=0)                   0.000     0.000    clk_IBUF_inst/I
    E4                   INBUF (Prop_INBUF_HDIOB_M_PAD_O)
                                                      0.662     0.662 r  clk_IBUF_inst/INBUF_INST/O
                         net (fo=1, routed)           0.000     0.662    clk_IBUF_inst/OUT
    E4                   IBUFCTRL (Prop_IBUFCTRL_HDIOB_M_I_O)
                                                      0.000     0.662 r  clk_IBUF_inst/IBUFCTRL_INST/O
                         net (fo=1, unplaced)         0.665     1.327    clk_IBUF
                         BUFGCE (Prop_BUFGCE_I_O)     0.019     1.346 r  clk_IBUF_BUFG_inst/O
                         net (fo=26398, unplaced)     1.259     2.605    u_accel/clk
                         FDRE                                         r  u_accel/cycles_reg[26]/C
                         clock pessimism             -0.473     2.132    
                         FDRE (Hold_FDRE_C_D)         0.046     2.178    u_accel/cycles_reg[26]
  -------------------------------------------------------------------
                         required time                         -2.178    
                         arrival time                           2.096    
  -------------------------------------------------------------------
                         slack                                 -0.082    

Slack (VIOLATED) :        -0.082ns  (arrival time - required time)
  Source:                 u_accel/cyc_count_reg[2]/C
                            (rising edge-triggered cell FDRE clocked by clk  {rise@0.000ns fall@5.000ns period=10.000ns})
  Destination:            u_accel/cycles_reg[2]/D
                            (rising edge-triggered cell FDRE clocked by clk  {rise@0.000ns fall@5.000ns period=10.000ns})
  Path Group:             clk
  Path Type:              Hold (Min at Fast Process Corner)
  Requirement:            0.000ns  (clk rise@0.000ns - clk rise@0.000ns)
  Data Path Delay:        0.109ns  (logic 0.056ns (51.376%)  route 0.053ns (48.624%))
  Logic Levels:           1  (CARRY8=1)
  Clock Path Skew:        0.145ns (DCD - SCD - CPR)
    Destination Clock Delay (DCD):    2.605ns
    Source Clock Delay      (SCD):    1.987ns
    Clock Pessimism Removal (CPR):    0.473ns

    Location             Delay type                Incr(ns)  Path(ns)    Netlist Resource(s)
  -------------------------------------------------------------------    -------------------
                         (clock clk rise edge)        0.000     0.000 r  
    E4                                                0.000     0.000 r  clk (IN)
                         net (fo=0)                   0.000     0.000    clk_IBUF_inst/I
    E4                   INBUF (Prop_INBUF_HDIOB_M_PAD_O)
                                                      0.374     0.374 r  clk_IBUF_inst/INBUF_INST/O
                         net (fo=1, routed)           0.000     0.374    clk_IBUF_inst/OUT
    E4                   IBUFCTRL (Prop_IBUFCTRL_HDIOB_M_I_O)
                                                      0.000     0.374 r  clk_IBUF_inst/IBUFCTRL_INST/O
                         net (fo=1, unplaced)         0.482     0.856    clk_IBUF
                         BUFGCE (Prop_BUFGCE_I_O)     0.017     0.873 r  clk_IBUF_BUFG_inst/O
                         net (fo=26398, unplaced)     1.114     1.987    u_accel/clk
                         FDRE                                         r  u_accel/cyc_count_reg[2]/C
  -------------------------------------------------------------------    -------------------
                         FDRE (Prop_FDRE_C_Q)         0.038     2.025 r  u_accel/cyc_count_reg[2]/Q
                         net (fo=1, unplaced)         0.046     2.071    u_accel/cyc_count_reg_n_0_[2]
                         CARRY8 (Prop_CARRY8_S[1]_O[1])
                                                      0.018     2.089 r  u_accel/cycles_reg[8]_i_1/O[1]
                         net (fo=2, unplaced)         0.007     2.096    u_accel/p_0_in[2]
                         FDRE                                         r  u_accel/cycles_reg[2]/D
  -------------------------------------------------------------------    -------------------

                         (clock clk rise edge)        0.000     0.000 r  
    E4                                                0.000     0.000 r  clk (IN)
                         net (fo=0)                   0.000     0.000    clk_IBUF_inst/I
    E4                   INBUF (Prop_INBUF_HDIOB_M_PAD_O)
                                                      0.662     0.662 r  clk_IBUF_inst/INBUF_INST/O
                         net (fo=1, routed)           0.000     0.662    clk_IBUF_inst/OUT
    E4                   IBUFCTRL (Prop_IBUFCTRL_HDIOB_M_I_O)
                                                      0.000     0.662 r  clk_IBUF_inst/IBUFCTRL_INST/O
                         net (fo=1, unplaced)         0.665     1.327    clk_IBUF
                         BUFGCE (Prop_BUFGCE_I_O)     0.019     1.346 r  clk_IBUF_BUFG_inst/O
                         net (fo=26398, unplaced)     1.259     2.605    u_accel/clk
                         FDRE                                         r  u_accel/cycles_reg[2]/C
                         clock pessimism             -0.473     2.132    
                         FDRE (Hold_FDRE_C_D)         0.046     2.178    u_accel/cycles_reg[2]
  -------------------------------------------------------------------
                         required time                         -2.178    
                         arrival time                           2.096    
  -------------------------------------------------------------------
                         slack                                 -0.082    

Slack (VIOLATED) :        -0.081ns  (arrival time - required time)
  Source:                 u_accel/cyc_count_reg[15]/C
                            (rising edge-triggered cell FDRE clocked by clk  {rise@0.000ns fall@5.000ns period=10.000ns})
  Destination:            u_accel/cycles_reg[15]/D
                            (rising edge-triggered cell FDRE clocked by clk  {rise@0.000ns fall@5.000ns period=10.000ns})
  Path Group:             clk
  Path Type:              Hold (Min at Fast Process Corner)
  Requirement:            0.000ns  (clk rise@0.000ns - clk rise@0.000ns)
  Data Path Delay:        0.110ns  (logic 0.056ns (50.909%)  route 0.054ns (49.091%))
  Logic Levels:           1  (CARRY8=1)
  Clock Path Skew:        0.145ns (DCD - SCD - CPR)
    Destination Clock Delay (DCD):    2.605ns
    Source Clock Delay      (SCD):    1.987ns
    Clock Pessimism Removal (CPR):    0.473ns

    Location             Delay type                Incr(ns)  Path(ns)    Netlist Resource(s)
  -------------------------------------------------------------------    -------------------
                         (clock clk rise edge)        0.000     0.000 r  
    E4                                                0.000     0.000 r  clk (IN)
                         net (fo=0)                   0.000     0.000    clk_IBUF_inst/I
    E4                   INBUF (Prop_INBUF_HDIOB_M_PAD_O)
                                                      0.374     0.374 r  clk_IBUF_inst/INBUF_INST/O
                         net (fo=1, routed)           0.000     0.374    clk_IBUF_inst/OUT
    E4                   IBUFCTRL (Prop_IBUFCTRL_HDIOB_M_I_O)
                                                      0.000     0.374 r  clk_IBUF_inst/IBUFCTRL_INST/O
                         net (fo=1, unplaced)         0.482     0.856    clk_IBUF
                         BUFGCE (Prop_BUFGCE_I_O)     0.017     0.873 r  clk_IBUF_BUFG_inst/O
                         net (fo=26398, unplaced)     1.114     1.987    u_accel/clk
                         FDRE                                         r  u_accel/cyc_count_reg[15]/C
  -------------------------------------------------------------------    -------------------
                         FDRE (Prop_FDRE_C_Q)         0.038     2.025 r  u_accel/cyc_count_reg[15]/Q
                         net (fo=1, unplaced)         0.047     2.072    u_accel/cyc_count_reg_n_0_[15]
                         CARRY8 (Prop_CARRY8_S[6]_O[6])
                                                      0.018     2.090 r  u_accel/cycles_reg[16]_i_1/O[6]
                         net (fo=2, unplaced)         0.007     2.097    u_accel/p_0_in[15]
                         FDRE                                         r  u_accel/cycles_reg[15]/D
  -------------------------------------------------------------------    -------------------

                         (clock clk rise edge)        0.000     0.000 r  
    E4                                                0.000     0.000 r  clk (IN)
                         net (fo=0)                   0.000     0.000    clk_IBUF_inst/I
    E4                   INBUF (Prop_INBUF_HDIOB_M_PAD_O)
                                                      0.662     0.662 r  clk_IBUF_inst/INBUF_INST/O
                         net (fo=1, routed)           0.000     0.662    clk_IBUF_inst/OUT
    E4                   IBUFCTRL (Prop_IBUFCTRL_HDIOB_M_I_O)
                                                      0.000     0.662 r  clk_IBUF_inst/IBUFCTRL_INST/O
                         net (fo=1, unplaced)         0.665     1.327    clk_IBUF
                         BUFGCE (Prop_BUFGCE_I_O)     0.019     1.346 r  clk_IBUF_BUFG_inst/O
                         net (fo=26398, unplaced)     1.259     2.605    u_accel/clk
                         FDRE                                         r  u_accel/cycles_reg[15]/C
                         clock pessimism             -0.473     2.132    
                         FDRE (Hold_FDRE_C_D)         0.046     2.178    u_accel/cycles_reg[15]
  -------------------------------------------------------------------
                         required time                         -2.178    
                         arrival time                           2.097    
  -------------------------------------------------------------------
                         slack                                 -0.081    

Slack (VIOLATED) :        -0.081ns  (arrival time - required time)
  Source:                 u_accel/cyc_count_reg[16]/C
                            (rising edge-triggered cell FDRE clocked by clk  {rise@0.000ns fall@5.000ns period=10.000ns})
  Destination:            u_accel/cycles_reg[16]/D
                            (rising edge-triggered cell FDRE clocked by clk  {rise@0.000ns fall@5.000ns period=10.000ns})
  Path Group:             clk
  Path Type:              Hold (Min at Fast Process Corner)
  Requirement:            0.000ns  (clk rise@0.000ns - clk rise@0.000ns)
  Data Path Delay:        0.110ns  (logic 0.056ns (50.909%)  route 0.054ns (49.091%))
  Logic Levels:           1  (CARRY8=1)
  Clock Path Skew:        0.145ns (DCD - SCD - CPR)
    Destination Clock Delay (DCD):    2.605ns
    Source Clock Delay      (SCD):    1.987ns
    Clock Pessimism Removal (CPR):    0.473ns

    Location             Delay type                Incr(ns)  Path(ns)    Netlist Resource(s)
  -------------------------------------------------------------------    -------------------
                         (clock clk rise edge)        0.000     0.000 r  
    E4                                                0.000     0.000 r  clk (IN)
                         net (fo=0)                   0.000     0.000    clk_IBUF_inst/I
    E4                   INBUF (Prop_INBUF_HDIOB_M_PAD_O)
                                                      0.374     0.374 r  clk_IBUF_inst/INBUF_INST/O
                         net (fo=1, routed)           0.000     0.374    clk_IBUF_inst/OUT
    E4                   IBUFCTRL (Prop_IBUFCTRL_HDIOB_M_I_O)
                                                      0.000     0.374 r  clk_IBUF_inst/IBUFCTRL_INST/O
                         net (fo=1, unplaced)         0.482     0.856    clk_IBUF
                         BUFGCE (Prop_BUFGCE_I_O)     0.017     0.873 r  clk_IBUF_BUFG_inst/O
                         net (fo=26398, unplaced)     1.114     1.987    u_accel/clk
                         FDRE                                         r  u_accel/cyc_count_reg[16]/C
  -------------------------------------------------------------------    -------------------
                         FDRE (Prop_FDRE_C_Q)         0.038     2.025 r  u_accel/cyc_count_reg[16]/Q
                         net (fo=1, unplaced)         0.047     2.072    u_accel/cyc_count_reg_n_0_[16]
                         CARRY8 (Prop_CARRY8_S[7]_O[7])
                                                      0.018     2.090 r  u_accel/cycles_reg[16]_i_1/O[7]
                         net (fo=2, unplaced)         0.007     2.097    u_accel/p_0_in[16]
                         FDRE                                         r  u_accel/cycles_reg[16]/D
  -------------------------------------------------------------------    -------------------

                         (clock clk rise edge)        0.000     0.000 r  
    E4                                                0.000     0.000 r  clk (IN)
                         net (fo=0)                   0.000     0.000    clk_IBUF_inst/I
    E4                   INBUF (Prop_INBUF_HDIOB_M_PAD_O)
                                                      0.662     0.662 r  clk_IBUF_inst/INBUF_INST/O
                         net (fo=1, routed)           0.000     0.662    clk_IBUF_inst/OUT
    E4                   IBUFCTRL (Prop_IBUFCTRL_HDIOB_M_I_O)
                                                      0.000     0.662 r  clk_IBUF_inst/IBUFCTRL_INST/O
                         net (fo=1, unplaced)         0.665     1.327    clk_IBUF
                         BUFGCE (Prop_BUFGCE_I_O)     0.019     1.346 r  clk_IBUF_BUFG_inst/O
                         net (fo=26398, unplaced)     1.259     2.605    u_accel/clk
                         FDRE                                         r  u_accel/cycles_reg[16]/C
                         clock pessimism             -0.473     2.132    
                         FDRE (Hold_FDRE_C_D)         0.046     2.178    u_accel/cycles_reg[16]
  -------------------------------------------------------------------
                         required time                         -2.178    
                         arrival time                           2.097    
  -------------------------------------------------------------------
                         slack                                 -0.081    

Slack (VIOLATED) :        -0.081ns  (arrival time - required time)
  Source:                 u_accel/cyc_count_reg[17]/C
                            (rising edge-triggered cell FDRE clocked by clk  {rise@0.000ns fall@5.000ns period=10.000ns})
  Destination:            u_accel/cycles_reg[17]/D
                            (rising edge-triggered cell FDRE clocked by clk  {rise@0.000ns fall@5.000ns period=10.000ns})
  Path Group:             clk
  Path Type:              Hold (Min at Fast Process Corner)
  Requirement:            0.000ns  (clk rise@0.000ns - clk rise@0.000ns)
  Data Path Delay:        0.110ns  (logic 0.057ns (51.818%)  route 0.053ns (48.182%))
  Logic Levels:           1  (CARRY8=1)
  Clock Path Skew:        0.145ns (DCD - SCD - CPR)
    Destination Clock Delay (DCD):    2.605ns
    Source Clock Delay      (SCD):    1.987ns
    Clock Pessimism Removal (CPR):    0.473ns

    Location             Delay type                Incr(ns)  Path(ns)    Netlist Resource(s)
  -------------------------------------------------------------------    -------------------
                         (clock clk rise edge)        0.000     0.000 r  
    E4                                                0.000     0.000 r  clk (IN)
                         net (fo=0)                   0.000     0.000    clk_IBUF_inst/I
    E4                   INBUF (Prop_INBUF_HDIOB_M_PAD_O)
                                                      0.374     0.374 r  clk_IBUF_inst/INBUF_INST/O
                         net (fo=1, routed)           0.000     0.374    clk_IBUF_inst/OUT
    E4                   IBUFCTRL (Prop_IBUFCTRL_HDIOB_M_I_O)
                                                      0.000     0.374 r  clk_IBUF_inst/IBUFCTRL_INST/O
                         net (fo=1, unplaced)         0.482     0.856    clk_IBUF
                         BUFGCE (Prop_BUFGCE_I_O)     0.017     0.873 r  clk_IBUF_BUFG_inst/O
                         net (fo=26398, unplaced)     1.114     1.987    u_accel/clk
                         FDRE                                         r  u_accel/cyc_count_reg[17]/C
  -------------------------------------------------------------------    -------------------
                         FDRE (Prop_FDRE_C_Q)         0.038     2.025 r  u_accel/cyc_count_reg[17]/Q
                         net (fo=1, unplaced)         0.046     2.071    u_accel/cyc_count_reg_n_0_[17]
                         CARRY8 (Prop_CARRY8_S[0]_O[0])
                                                      0.019     2.090 r  u_accel/cycles_reg[24]_i_1/O[0]
                         net (fo=2, unplaced)         0.007     2.097    u_accel/p_0_in[17]
                         FDRE                                         r  u_accel/cycles_reg[17]/D
  -------------------------------------------------------------------    -------------------

                         (clock clk rise edge)        0.000     0.000 r  
    E4                                                0.000     0.000 r  clk (IN)
                         net (fo=0)                   0.000     0.000    clk_IBUF_inst/I
    E4                   INBUF (Prop_INBUF_HDIOB_M_PAD_O)
                                                      0.662     0.662 r  clk_IBUF_inst/INBUF_INST/O
                         net (fo=1, routed)           0.000     0.662    clk_IBUF_inst/OUT
    E4                   IBUFCTRL (Prop_IBUFCTRL_HDIOB_M_I_O)
                                                      0.000     0.662 r  clk_IBUF_inst/IBUFCTRL_INST/O
                         net (fo=1, unplaced)         0.665     1.327    clk_IBUF
                         BUFGCE (Prop_BUFGCE_I_O)     0.019     1.346 r  clk_IBUF_BUFG_inst/O
                         net (fo=26398, unplaced)     1.259     2.605    u_accel/clk
                         FDRE                                         r  u_accel/cycles_reg[17]/C
                         clock pessimism             -0.473     2.132    
                         FDRE (Hold_FDRE_C_D)         0.046     2.178    u_accel/cycles_reg[17]
  -------------------------------------------------------------------
                         required time                         -2.178    
                         arrival time                           2.097    
  -------------------------------------------------------------------
                         slack                                 -0.081    

Slack (VIOLATED) :        -0.081ns  (arrival time - required time)
  Source:                 u_accel/cyc_count_reg[1]/C
                            (rising edge-triggered cell FDRE clocked by clk  {rise@0.000ns fall@5.000ns period=10.000ns})
  Destination:            u_accel/cycles_reg[1]/D
                            (rising edge-triggered cell FDRE clocked by clk  {rise@0.000ns fall@5.000ns period=10.000ns})
  Path Group:             clk
  Path Type:              Hold (Min at Fast Process Corner)
  Requirement:            0.000ns  (clk rise@0.000ns - clk rise@0.000ns)
  Data Path Delay:        0.110ns  (logic 0.057ns (51.818%)  route 0.053ns (48.182%))
  Logic Levels:           1  (CARRY8=1)
  Clock Path Skew:        0.145ns (DCD - SCD - CPR)
    Destination Clock Delay (DCD):    2.605ns
    Source Clock Delay      (SCD):    1.987ns
    Clock Pessimism Removal (CPR):    0.473ns

    Location             Delay type                Incr(ns)  Path(ns)    Netlist Resource(s)
  -------------------------------------------------------------------    -------------------
                         (clock clk rise edge)        0.000     0.000 r  
    E4                                                0.000     0.000 r  clk (IN)
                         net (fo=0)                   0.000     0.000    clk_IBUF_inst/I
    E4                   INBUF (Prop_INBUF_HDIOB_M_PAD_O)
                                                      0.374     0.374 r  clk_IBUF_inst/INBUF_INST/O
                         net (fo=1, routed)           0.000     0.374    clk_IBUF_inst/OUT
    E4                   IBUFCTRL (Prop_IBUFCTRL_HDIOB_M_I_O)
                                                      0.000     0.374 r  clk_IBUF_inst/IBUFCTRL_INST/O
                         net (fo=1, unplaced)         0.482     0.856    clk_IBUF
                         BUFGCE (Prop_BUFGCE_I_O)     0.017     0.873 r  clk_IBUF_BUFG_inst/O
                         net (fo=26398, unplaced)     1.114     1.987    u_accel/clk
                         FDRE                                         r  u_accel/cyc_count_reg[1]/C
  -------------------------------------------------------------------    -------------------
                         FDRE (Prop_FDRE_C_Q)         0.038     2.025 r  u_accel/cyc_count_reg[1]/Q
                         net (fo=1, unplaced)         0.046     2.071    u_accel/cyc_count_reg_n_0_[1]
                         CARRY8 (Prop_CARRY8_S[0]_O[0])
                                                      0.019     2.090 r  u_accel/cycles_reg[8]_i_1/O[0]
                         net (fo=2, unplaced)         0.007     2.097    u_accel/p_0_in[1]
                         FDRE                                         r  u_accel/cycles_reg[1]/D
  -------------------------------------------------------------------    -------------------

                         (clock clk rise edge)        0.000     0.000 r  
    E4                                                0.000     0.000 r  clk (IN)
                         net (fo=0)                   0.000     0.000    clk_IBUF_inst/I
    E4                   INBUF (Prop_INBUF_HDIOB_M_PAD_O)
                                                      0.662     0.662 r  clk_IBUF_inst/INBUF_INST/O
                         net (fo=1, routed)           0.000     0.662    clk_IBUF_inst/OUT
    E4                   IBUFCTRL (Prop_IBUFCTRL_HDIOB_M_I_O)
                                                      0.000     0.662 r  clk_IBUF_inst/IBUFCTRL_INST/O
                         net (fo=1, unplaced)         0.665     1.327    clk_IBUF
                         BUFGCE (Prop_BUFGCE_I_O)     0.019     1.346 r  clk_IBUF_BUFG_inst/O
                         net (fo=26398, unplaced)     1.259     2.605    u_accel/clk
                         FDRE                                         r  u_accel/cycles_reg[1]/C
                         clock pessimism             -0.473     2.132    
                         FDRE (Hold_FDRE_C_D)         0.046     2.178    u_accel/cycles_reg[1]
  -------------------------------------------------------------------
                         required time                         -2.178    
                         arrival time                           2.097    
  -------------------------------------------------------------------
                         slack                                 -0.081    

Slack (VIOLATED) :        -0.081ns  (arrival time - required time)
  Source:                 u_accel/cyc_count_reg[23]/C
                            (rising edge-triggered cell FDRE clocked by clk  {rise@0.000ns fall@5.000ns period=10.000ns})
  Destination:            u_accel/cycles_reg[23]/D
                            (rising edge-triggered cell FDRE clocked by clk  {rise@0.000ns fall@5.000ns period=10.000ns})
  Path Group:             clk
  Path Type:              Hold (Min at Fast Process Corner)
  Requirement:            0.000ns  (clk rise@0.000ns - clk rise@0.000ns)
  Data Path Delay:        0.110ns  (logic 0.056ns (50.909%)  route 0.054ns (49.091%))
  Logic Levels:           1  (CARRY8=1)
  Clock Path Skew:        0.145ns (DCD - SCD - CPR)
    Destination Clock Delay (DCD):    2.605ns
    Source Clock Delay      (SCD):    1.987ns
    Clock Pessimism Removal (CPR):    0.473ns

    Location             Delay type                Incr(ns)  Path(ns)    Netlist Resource(s)
  -------------------------------------------------------------------    -------------------
                         (clock clk rise edge)        0.000     0.000 r  
    E4                                                0.000     0.000 r  clk (IN)
                         net (fo=0)                   0.000     0.000    clk_IBUF_inst/I
    E4                   INBUF (Prop_INBUF_HDIOB_M_PAD_O)
                                                      0.374     0.374 r  clk_IBUF_inst/INBUF_INST/O
                         net (fo=1, routed)           0.000     0.374    clk_IBUF_inst/OUT
    E4                   IBUFCTRL (Prop_IBUFCTRL_HDIOB_M_I_O)
                                                      0.000     0.374 r  clk_IBUF_inst/IBUFCTRL_INST/O
                         net (fo=1, unplaced)         0.482     0.856    clk_IBUF
                         BUFGCE (Prop_BUFGCE_I_O)     0.017     0.873 r  clk_IBUF_BUFG_inst/O
                         net (fo=26398, unplaced)     1.114     1.987    u_accel/clk
                         FDRE                                         r  u_accel/cyc_count_reg[23]/C
  -------------------------------------------------------------------    -------------------
                         FDRE (Prop_FDRE_C_Q)         0.038     2.025 r  u_accel/cyc_count_reg[23]/Q
                         net (fo=1, unplaced)         0.047     2.072    u_accel/cyc_count_reg_n_0_[23]
                         CARRY8 (Prop_CARRY8_S[6]_O[6])
                                                      0.018     2.090 r  u_accel/cycles_reg[24]_i_1/O[6]
                         net (fo=2, unplaced)         0.007     2.097    u_accel/p_0_in[23]
                         FDRE                                         r  u_accel/cycles_reg[23]/D
  -------------------------------------------------------------------    -------------------

                         (clock clk rise edge)        0.000     0.000 r  
    E4                                                0.000     0.000 r  clk (IN)
                         net (fo=0)                   0.000     0.000    clk_IBUF_inst/I
    E4                   INBUF (Prop_INBUF_HDIOB_M_PAD_O)
                                                      0.662     0.662 r  clk_IBUF_inst/INBUF_INST/O
                         net (fo=1, routed)           0.000     0.662    clk_IBUF_inst/OUT
    E4                   IBUFCTRL (Prop_IBUFCTRL_HDIOB_M_I_O)
                                                      0.000     0.662 r  clk_IBUF_inst/IBUFCTRL_INST/O
                         net (fo=1, unplaced)         0.665     1.327    clk_IBUF
                         BUFGCE (Prop_BUFGCE_I_O)     0.019     1.346 r  clk_IBUF_BUFG_inst/O
                         net (fo=26398, unplaced)     1.259     2.605    u_accel/clk
                         FDRE                                         r  u_accel/cycles_reg[23]/C
                         clock pessimism             -0.473     2.132    
                         FDRE (Hold_FDRE_C_D)         0.046     2.178    u_accel/cycles_reg[23]
  -------------------------------------------------------------------
                         required time                         -2.178    
                         arrival time                           2.097    
  -------------------------------------------------------------------
                         slack                                 -0.081    

Slack (VIOLATED) :        -0.081ns  (arrival time - required time)
  Source:                 u_accel/cyc_count_reg[24]/C
                            (rising edge-triggered cell FDRE clocked by clk  {rise@0.000ns fall@5.000ns period=10.000ns})
  Destination:            u_accel/cycles_reg[24]/D
                            (rising edge-triggered cell FDRE clocked by clk  {rise@0.000ns fall@5.000ns period=10.000ns})
  Path Group:             clk
  Path Type:              Hold (Min at Fast Process Corner)
  Requirement:            0.000ns  (clk rise@0.000ns - clk rise@0.000ns)
  Data Path Delay:        0.110ns  (logic 0.056ns (50.909%)  route 0.054ns (49.091%))
  Logic Levels:           1  (CARRY8=1)
  Clock Path Skew:        0.145ns (DCD - SCD - CPR)
    Destination Clock Delay (DCD):    2.605ns
    Source Clock Delay      (SCD):    1.987ns
    Clock Pessimism Removal (CPR):    0.473ns

    Location             Delay type                Incr(ns)  Path(ns)    Netlist Resource(s)
  -------------------------------------------------------------------    -------------------
                         (clock clk rise edge)        0.000     0.000 r  
    E4                                                0.000     0.000 r  clk (IN)
                         net (fo=0)                   0.000     0.000    clk_IBUF_inst/I
    E4                   INBUF (Prop_INBUF_HDIOB_M_PAD_O)
                                                      0.374     0.374 r  clk_IBUF_inst/INBUF_INST/O
                         net (fo=1, routed)           0.000     0.374    clk_IBUF_inst/OUT
    E4                   IBUFCTRL (Prop_IBUFCTRL_HDIOB_M_I_O)
                                                      0.000     0.374 r  clk_IBUF_inst/IBUFCTRL_INST/O
                         net (fo=1, unplaced)         0.482     0.856    clk_IBUF
                         BUFGCE (Prop_BUFGCE_I_O)     0.017     0.873 r  clk_IBUF_BUFG_inst/O
                         net (fo=26398, unplaced)     1.114     1.987    u_accel/clk
                         FDRE                                         r  u_accel/cyc_count_reg[24]/C
  -------------------------------------------------------------------    -------------------
                         FDRE (Prop_FDRE_C_Q)         0.038     2.025 r  u_accel/cyc_count_reg[24]/Q
                         net (fo=1, unplaced)         0.047     2.072    u_accel/cyc_count_reg_n_0_[24]
                         CARRY8 (Prop_CARRY8_S[7]_O[7])
                                                      0.018     2.090 r  u_accel/cycles_reg[24]_i_1/O[7]
                         net (fo=2, unplaced)         0.007     2.097    u_accel/p_0_in[24]
                         FDRE                                         r  u_accel/cycles_reg[24]/D
  -------------------------------------------------------------------    -------------------

                         (clock clk rise edge)        0.000     0.000 r  
    E4                                                0.000     0.000 r  clk (IN)
                         net (fo=0)                   0.000     0.000    clk_IBUF_inst/I
    E4                   INBUF (Prop_INBUF_HDIOB_M_PAD_O)
                                                      0.662     0.662 r  clk_IBUF_inst/INBUF_INST/O
                         net (fo=1, routed)           0.000     0.662    clk_IBUF_inst/OUT
    E4                   IBUFCTRL (Prop_IBUFCTRL_HDIOB_M_I_O)
                                                      0.000     0.662 r  clk_IBUF_inst/IBUFCTRL_INST/O
                         net (fo=1, unplaced)         0.665     1.327    clk_IBUF
                         BUFGCE (Prop_BUFGCE_I_O)     0.019     1.346 r  clk_IBUF_BUFG_inst/O
                         net (fo=26398, unplaced)     1.259     2.605    u_accel/clk
                         FDRE                                         r  u_accel/cycles_reg[24]/C
                         clock pessimism             -0.473     2.132    
                         FDRE (Hold_FDRE_C_D)         0.046     2.178    u_accel/cycles_reg[24]
  -------------------------------------------------------------------
                         required time                         -2.178    
                         arrival time                           2.097    
  -------------------------------------------------------------------
                         slack                                 -0.081    





Pulse Width Checks
--------------------------------------------------------------------------------------
Clock Name:         clk
Waveform(ns):       { 0.000 5.000 }
Period(ns):         10.000
Sources:            { clk }

Check Type        Corner  Lib Pin     Reference Pin  Required(ns)  Actual(ns)  Slack(ns)  Location  Pin
Min Period        n/a     BUFGCE/I    n/a            1.290         10.000      8.710                clk_IBUF_BUFG_inst/I
Min Period        n/a     SRL16E/CLK  n/a            1.064         10.000      8.936                u_accel/u_pool/g_fpu[0].u_fpu/e_reg[3][f_c_zero]_srl3/CLK
Min Period        n/a     SRL16E/CLK  n/a            1.064         10.000      8.936                u_accel/u_pool/g_fpu[0].u_fpu/e_reg[3][f_csign]_srl3/CLK
Min Period        n/a     SRL16E/CLK  n/a            1.064         10.000      8.936                u_accel/u_pool/g_fpu[0].u_fpu/e_reg[3][f_fma_spec]_srl3/CLK
Min Period        n/a     SRL16E/CLK  n/a            1.064         10.000      8.936                u_accel/u_pool/g_fpu[0].u_fpu/e_reg[3][f_pos0][0]_srl2/CLK
Min Period        n/a     SRL16E/CLK  n/a            1.064         10.000      8.936                u_accel/u_pool/g_fpu[0].u_fpu/e_reg[3][f_pos0][11]_srl2/CLK
Min Period        n/a     SRL16E/CLK  n/a            1.064         10.000      8.936                u_accel/u_pool/g_fpu[0].u_fpu/e_reg[3][f_pos0][1]_srl2/CLK
Min Period        n/a     SRL16E/CLK  n/a            1.064         10.000      8.936                u_accel/u_pool/g_fpu[0].u_fpu/e_reg[3][f_pos0][2]_srl2/CLK
Min Period        n/a     SRL16E/CLK  n/a            1.064         10.000      8.936                u_accel/u_pool/g_fpu[0].u_fpu/e_reg[3][f_pos0][3]_srl2/CLK
Min Period        n/a     SRL16E/CLK  n/a            1.064         10.000      8.936                u_accel/u_pool/g_fpu[0].u_fpu/e_reg[3][f_pos0][4]_srl2/CLK
Low Pulse Width   Slow    SRL16E/CLK  n/a            0.532         5.000       4.468                u_accel/u_pool/g_fpu[0].u_fpu/e_reg[3][f_c_zero]_srl3/CLK
Low Pulse Width   Fast    SRL16E/CLK  n/a            0.532         5.000       4.468                u_accel/u_pool/g_fpu[0].u_fpu/e_reg[3][f_c_zero]_srl3/CLK
Low Pulse Width   Slow    SRL16E/CLK  n/a            0.532         5.000       4.468                u_accel/u_pool/g_fpu[0].u_fpu/e_reg[3][f_csign]_srl3/CLK
Low Pulse Width   Fast    SRL16E/CLK  n/a            0.532         5.000       4.468                u_accel/u_pool/g_fpu[0].u_fpu/e_reg[3][f_csign]_srl3/CLK
Low Pulse Width   Slow    SRL16E/CLK  n/a            0.532         5.000       4.468                u_accel/u_pool/g_fpu[0].u_fpu/e_reg[3][f_fma_spec]_srl3/CLK
Low Pulse Width   Fast    SRL16E/CLK  n/a            0.532         5.000       4.468                u_accel/u_pool/g_fpu[0].u_fpu/e_reg[3][f_fma_spec]_srl3/CLK
Low Pulse Width   Slow    SRL16E/CLK  n/a            0.532         5.000       4.468                u_accel/u_pool/g_fpu[0].u_fpu/e_reg[3][f_pos0][0]_srl2/CLK
Low Pulse Width   Fast    SRL16E/CLK  n/a            0.532         5.000       4.468                u_accel/u_pool/g_fpu[0].u_fpu/e_reg[3][f_pos0][0]_srl2/CLK
Low Pulse Width   Slow    SRL16E/CLK  n/a            0.532         5.000       4.468                u_accel/u_pool/g_fpu[0].u_fpu/e_reg[3][f_pos0][11]_srl2/CLK
Low Pulse Width   Fast    SRL16E/CLK  n/a            0.532         5.000       4.468                u_accel/u_pool/g_fpu[0].u_fpu/e_reg[3][f_pos0][11]_srl2/CLK
High Pulse Width  Slow    SRL16E/CLK  n/a            0.532         5.000       4.468                u_accel/u_pool/g_fpu[0].u_fpu/e_reg[3][f_c_zero]_srl3/CLK
High Pulse Width  Fast    SRL16E/CLK  n/a            0.532         5.000       4.468                u_accel/u_pool/g_fpu[0].u_fpu/e_reg[3][f_c_zero]_srl3/CLK
High Pulse Width  Slow    SRL16E/CLK  n/a            0.532         5.000       4.468                u_accel/u_pool/g_fpu[0].u_fpu/e_reg[3][f_csign]_srl3/CLK
High Pulse Width  Fast    SRL16E/CLK  n/a            0.532         5.000       4.468                u_accel/u_pool/g_fpu[0].u_fpu/e_reg[3][f_csign]_srl3/CLK
High Pulse Width  Slow    SRL16E/CLK  n/a            0.532         5.000       4.468                u_accel/u_pool/g_fpu[0].u_fpu/e_reg[3][f_fma_spec]_srl3/CLK
High Pulse Width  Fast    SRL16E/CLK  n/a            0.532         5.000       4.468                u_accel/u_pool/g_fpu[0].u_fpu/e_reg[3][f_fma_spec]_srl3/CLK
High Pulse Width  Slow    SRL16E/CLK  n/a            0.532         5.000       4.468                u_accel/u_pool/g_fpu[0].u_fpu/e_reg[3][f_pos0][0]_srl2/CLK
High Pulse Width  Fast    SRL16E/CLK  n/a            0.532         5.000       4.468                u_accel/u_pool/g_fpu[0].u_fpu/e_reg[3][f_pos0][0]_srl2/CLK
High Pulse Width  Slow    SRL16E/CLK  n/a            0.532         5.000       4.468                u_accel/u_pool/g_fpu[0].u_fpu/e_reg[3][f_pos0][11]_srl2/CLK
High Pulse Width  Fast    SRL16E/CLK  n/a            0.532         5.000       4.468                u_accel/u_pool/g_fpu[0].u_fpu/e_reg[3][f_pos0][11]_srl2/CLK



