Copyright 1986-2022 Xilinx, Inc. All Rights Reserved. Copyright 2022-2025 Advanced Micro Devices, Inc. All Rights Reserved.
--------------------------------------------------------------------------------------------------------------------------------------------------
| Tool Version      : Vivado v.2025.1 (win64) Build 6140274 Thu May 22 00:12:29 MDT 2025
| Date              : Fri Jul  3 11:32:03 2026
| Host              : Krishna_NITjsr running 64-bit major release  (build 9200)
| Command           : report_timing_summary -max_paths 20 -file {D:/Verilog Projects/simtix/fpga/reports_fp_chip/post_route_timing.rpt}
| Design            : chip_top
| Device            : xczu7ev-ffvc1156
| Speed File        : -2  PRODUCTION 1.30 05-15-2022
| Design State      : Routed
| Temperature Grade : E
--------------------------------------------------------------------------------------------------------------------------------------------------

Timing Summary Report

------------------------------------------------------------------------------------------------
| Timer Settings
| --------------
------------------------------------------------------------------------------------------------

  Enable Multi Corner Analysis               :  Yes
  Enable Pessimism Removal                   :  Yes
  Pessimism Removal Resolution               :  Nearest Common Node
  Enable Input Delay Default Clock           :  No
  Enable Preset / Clear Arcs                 :  No
  Disable Flight Delays                      :  No
  Ignore I/O Paths                           :  No
  Timing Early Launch at Borrowing Latches   :  No
  Borrow Time for Max Delay Exceptions       :  Yes
  Merge Timing Exceptions                    :  Yes
  Inter-SLR Compensation                     :  Conservative

  Corner  Analyze    Analyze    
  Name    Max Paths  Min Paths  
  ------  ---------  ---------  
  Slow    Yes        Yes        
  Fast    Yes        Yes        


------------------------------------------------------------------------------------------------
| Report Methodology
| ------------------
------------------------------------------------------------------------------------------------

No report available as report_methodology has not been run prior. Run report_methodology on the current design for the summary of methodology violations.



check_timing report

Table of Contents
-----------------
1. checking no_clock (0)
2. checking constant_clock (0)
3. checking pulse_width_clock (0)
4. checking unconstrained_internal_endpoints (0)
5. checking no_input_delay (1)
6. checking no_output_delay (33)
7. checking multiple_clock (0)
8. checking generated_clocks (0)
9. checking loops (0)
10. checking partial_input_delay (0)
11. checking partial_output_delay (0)
12. checking latch_loops (0)

1. checking no_clock (0)
------------------------
 There are 0 register/latch pins with no clock.


2. checking constant_clock (0)
------------------------------
 There are 0 register/latch pins with constant_clock.


3. checking pulse_width_clock (0)
---------------------------------
 There are 0 register/latch pins which need pulse_width check


4. checking unconstrained_internal_endpoints (0)
------------------------------------------------
 There are 0 pins that are not constrained for maximum delay.

 There are 0 pins that are not constrained for maximum delay due to constant clock.


5. checking no_input_delay (1)
------------------------------
 There are 0 input ports with no input delay specified.

 There is 1 input port with no input delay but user has a false path constraint. (MEDIUM)


6. checking no_output_delay (33)
--------------------------------
 There are 33 ports with no output delay specified. (HIGH)

 There are 0 ports with no output delay but user has a false path constraint

 There are 0 ports with no output delay but with a timing clock defined on it or propagating through it


7. checking multiple_clock (0)
------------------------------
 There are 0 register/latch pins with multiple clocks.


8. checking generated_clocks (0)
--------------------------------
 There are 0 generated clocks that are not connected to a clock source.


9. checking loops (0)
---------------------
 There are 0 combinational loops in the design.


10. checking partial_input_delay (0)
------------------------------------
 There are 0 input ports with partial input delay specified.


11. checking partial_output_delay (0)
-------------------------------------
 There are 0 ports with partial output delay specified.


12. checking latch_loops (0)
----------------------------
 There are 0 combinational latch loops in the design through latch input



------------------------------------------------------------------------------------------------
| Design Timing Summary
| ---------------------
------------------------------------------------------------------------------------------------

    WNS(ns)      TNS(ns)  TNS Failing Endpoints  TNS Total Endpoints      WHS(ns)      THS(ns)  THS Failing Endpoints  THS Total Endpoints     WPWS(ns)     TPWS(ns)  TPWS Failing Endpoints  TPWS Total Endpoints  
    -------      -------  ---------------------  -------------------      -------      -------  ---------------------  -------------------     --------     --------  ----------------------  --------------------  
      0.360        0.000                      0                81271        0.010        0.000                      0                81271        4.468        0.000                       0                 26395  


All user specified timing constraints are met.


------------------------------------------------------------------------------------------------
| Clock Summary
| -------------
------------------------------------------------------------------------------------------------

Clock  Waveform(ns)       Period(ns)      Frequency(MHz)
-----  ------------       ----------      --------------
clk    {0.000 5.000}      10.000          100.000         


------------------------------------------------------------------------------------------------
| Intra Clock Table
| -----------------
------------------------------------------------------------------------------------------------

Clock             WNS(ns)      TNS(ns)  TNS Failing Endpoints  TNS Total Endpoints      WHS(ns)      THS(ns)  THS Failing Endpoints  THS Total Endpoints     WPWS(ns)     TPWS(ns)  TPWS Failing Endpoints  TPWS Total Endpoints  
-----             -------      -------  ---------------------  -------------------      -------      -------  ---------------------  -------------------     --------     --------  ----------------------  --------------------  
clk                 0.360        0.000                      0                81271        0.010        0.000                      0                81271        4.468        0.000                       0                 26395  


------------------------------------------------------------------------------------------------
| Inter Clock Table
| -----------------
------------------------------------------------------------------------------------------------

From Clock    To Clock          WNS(ns)      TNS(ns)  TNS Failing Endpoints  TNS Total Endpoints      WHS(ns)      THS(ns)  THS Failing Endpoints  THS Total Endpoints  
----------    --------          -------      -------  ---------------------  -------------------      -------      -------  ---------------------  -------------------  


------------------------------------------------------------------------------------------------
| Other Path Groups Table
| -----------------------
------------------------------------------------------------------------------------------------

Path Group    From Clock    To Clock          WNS(ns)      TNS(ns)  TNS Failing Endpoints  TNS Total Endpoints      WHS(ns)      THS(ns)  THS Failing Endpoints  THS Total Endpoints  
----------    ----------    --------          -------      -------  ---------------------  -------------------      -------      -------  ---------------------  -------------------  


------------------------------------------------------------------------------------------------
| Timing Details
| --------------
------------------------------------------------------------------------------------------------


---------------------------------------------------------------------------------------------------
From Clock:  clk
  To Clock:  clk

Setup :            0  Failing Endpoints,  Worst Slack        0.360ns,  Total Violation        0.000ns
Hold  :            0  Failing Endpoints,  Worst Slack        0.010ns,  Total Violation        0.000ns
PW    :            0  Failing Endpoints,  Worst Slack        4.468ns,  Total Violation        0.000ns
---------------------------------------------------------------------------------------------------


Max Delay Paths
--------------------------------------------------------------------------------------
Slack (MET) :             0.360ns  (required time - arrival time)
  Source:                 u_accel/u_pool/issue_w_reg[1]_rep__25/C
                            (rising edge-triggered cell FDRE clocked by clk  {rise@0.000ns fall@5.000ns period=10.000ns})
  Destination:            u_accel/u_pool/stk_npc_reg[2][6][25]/CE
                            (rising edge-triggered cell FDRE clocked by clk  {rise@0.000ns fall@5.000ns period=10.000ns})
  Path Group:             clk
  Path Type:              Setup (Max at Slow Process Corner)
  Requirement:            10.000ns  (clk rise@10.000ns - clk rise@0.000ns)
  Data Path Delay:        9.338ns  (logic 1.942ns (20.796%)  route 7.396ns (79.204%))
  Logic Levels:           20  (CARRY8=2 LUT2=2 LUT4=3 LUT5=1 LUT6=11 MUXF7=1)
  Clock Path Skew:        -0.206ns (DCD - SCD + CPR)
    Destination Clock Delay (DCD):    2.875ns = ( 12.875 - 10.000 ) 
    Source Clock Delay      (SCD):    3.749ns
    Clock Pessimism Removal (CPR):    0.668ns
  Clock Uncertainty:      0.035ns  ((TSJ^2 + TIJ^2)^1/2 + DJ) / 2 + PE
    Total System Jitter     (TSJ):    0.071ns
    Total Input Jitter      (TIJ):    0.000ns
    Discrete Jitter          (DJ):    0.000ns
    Phase Error              (PE):    0.000ns
  Clock Net Delay (Source):      2.476ns (routing 1.343ns, distribution 1.133ns)
  Clock Net Delay (Destination): 2.149ns (routing 1.221ns, distribution 0.928ns)

    Location             Delay type                Incr(ns)  Path(ns)    Netlist Resource(s)
  -------------------------------------------------------------------    -------------------
                         (clock clk rise edge)        0.000     0.000 r  
    E4                                                0.000     0.000 r  clk (IN)
                         net (fo=0)                   0.000     0.000    clk_IBUF_inst/I
    E4                   INBUF (Prop_INBUF_HDIOB_M_PAD_O)
                                                      1.040     1.040 r  clk_IBUF_inst/INBUF_INST/O
                         net (fo=1, routed)           0.000     1.040    clk_IBUF_inst/OUT
    E4                   IBUFCTRL (Prop_IBUFCTRL_HDIOB_M_I_O)
                                                      0.000     1.040 r  clk_IBUF_inst/IBUFCTRL_INST/O
                         net (fo=1, routed)           0.204     1.244    clk_IBUF
    BUFGCE_HDIO_X2Y2     BUFGCE (Prop_BUFCE_BUFGCE_HDIO_I_O)
                                                      0.028     1.272 r  clk_IBUF_BUFG_inst/O
    X1Y3 (CLOCK_ROOT)    net (fo=26562, routed)       2.476     3.749    u_accel/u_pool/clk
    SLICE_X69Y140        FDRE                                         r  u_accel/u_pool/issue_w_reg[1]_rep__25/C
  -------------------------------------------------------------------    -------------------
    SLICE_X69Y140        FDRE (Prop_EFF2_SLICEL_C_Q)
                                                      0.081     3.830 f  u_accel/u_pool/issue_w_reg[1]_rep__25/Q
                         net (fo=1, routed)           0.139     3.969    u_accel/u_pool/issue_w_reg[1]_rep__25_n_0
    SLICE_X69Y140        LUT2 (Prop_E6LUT_SLICEL_I0_O)
                                                      0.051     4.020 r  u_accel/u_pool/q_mul_a[6][31]_i_66/O
                         net (fo=158, routed)         0.487     4.507    u_accel/u_pool/q_mul_a[6][31]_i_66_n_0
    SLICE_X72Y129        LUT4 (Prop_E6LUT_SLICEL_I0_O)
                                                      0.099     4.606 f  u_accel/u_pool/q_mul_a[6][31]_i_85/O
                         net (fo=1, routed)           0.143     4.749    u_accel/u_pool/q_mul_a[6][31]_i_85_n_0
    SLICE_X73Y130        LUT6 (Prop_H6LUT_SLICEM_I5_O)
                                                      0.101     4.850 r  u_accel/u_pool/q_mul_a[6][31]_i_51/O
                         net (fo=2, routed)           0.304     5.154    u_accel/u_pool/q_mul_a[6][31]_i_51_n_0
    SLICE_X75Y134        LUT6 (Prop_D6LUT_SLICEL_I0_O)
                                                      0.089     5.243 r  u_accel/u_pool/q_mul_a[6][31]_i_25/O
                         net (fo=1, routed)           0.009     5.252    u_accel/u_pool/q_mul_a[6][31]_i_25_n_0
    SLICE_X75Y134        MUXF7 (Prop_F7MUX_CD_SLICEL_I0_O)
                                                      0.063     5.315 r  u_accel/u_pool/q_mul_a_reg[6][31]_i_12/O
                         net (fo=1, routed)           0.313     5.628    u_accel/u_pool/q_mul_a_reg[6][31]_i_12_n_0
    SLICE_X74Y150        LUT6 (Prop_H6LUT_SLICEM_I4_O)
                                                      0.152     5.780 f  u_accel/u_pool/q_mul_a[6][31]_i_5/O
                         net (fo=33, routed)          0.557     6.337    u_accel/u_pool/q_mul_a[6][31]_i_5_n_0
    SLICE_X72Y173        LUT4 (Prop_A6LUT_SLICEL_I1_O)
                                                      0.124     6.461 r  u_accel/u_pool/q_mul_a[6][1]_i_2/O
                         net (fo=1, routed)           0.041     6.502    u_accel/u_pool/q_mul_a[6][1]_i_2_n_0
    SLICE_X72Y173        LUT6 (Prop_B6LUT_SLICEL_I4_O)
                                                      0.090     6.592 r  u_accel/u_pool/q_mul_a[6][1]_i_1/O
                         net (fo=15, routed)          0.566     7.158    u_accel/u_pool/rv1[6][1]
    SLICE_X74Y193        LUT4 (Prop_A6LUT_SLICEM_I3_O)
                                                      0.125     7.283 r  u_accel/u_pool/stk_mask[3][1][6]_i_132/O
                         net (fo=1, routed)           0.013     7.296    u_accel/u_pool/stk_mask[3][1][6]_i_132_n_0
    SLICE_X74Y193        CARRY8 (Prop_CARRY8_SLICEM_S[0]_CO[7])
                                                      0.192     7.488 r  u_accel/u_pool/stk_mask_reg[3][1][6]_i_52/CO[7]
                         net (fo=1, routed)           0.026     7.514    u_accel/u_pool/stk_mask_reg[3][1][6]_i_52_n_0
    SLICE_X74Y194        CARRY8 (Prop_CARRY8_SLICEM_CI_CO[7])
                                                      0.022     7.536 r  u_accel/u_pool/stk_mask_reg[3][1][6]_i_9/CO[7]
                         net (fo=1, routed)           0.772     8.308    u_accel/u_pool/data4__0
    SLICE_X62Y201        LUT6 (Prop_B6LUT_SLICEL_I5_O)
                                                      0.098     8.406 f  u_accel/u_pool/stk_mask[3][1][6]_i_4/O
                         net (fo=1, routed)           0.500     8.906    u_accel/u_pool/stk_mask[3][1][6]_i_4_n_0
    SLICE_X59Y207        LUT6 (Prop_H6LUT_SLICEL_I0_O)
                                                      0.090     8.996 r  u_accel/u_pool/stk_mask[3][1][6]_i_3/O
                         net (fo=2, routed)           0.774     9.770    u_accel/u_pool/stk_mask[3][1][6]_i_3_n_0
    SLICE_X56Y276        LUT2 (Prop_E5LUT_SLICEM_I1_O)
                                                      0.102     9.872 f  u_accel/u_pool/stk_mask[3][1][6]_i_2/O
                         net (fo=33, routed)          0.387    10.259    u_accel/u_pool/taken_mask[6]
    SLICE_X55Y286        LUT6 (Prop_E6LUT_SLICEL_I5_O)
                                                      0.051    10.310 r  u_accel/u_pool/stk_npc[3][1][31]_i_24/O
                         net (fo=59, routed)          0.608    10.918    u_accel/u_pool/stk_npc[3][1][31]_i_24_n_0
    SLICE_X51Y319        LUT6 (Prop_C6LUT_SLICEL_I4_O)
                                                      0.088    11.006 f  u_accel/u_pool/stk_npc[3][1][31]_i_17/O
                         net (fo=25, routed)          0.474    11.480    u_accel/u_pool/stk_npc[3][1][31]_i_17_n_0
    SLICE_X58Y316        LUT6 (Prop_H6LUT_SLICEL_I0_O)
                                                      0.150    11.630 r  u_accel/u_pool/stk_npc[2][6][31]_i_11/O
                         net (fo=1, routed)           0.303    11.933    u_accel/u_pool/stk_npc[2][6][31]_i_11_n_0
    SLICE_X58Y332        LUT6 (Prop_F6LUT_SLICEL_I2_O)
                                                      0.049    11.982 r  u_accel/u_pool/stk_npc[2][6][31]_i_6/O
                         net (fo=1, routed)           0.040    12.022    u_accel/u_pool/stk_npc[2][6][31]_i_6_n_0
    SLICE_X58Y332        LUT5 (Prop_E6LUT_SLICEL_I4_O)
                                                      0.090    12.112 f  u_accel/u_pool/stk_npc[2][6][31]_i_3/O
                         net (fo=1, routed)           0.229    12.341    u_accel/u_pool/stk_npc[2][6][31]_i_3_n_0
    SLICE_X60Y333        LUT6 (Prop_F6LUT_SLICEL_I1_O)
                                                      0.035    12.376 r  u_accel/u_pool/stk_npc[2][6][31]_i_1/O
                         net (fo=32, routed)          0.711    13.087    u_accel/u_pool/stk_npc[2][6][31]_i_1_n_0
    SLICE_X64Y341        FDRE                                         r  u_accel/u_pool/stk_npc_reg[2][6][25]/CE
  -------------------------------------------------------------------    -------------------

                         (clock clk rise edge)       10.000    10.000 r  
    E4                                                0.000    10.000 r  clk (IN)
                         net (fo=0)                   0.000    10.000    clk_IBUF_inst/I
    E4                   INBUF (Prop_INBUF_HDIOB_M_PAD_O)
                                                      0.533    10.533 r  clk_IBUF_inst/INBUF_INST/O
                         net (fo=1, routed)           0.000    10.533    clk_IBUF_inst/OUT
    E4                   IBUFCTRL (Prop_IBUFCTRL_HDIOB_M_I_O)
                                                      0.000    10.533 r  clk_IBUF_inst/IBUFCTRL_INST/O
                         net (fo=1, routed)           0.169    10.702    clk_IBUF
    BUFGCE_HDIO_X2Y2     BUFGCE (Prop_BUFCE_BUFGCE_HDIO_I_O)
                                                      0.024    10.726 r  clk_IBUF_BUFG_inst/O
    X1Y3 (CLOCK_ROOT)    net (fo=26562, routed)       2.149    12.875    u_accel/u_pool/clk
    SLICE_X64Y341        FDRE                                         r  u_accel/u_pool/stk_npc_reg[2][6][25]/C
                         clock pessimism              0.668    13.543    
                         clock uncertainty           -0.035    13.508    
    SLICE_X64Y341        FDRE (Setup_DFF_SLICEM_C_CE)
                                                     -0.061    13.447    u_accel/u_pool/stk_npc_reg[2][6][25]
  -------------------------------------------------------------------
                         required time                         13.447    
                         arrival time                         -13.087    
  -------------------------------------------------------------------
                         slack                                  0.360    

Slack (MET) :             0.361ns  (required time - arrival time)
  Source:                 u_accel/u_pool/issue_w_reg[1]_rep__25/C
                            (rising edge-triggered cell FDRE clocked by clk  {rise@0.000ns fall@5.000ns period=10.000ns})
  Destination:            u_accel/u_pool/stk_npc_reg[2][6][26]/CE
                            (rising edge-triggered cell FDRE clocked by clk  {rise@0.000ns fall@5.000ns period=10.000ns})
  Path Group:             clk
  Path Type:              Setup (Max at Slow Process Corner)
  Requirement:            10.000ns  (clk rise@10.000ns - clk rise@0.000ns)
  Data Path Delay:        9.338ns  (logic 1.942ns (20.796%)  route 7.396ns (79.204%))
  Logic Levels:           20  (CARRY8=2 LUT2=2 LUT4=3 LUT5=1 LUT6=11 MUXF7=1)
  Clock Path Skew:        -0.206ns (DCD - SCD + CPR)
    Destination Clock Delay (DCD):    2.875ns = ( 12.875 - 10.000 ) 
    Source Clock Delay      (SCD):    3.749ns
    Clock Pessimism Removal (CPR):    0.668ns
  Clock Uncertainty:      0.035ns  ((TSJ^2 + TIJ^2)^1/2 + DJ) / 2 + PE
    Total System Jitter     (TSJ):    0.071ns
    Total Input Jitter      (TIJ):    0.000ns
    Discrete Jitter          (DJ):    0.000ns
    Phase Error              (PE):    0.000ns
  Clock Net Delay (Source):      2.476ns (routing 1.343ns, distribution 1.133ns)
  Clock Net Delay (Destination): 2.149ns (routing 1.221ns, distribution 0.928ns)

    Location             Delay type                Incr(ns)  Path(ns)    Netlist Resource(s)
  -------------------------------------------------------------------    -------------------
                         (clock clk rise edge)        0.000     0.000 r  
    E4                                                0.000     0.000 r  clk (IN)
                         net (fo=0)                   0.000     0.000    clk_IBUF_inst/I
    E4                   INBUF (Prop_INBUF_HDIOB_M_PAD_O)
                                                      1.040     1.040 r  clk_IBUF_inst/INBUF_INST/O
                         net (fo=1, routed)           0.000     1.040    clk_IBUF_inst/OUT
    E4                   IBUFCTRL (Prop_IBUFCTRL_HDIOB_M_I_O)
                                                      0.000     1.040 r  clk_IBUF_inst/IBUFCTRL_INST/O
                         net (fo=1, routed)           0.204     1.244    clk_IBUF
    BUFGCE_HDIO_X2Y2     BUFGCE (Prop_BUFCE_BUFGCE_HDIO_I_O)
                                                      0.028     1.272 r  clk_IBUF_BUFG_inst/O
    X1Y3 (CLOCK_ROOT)    net (fo=26562, routed)       2.476     3.749    u_accel/u_pool/clk
    SLICE_X69Y140        FDRE                                         r  u_accel/u_pool/issue_w_reg[1]_rep__25/C
  -------------------------------------------------------------------    -------------------
    SLICE_X69Y140        FDRE (Prop_EFF2_SLICEL_C_Q)
                                                      0.081     3.830 f  u_accel/u_pool/issue_w_reg[1]_rep__25/Q
                         net (fo=1, routed)           0.139     3.969    u_accel/u_pool/issue_w_reg[1]_rep__25_n_0
    SLICE_X69Y140        LUT2 (Prop_E6LUT_SLICEL_I0_O)
                                                      0.051     4.020 r  u_accel/u_pool/q_mul_a[6][31]_i_66/O
                         net (fo=158, routed)         0.487     4.507    u_accel/u_pool/q_mul_a[6][31]_i_66_n_0
    SLICE_X72Y129        LUT4 (Prop_E6LUT_SLICEL_I0_O)
                                                      0.099     4.606 f  u_accel/u_pool/q_mul_a[6][31]_i_85/O
                         net (fo=1, routed)           0.143     4.749    u_accel/u_pool/q_mul_a[6][31]_i_85_n_0
    SLICE_X73Y130        LUT6 (Prop_H6LUT_SLICEM_I5_O)
                                                      0.101     4.850 r  u_accel/u_pool/q_mul_a[6][31]_i_51/O
                         net (fo=2, routed)           0.304     5.154    u_accel/u_pool/q_mul_a[6][31]_i_51_n_0
    SLICE_X75Y134        LUT6 (Prop_D6LUT_SLICEL_I0_O)
                                                      0.089     5.243 r  u_accel/u_pool/q_mul_a[6][31]_i_25/O
                         net (fo=1, routed)           0.009     5.252    u_accel/u_pool/q_mul_a[6][31]_i_25_n_0
    SLICE_X75Y134        MUXF7 (Prop_F7MUX_CD_SLICEL_I0_O)
                                                      0.063     5.315 r  u_accel/u_pool/q_mul_a_reg[6][31]_i_12/O
                         net (fo=1, routed)           0.313     5.628    u_accel/u_pool/q_mul_a_reg[6][31]_i_12_n_0
    SLICE_X74Y150        LUT6 (Prop_H6LUT_SLICEM_I4_O)
                                                      0.152     5.780 f  u_accel/u_pool/q_mul_a[6][31]_i_5/O
                         net (fo=33, routed)          0.557     6.337    u_accel/u_pool/q_mul_a[6][31]_i_5_n_0
    SLICE_X72Y173        LUT4 (Prop_A6LUT_SLICEL_I1_O)
                                                      0.124     6.461 r  u_accel/u_pool/q_mul_a[6][1]_i_2/O
                         net (fo=1, routed)           0.041     6.502    u_accel/u_pool/q_mul_a[6][1]_i_2_n_0
    SLICE_X72Y173        LUT6 (Prop_B6LUT_SLICEL_I4_O)
                                                      0.090     6.592 r  u_accel/u_pool/q_mul_a[6][1]_i_1/O
                         net (fo=15, routed)          0.566     7.158    u_accel/u_pool/rv1[6][1]
    SLICE_X74Y193        LUT4 (Prop_A6LUT_SLICEM_I3_O)
                                                      0.125     7.283 r  u_accel/u_pool/stk_mask[3][1][6]_i_132/O
                         net (fo=1, routed)           0.013     7.296    u_accel/u_pool/stk_mask[3][1][6]_i_132_n_0
    SLICE_X74Y193        CARRY8 (Prop_CARRY8_SLICEM_S[0]_CO[7])
                                                      0.192     7.488 r  u_accel/u_pool/stk_mask_reg[3][1][6]_i_52/CO[7]
                         net (fo=1, routed)           0.026     7.514    u_accel/u_pool/stk_mask_reg[3][1][6]_i_52_n_0
    SLICE_X74Y194        CARRY8 (Prop_CARRY8_SLICEM_CI_CO[7])
                                                      0.022     7.536 r  u_accel/u_pool/stk_mask_reg[3][1][6]_i_9/CO[7]
                         net (fo=1, routed)           0.772     8.308    u_accel/u_pool/data4__0
    SLICE_X62Y201        LUT6 (Prop_B6LUT_SLICEL_I5_O)
                                                      0.098     8.406 f  u_accel/u_pool/stk_mask[3][1][6]_i_4/O
                         net (fo=1, routed)           0.500     8.906    u_accel/u_pool/stk_mask[3][1][6]_i_4_n_0
    SLICE_X59Y207        LUT6 (Prop_H6LUT_SLICEL_I0_O)
                                                      0.090     8.996 r  u_accel/u_pool/stk_mask[3][1][6]_i_3/O
                         net (fo=2, routed)           0.774     9.770    u_accel/u_pool/stk_mask[3][1][6]_i_3_n_0
    SLICE_X56Y276        LUT2 (Prop_E5LUT_SLICEM_I1_O)
                                                      0.102     9.872 f  u_accel/u_pool/stk_mask[3][1][6]_i_2/O
                         net (fo=33, routed)          0.387    10.259    u_accel/u_pool/taken_mask[6]
    SLICE_X55Y286        LUT6 (Prop_E6LUT_SLICEL_I5_O)
                                                      0.051    10.310 r  u_accel/u_pool/stk_npc[3][1][31]_i_24/O
                         net (fo=59, routed)          0.608    10.918    u_accel/u_pool/stk_npc[3][1][31]_i_24_n_0
    SLICE_X51Y319        LUT6 (Prop_C6LUT_SLICEL_I4_O)
                                                      0.088    11.006 f  u_accel/u_pool/stk_npc[3][1][31]_i_17/O
                         net (fo=25, routed)          0.474    11.480    u_accel/u_pool/stk_npc[3][1][31]_i_17_n_0
    SLICE_X58Y316        LUT6 (Prop_H6LUT_SLICEL_I0_O)
                                                      0.150    11.630 r  u_accel/u_pool/stk_npc[2][6][31]_i_11/O
                         net (fo=1, routed)           0.303    11.933    u_accel/u_pool/stk_npc[2][6][31]_i_11_n_0
    SLICE_X58Y332        LUT6 (Prop_F6LUT_SLICEL_I2_O)
                                                      0.049    11.982 r  u_accel/u_pool/stk_npc[2][6][31]_i_6/O
                         net (fo=1, routed)           0.040    12.022    u_accel/u_pool/stk_npc[2][6][31]_i_6_n_0
    SLICE_X58Y332        LUT5 (Prop_E6LUT_SLICEL_I4_O)
                                                      0.090    12.112 f  u_accel/u_pool/stk_npc[2][6][31]_i_3/O
                         net (fo=1, routed)           0.229    12.341    u_accel/u_pool/stk_npc[2][6][31]_i_3_n_0
    SLICE_X60Y333        LUT6 (Prop_F6LUT_SLICEL_I1_O)
                                                      0.035    12.376 r  u_accel/u_pool/stk_npc[2][6][31]_i_1/O
                         net (fo=32, routed)          0.711    13.087    u_accel/u_pool/stk_npc[2][6][31]_i_1_n_0
    SLICE_X64Y341        FDRE                                         r  u_accel/u_pool/stk_npc_reg[2][6][26]/CE
  -------------------------------------------------------------------    -------------------

                         (clock clk rise edge)       10.000    10.000 r  
    E4                                                0.000    10.000 r  clk (IN)
                         net (fo=0)                   0.000    10.000    clk_IBUF_inst/I
    E4                   INBUF (Prop_INBUF_HDIOB_M_PAD_O)
                                                      0.533    10.533 r  clk_IBUF_inst/INBUF_INST/O
                         net (fo=1, routed)           0.000    10.533    clk_IBUF_inst/OUT
    E4                   IBUFCTRL (Prop_IBUFCTRL_HDIOB_M_I_O)
                                                      0.000    10.533 r  clk_IBUF_inst/IBUFCTRL_INST/O
                         net (fo=1, routed)           0.169    10.702    clk_IBUF
    BUFGCE_HDIO_X2Y2     BUFGCE (Prop_BUFCE_BUFGCE_HDIO_I_O)
                                                      0.024    10.726 r  clk_IBUF_BUFG_inst/O
    X1Y3 (CLOCK_ROOT)    net (fo=26562, routed)       2.149    12.875    u_accel/u_pool/clk
    SLICE_X64Y341        FDRE                                         r  u_accel/u_pool/stk_npc_reg[2][6][26]/C
                         clock pessimism              0.668    13.543    
                         clock uncertainty           -0.035    13.508    
    SLICE_X64Y341        FDRE (Setup_DFF2_SLICEM_C_CE)
                                                     -0.060    13.448    u_accel/u_pool/stk_npc_reg[2][6][26]
  -------------------------------------------------------------------
                         required time                         13.448    
                         arrival time                         -13.087    
  -------------------------------------------------------------------
                         slack                                  0.361    

Slack (MET) :             0.362ns  (required time - arrival time)
  Source:                 u_accel/u_pool/issue_w_reg[1]_rep__25/C
                            (rising edge-triggered cell FDRE clocked by clk  {rise@0.000ns fall@5.000ns period=10.000ns})
  Destination:            u_accel/u_pool/stk_npc_reg[2][6][1]/CE
                            (rising edge-triggered cell FDRE clocked by clk  {rise@0.000ns fall@5.000ns period=10.000ns})
  Path Group:             clk
  Path Type:              Setup (Max at Slow Process Corner)
  Requirement:            10.000ns  (clk rise@10.000ns - clk rise@0.000ns)
  Data Path Delay:        9.333ns  (logic 1.942ns (20.807%)  route 7.391ns (79.193%))
  Logic Levels:           20  (CARRY8=2 LUT2=2 LUT4=3 LUT5=1 LUT6=11 MUXF7=1)
  Clock Path Skew:        -0.210ns (DCD - SCD + CPR)
    Destination Clock Delay (DCD):    2.871ns = ( 12.871 - 10.000 ) 
    Source Clock Delay      (SCD):    3.749ns
    Clock Pessimism Removal (CPR):    0.668ns
  Clock Uncertainty:      0.035ns  ((TSJ^2 + TIJ^2)^1/2 + DJ) / 2 + PE
    Total System Jitter     (TSJ):    0.071ns
    Total Input Jitter      (TIJ):    0.000ns
    Discrete Jitter          (DJ):    0.000ns
    Phase Error              (PE):    0.000ns
  Clock Net Delay (Source):      2.476ns (routing 1.343ns, distribution 1.133ns)
  Clock Net Delay (Destination): 2.145ns (routing 1.221ns, distribution 0.924ns)

    Location             Delay type                Incr(ns)  Path(ns)    Netlist Resource(s)
  -------------------------------------------------------------------    -------------------
                         (clock clk rise edge)        0.000     0.000 r  
    E4                                                0.000     0.000 r  clk (IN)
                         net (fo=0)                   0.000     0.000    clk_IBUF_inst/I
    E4                   INBUF (Prop_INBUF_HDIOB_M_PAD_O)
                                                      1.040     1.040 r  clk_IBUF_inst/INBUF_INST/O
                         net (fo=1, routed)           0.000     1.040    clk_IBUF_inst/OUT
    E4                   IBUFCTRL (Prop_IBUFCTRL_HDIOB_M_I_O)
                                                      0.000     1.040 r  clk_IBUF_inst/IBUFCTRL_INST/O
                         net (fo=1, routed)           0.204     1.244    clk_IBUF
    BUFGCE_HDIO_X2Y2     BUFGCE (Prop_BUFCE_BUFGCE_HDIO_I_O)
                                                      0.028     1.272 r  clk_IBUF_BUFG_inst/O
    X1Y3 (CLOCK_ROOT)    net (fo=26562, routed)       2.476     3.749    u_accel/u_pool/clk
    SLICE_X69Y140        FDRE                                         r  u_accel/u_pool/issue_w_reg[1]_rep__25/C
  -------------------------------------------------------------------    -------------------
    SLICE_X69Y140        FDRE (Prop_EFF2_SLICEL_C_Q)
                                                      0.081     3.830 f  u_accel/u_pool/issue_w_reg[1]_rep__25/Q
                         net (fo=1, routed)           0.139     3.969    u_accel/u_pool/issue_w_reg[1]_rep__25_n_0
    SLICE_X69Y140        LUT2 (Prop_E6LUT_SLICEL_I0_O)
                                                      0.051     4.020 r  u_accel/u_pool/q_mul_a[6][31]_i_66/O
                         net (fo=158, routed)         0.487     4.507    u_accel/u_pool/q_mul_a[6][31]_i_66_n_0
    SLICE_X72Y129        LUT4 (Prop_E6LUT_SLICEL_I0_O)
                                                      0.099     4.606 f  u_accel/u_pool/q_mul_a[6][31]_i_85/O
                         net (fo=1, routed)           0.143     4.749    u_accel/u_pool/q_mul_a[6][31]_i_85_n_0
    SLICE_X73Y130        LUT6 (Prop_H6LUT_SLICEM_I5_O)
                                                      0.101     4.850 r  u_accel/u_pool/q_mul_a[6][31]_i_51/O
                         net (fo=2, routed)           0.304     5.154    u_accel/u_pool/q_mul_a[6][31]_i_51_n_0
    SLICE_X75Y134        LUT6 (Prop_D6LUT_SLICEL_I0_O)
                                                      0.089     5.243 r  u_accel/u_pool/q_mul_a[6][31]_i_25/O
                         net (fo=1, routed)           0.009     5.252    u_accel/u_pool/q_mul_a[6][31]_i_25_n_0
    SLICE_X75Y134        MUXF7 (Prop_F7MUX_CD_SLICEL_I0_O)
                                                      0.063     5.315 r  u_accel/u_pool/q_mul_a_reg[6][31]_i_12/O
                         net (fo=1, routed)           0.313     5.628    u_accel/u_pool/q_mul_a_reg[6][31]_i_12_n_0
    SLICE_X74Y150        LUT6 (Prop_H6LUT_SLICEM_I4_O)
                                                      0.152     5.780 f  u_accel/u_pool/q_mul_a[6][31]_i_5/O
                         net (fo=33, routed)          0.557     6.337    u_accel/u_pool/q_mul_a[6][31]_i_5_n_0
    SLICE_X72Y173        LUT4 (Prop_A6LUT_SLICEL_I1_O)
                                                      0.124     6.461 r  u_accel/u_pool/q_mul_a[6][1]_i_2/O
                         net (fo=1, routed)           0.041     6.502    u_accel/u_pool/q_mul_a[6][1]_i_2_n_0
    SLICE_X72Y173        LUT6 (Prop_B6LUT_SLICEL_I4_O)
                                                      0.090     6.592 r  u_accel/u_pool/q_mul_a[6][1]_i_1/O
                         net (fo=15, routed)          0.566     7.158    u_accel/u_pool/rv1[6][1]
    SLICE_X74Y193        LUT4 (Prop_A6LUT_SLICEM_I3_O)
                                                      0.125     7.283 r  u_accel/u_pool/stk_mask[3][1][6]_i_132/O
                         net (fo=1, routed)           0.013     7.296    u_accel/u_pool/stk_mask[3][1][6]_i_132_n_0
    SLICE_X74Y193        CARRY8 (Prop_CARRY8_SLICEM_S[0]_CO[7])
                                                      0.192     7.488 r  u_accel/u_pool/stk_mask_reg[3][1][6]_i_52/CO[7]
                         net (fo=1, routed)           0.026     7.514    u_accel/u_pool/stk_mask_reg[3][1][6]_i_52_n_0
    SLICE_X74Y194        CARRY8 (Prop_CARRY8_SLICEM_CI_CO[7])
                                                      0.022     7.536 r  u_accel/u_pool/stk_mask_reg[3][1][6]_i_9/CO[7]
                         net (fo=1, routed)           0.772     8.308    u_accel/u_pool/data4__0
    SLICE_X62Y201        LUT6 (Prop_B6LUT_SLICEL_I5_O)
                                                      0.098     8.406 f  u_accel/u_pool/stk_mask[3][1][6]_i_4/O
                         net (fo=1, routed)           0.500     8.906    u_accel/u_pool/stk_mask[3][1][6]_i_4_n_0
    SLICE_X59Y207        LUT6 (Prop_H6LUT_SLICEL_I0_O)
                                                      0.090     8.996 r  u_accel/u_pool/stk_mask[3][1][6]_i_3/O
                         net (fo=2, routed)           0.774     9.770    u_accel/u_pool/stk_mask[3][1][6]_i_3_n_0
    SLICE_X56Y276        LUT2 (Prop_E5LUT_SLICEM_I1_O)
                                                      0.102     9.872 f  u_accel/u_pool/stk_mask[3][1][6]_i_2/O
                         net (fo=33, routed)          0.387    10.259    u_accel/u_pool/taken_mask[6]
    SLICE_X55Y286        LUT6 (Prop_E6LUT_SLICEL_I5_O)
                                                      0.051    10.310 r  u_accel/u_pool/stk_npc[3][1][31]_i_24/O
                         net (fo=59, routed)          0.608    10.918    u_accel/u_pool/stk_npc[3][1][31]_i_24_n_0
    SLICE_X51Y319        LUT6 (Prop_C6LUT_SLICEL_I4_O)
                                                      0.088    11.006 f  u_accel/u_pool/stk_npc[3][1][31]_i_17/O
                         net (fo=25, routed)          0.474    11.480    u_accel/u_pool/stk_npc[3][1][31]_i_17_n_0
    SLICE_X58Y316        LUT6 (Prop_H6LUT_SLICEL_I0_O)
                                                      0.150    11.630 r  u_accel/u_pool/stk_npc[2][6][31]_i_11/O
                         net (fo=1, routed)           0.303    11.933    u_accel/u_pool/stk_npc[2][6][31]_i_11_n_0
    SLICE_X58Y332        LUT6 (Prop_F6LUT_SLICEL_I2_O)
                                                      0.049    11.982 r  u_accel/u_pool/stk_npc[2][6][31]_i_6/O
                         net (fo=1, routed)           0.040    12.022    u_accel/u_pool/stk_npc[2][6][31]_i_6_n_0
    SLICE_X58Y332        LUT5 (Prop_E6LUT_SLICEL_I4_O)
                                                      0.090    12.112 f  u_accel/u_pool/stk_npc[2][6][31]_i_3/O
                         net (fo=1, routed)           0.229    12.341    u_accel/u_pool/stk_npc[2][6][31]_i_3_n_0
    SLICE_X60Y333        LUT6 (Prop_F6LUT_SLICEL_I1_O)
                                                      0.035    12.376 r  u_accel/u_pool/stk_npc[2][6][31]_i_1/O
                         net (fo=32, routed)          0.706    13.082    u_accel/u_pool/stk_npc[2][6][31]_i_1_n_0
    SLICE_X65Y341        FDRE                                         r  u_accel/u_pool/stk_npc_reg[2][6][1]/CE
  -------------------------------------------------------------------    -------------------

                         (clock clk rise edge)       10.000    10.000 r  
    E4                                                0.000    10.000 r  clk (IN)
                         net (fo=0)                   0.000    10.000    clk_IBUF_inst/I
    E4                   INBUF (Prop_INBUF_HDIOB_M_PAD_O)
                                                      0.533    10.533 r  clk_IBUF_inst/INBUF_INST/O
                         net (fo=1, routed)           0.000    10.533    clk_IBUF_inst/OUT
    E4                   IBUFCTRL (Prop_IBUFCTRL_HDIOB_M_I_O)
                                                      0.000    10.533 r  clk_IBUF_inst/IBUFCTRL_INST/O
                         net (fo=1, routed)           0.169    10.702    clk_IBUF
    BUFGCE_HDIO_X2Y2     BUFGCE (Prop_BUFCE_BUFGCE_HDIO_I_O)
                                                      0.024    10.726 r  clk_IBUF_BUFG_inst/O
    X1Y3 (CLOCK_ROOT)    net (fo=26562, routed)       2.145    12.871    u_accel/u_pool/clk
    SLICE_X65Y341        FDRE                                         r  u_accel/u_pool/stk_npc_reg[2][6][1]/C
                         clock pessimism              0.668    13.539    
                         clock uncertainty           -0.035    13.504    
    SLICE_X65Y341        FDRE (Setup_DFF_SLICEL_C_CE)
                                                     -0.060    13.444    u_accel/u_pool/stk_npc_reg[2][6][1]
  -------------------------------------------------------------------
                         required time                         13.444    
                         arrival time                         -13.082    
  -------------------------------------------------------------------
                         slack                                  0.362    

Slack (MET) :             0.362ns  (required time - arrival time)
  Source:                 u_accel/u_pool/issue_w_reg[1]_rep__25/C
                            (rising edge-triggered cell FDRE clocked by clk  {rise@0.000ns fall@5.000ns period=10.000ns})
  Destination:            u_accel/u_pool/stk_npc_reg[2][6][27]/CE
                            (rising edge-triggered cell FDRE clocked by clk  {rise@0.000ns fall@5.000ns period=10.000ns})
  Path Group:             clk
  Path Type:              Setup (Max at Slow Process Corner)
  Requirement:            10.000ns  (clk rise@10.000ns - clk rise@0.000ns)
  Data Path Delay:        9.334ns  (logic 1.942ns (20.805%)  route 7.392ns (79.195%))
  Logic Levels:           20  (CARRY8=2 LUT2=2 LUT4=3 LUT5=1 LUT6=11 MUXF7=1)
  Clock Path Skew:        -0.210ns (DCD - SCD + CPR)
    Destination Clock Delay (DCD):    2.871ns = ( 12.871 - 10.000 ) 
    Source Clock Delay      (SCD):    3.749ns
    Clock Pessimism Removal (CPR):    0.668ns
  Clock Uncertainty:      0.035ns  ((TSJ^2 + TIJ^2)^1/2 + DJ) / 2 + PE
    Total System Jitter     (TSJ):    0.071ns
    Total Input Jitter      (TIJ):    0.000ns
    Discrete Jitter          (DJ):    0.000ns
    Phase Error              (PE):    0.000ns
  Clock Net Delay (Source):      2.476ns (routing 1.343ns, distribution 1.133ns)
  Clock Net Delay (Destination): 2.145ns (routing 1.221ns, distribution 0.924ns)

    Location             Delay type                Incr(ns)  Path(ns)    Netlist Resource(s)
  -------------------------------------------------------------------    -------------------
                         (clock clk rise edge)        0.000     0.000 r  
    E4                                                0.000     0.000 r  clk (IN)
                         net (fo=0)                   0.000     0.000    clk_IBUF_inst/I
    E4                   INBUF (Prop_INBUF_HDIOB_M_PAD_O)
                                                      1.040     1.040 r  clk_IBUF_inst/INBUF_INST/O
                         net (fo=1, routed)           0.000     1.040    clk_IBUF_inst/OUT
    E4                   IBUFCTRL (Prop_IBUFCTRL_HDIOB_M_I_O)
                                                      0.000     1.040 r  clk_IBUF_inst/IBUFCTRL_INST/O
                         net (fo=1, routed)           0.204     1.244    clk_IBUF
    BUFGCE_HDIO_X2Y2     BUFGCE (Prop_BUFCE_BUFGCE_HDIO_I_O)
                                                      0.028     1.272 r  clk_IBUF_BUFG_inst/O
    X1Y3 (CLOCK_ROOT)    net (fo=26562, routed)       2.476     3.749    u_accel/u_pool/clk
    SLICE_X69Y140        FDRE                                         r  u_accel/u_pool/issue_w_reg[1]_rep__25/C
  -------------------------------------------------------------------    -------------------
    SLICE_X69Y140        FDRE (Prop_EFF2_SLICEL_C_Q)
                                                      0.081     3.830 f  u_accel/u_pool/issue_w_reg[1]_rep__25/Q
                         net (fo=1, routed)           0.139     3.969    u_accel/u_pool/issue_w_reg[1]_rep__25_n_0
    SLICE_X69Y140        LUT2 (Prop_E6LUT_SLICEL_I0_O)
                                                      0.051     4.020 r  u_accel/u_pool/q_mul_a[6][31]_i_66/O
                         net (fo=158, routed)         0.487     4.507    u_accel/u_pool/q_mul_a[6][31]_i_66_n_0
    SLICE_X72Y129        LUT4 (Prop_E6LUT_SLICEL_I0_O)
                                                      0.099     4.606 f  u_accel/u_pool/q_mul_a[6][31]_i_85/O
                         net (fo=1, routed)           0.143     4.749    u_accel/u_pool/q_mul_a[6][31]_i_85_n_0
    SLICE_X73Y130        LUT6 (Prop_H6LUT_SLICEM_I5_O)
                                                      0.101     4.850 r  u_accel/u_pool/q_mul_a[6][31]_i_51/O
                         net (fo=2, routed)           0.304     5.154    u_accel/u_pool/q_mul_a[6][31]_i_51_n_0
    SLICE_X75Y134        LUT6 (Prop_D6LUT_SLICEL_I0_O)
                                                      0.089     5.243 r  u_accel/u_pool/q_mul_a[6][31]_i_25/O
                         net (fo=1, routed)           0.009     5.252    u_accel/u_pool/q_mul_a[6][31]_i_25_n_0
    SLICE_X75Y134        MUXF7 (Prop_F7MUX_CD_SLICEL_I0_O)
                                                      0.063     5.315 r  u_accel/u_pool/q_mul_a_reg[6][31]_i_12/O
                         net (fo=1, routed)           0.313     5.628    u_accel/u_pool/q_mul_a_reg[6][31]_i_12_n_0
    SLICE_X74Y150        LUT6 (Prop_H6LUT_SLICEM_I4_O)
                                                      0.152     5.780 f  u_accel/u_pool/q_mul_a[6][31]_i_5/O
                         net (fo=33, routed)          0.557     6.337    u_accel/u_pool/q_mul_a[6][31]_i_5_n_0
    SLICE_X72Y173        LUT4 (Prop_A6LUT_SLICEL_I1_O)
                                                      0.124     6.461 r  u_accel/u_pool/q_mul_a[6][1]_i_2/O
                         net (fo=1, routed)           0.041     6.502    u_accel/u_pool/q_mul_a[6][1]_i_2_n_0
    SLICE_X72Y173        LUT6 (Prop_B6LUT_SLICEL_I4_O)
                                                      0.090     6.592 r  u_accel/u_pool/q_mul_a[6][1]_i_1/O
                         net (fo=15, routed)          0.566     7.158    u_accel/u_pool/rv1[6][1]
    SLICE_X74Y193        LUT4 (Prop_A6LUT_SLICEM_I3_O)
                                                      0.125     7.283 r  u_accel/u_pool/stk_mask[3][1][6]_i_132/O
                         net (fo=1, routed)           0.013     7.296    u_accel/u_pool/stk_mask[3][1][6]_i_132_n_0
    SLICE_X74Y193        CARRY8 (Prop_CARRY8_SLICEM_S[0]_CO[7])
                                                      0.192     7.488 r  u_accel/u_pool/stk_mask_reg[3][1][6]_i_52/CO[7]
                         net (fo=1, routed)           0.026     7.514    u_accel/u_pool/stk_mask_reg[3][1][6]_i_52_n_0
    SLICE_X74Y194        CARRY8 (Prop_CARRY8_SLICEM_CI_CO[7])
                                                      0.022     7.536 r  u_accel/u_pool/stk_mask_reg[3][1][6]_i_9/CO[7]
                         net (fo=1, routed)           0.772     8.308    u_accel/u_pool/data4__0
    SLICE_X62Y201        LUT6 (Prop_B6LUT_SLICEL_I5_O)
                                                      0.098     8.406 f  u_accel/u_pool/stk_mask[3][1][6]_i_4/O
                         net (fo=1, routed)           0.500     8.906    u_accel/u_pool/stk_mask[3][1][6]_i_4_n_0
    SLICE_X59Y207        LUT6 (Prop_H6LUT_SLICEL_I0_O)
                                                      0.090     8.996 r  u_accel/u_pool/stk_mask[3][1][6]_i_3/O
                         net (fo=2, routed)           0.774     9.770    u_accel/u_pool/stk_mask[3][1][6]_i_3_n_0
    SLICE_X56Y276        LUT2 (Prop_E5LUT_SLICEM_I1_O)
                                                      0.102     9.872 f  u_accel/u_pool/stk_mask[3][1][6]_i_2/O
                         net (fo=33, routed)          0.387    10.259    u_accel/u_pool/taken_mask[6]
    SLICE_X55Y286        LUT6 (Prop_E6LUT_SLICEL_I5_O)
                                                      0.051    10.310 r  u_accel/u_pool/stk_npc[3][1][31]_i_24/O
                         net (fo=59, routed)          0.608    10.918    u_accel/u_pool/stk_npc[3][1][31]_i_24_n_0
    SLICE_X51Y319        LUT6 (Prop_C6LUT_SLICEL_I4_O)
                                                      0.088    11.006 f  u_accel/u_pool/stk_npc[3][1][31]_i_17/O
                         net (fo=25, routed)          0.474    11.480    u_accel/u_pool/stk_npc[3][1][31]_i_17_n_0
    SLICE_X58Y316        LUT6 (Prop_H6LUT_SLICEL_I0_O)
                                                      0.150    11.630 r  u_accel/u_pool/stk_npc[2][6][31]_i_11/O
                         net (fo=1, routed)           0.303    11.933    u_accel/u_pool/stk_npc[2][6][31]_i_11_n_0
    SLICE_X58Y332        LUT6 (Prop_F6LUT_SLICEL_I2_O)
                                                      0.049    11.982 r  u_accel/u_pool/stk_npc[2][6][31]_i_6/O
                         net (fo=1, routed)           0.040    12.022    u_accel/u_pool/stk_npc[2][6][31]_i_6_n_0
    SLICE_X58Y332        LUT5 (Prop_E6LUT_SLICEL_I4_O)
                                                      0.090    12.112 f  u_accel/u_pool/stk_npc[2][6][31]_i_3/O
                         net (fo=1, routed)           0.229    12.341    u_accel/u_pool/stk_npc[2][6][31]_i_3_n_0
    SLICE_X60Y333        LUT6 (Prop_F6LUT_SLICEL_I1_O)
                                                      0.035    12.376 r  u_accel/u_pool/stk_npc[2][6][31]_i_1/O
                         net (fo=32, routed)          0.707    13.083    u_accel/u_pool/stk_npc[2][6][31]_i_1_n_0
    SLICE_X65Y341        FDRE                                         r  u_accel/u_pool/stk_npc_reg[2][6][27]/CE
  -------------------------------------------------------------------    -------------------

                         (clock clk rise edge)       10.000    10.000 r  
    E4                                                0.000    10.000 r  clk (IN)
                         net (fo=0)                   0.000    10.000    clk_IBUF_inst/I
    E4                   INBUF (Prop_INBUF_HDIOB_M_PAD_O)
                                                      0.533    10.533 r  clk_IBUF_inst/INBUF_INST/O
                         net (fo=1, routed)           0.000    10.533    clk_IBUF_inst/OUT
    E4                   IBUFCTRL (Prop_IBUFCTRL_HDIOB_M_I_O)
                                                      0.000    10.533 r  clk_IBUF_inst/IBUFCTRL_INST/O
                         net (fo=1, routed)           0.169    10.702    clk_IBUF
    BUFGCE_HDIO_X2Y2     BUFGCE (Prop_BUFCE_BUFGCE_HDIO_I_O)
                                                      0.024    10.726 r  clk_IBUF_BUFG_inst/O
    X1Y3 (CLOCK_ROOT)    net (fo=26562, routed)       2.145    12.871    u_accel/u_pool/clk
    SLICE_X65Y341        FDRE                                         r  u_accel/u_pool/stk_npc_reg[2][6][27]/C
                         clock pessimism              0.668    13.539    
                         clock uncertainty           -0.035    13.504    
    SLICE_X65Y341        FDRE (Setup_DFF2_SLICEL_C_CE)
                                                     -0.059    13.445    u_accel/u_pool/stk_npc_reg[2][6][27]
  -------------------------------------------------------------------
                         required time                         13.445    
                         arrival time                         -13.083    
  -------------------------------------------------------------------
                         slack                                  0.362    

Slack (MET) :             0.459ns  (required time - arrival time)
  Source:                 u_accel/u_pool/issue_w_reg[1]_rep__25/C
                            (rising edge-triggered cell FDRE clocked by clk  {rise@0.000ns fall@5.000ns period=10.000ns})
  Destination:            u_accel/u_pool/stk_npc_reg[2][6][22]/CE
                            (rising edge-triggered cell FDRE clocked by clk  {rise@0.000ns fall@5.000ns period=10.000ns})
  Path Group:             clk
  Path Type:              Setup (Max at Slow Process Corner)
  Requirement:            10.000ns  (clk rise@10.000ns - clk rise@0.000ns)
  Data Path Delay:        9.244ns  (logic 1.942ns (21.008%)  route 7.302ns (78.992%))
  Logic Levels:           20  (CARRY8=2 LUT2=2 LUT4=3 LUT5=1 LUT6=11 MUXF7=1)
  Clock Path Skew:        -0.201ns (DCD - SCD + CPR)
    Destination Clock Delay (DCD):    2.879ns = ( 12.879 - 10.000 ) 
    Source Clock Delay      (SCD):    3.749ns
    Clock Pessimism Removal (CPR):    0.668ns
  Clock Uncertainty:      0.035ns  ((TSJ^2 + TIJ^2)^1/2 + DJ) / 2 + PE
    Total System Jitter     (TSJ):    0.071ns
    Total Input Jitter      (TIJ):    0.000ns
    Discrete Jitter          (DJ):    0.000ns
    Phase Error              (PE):    0.000ns
  Clock Net Delay (Source):      2.476ns (routing 1.343ns, distribution 1.133ns)
  Clock Net Delay (Destination): 2.153ns (routing 1.221ns, distribution 0.932ns)

    Location             Delay type                Incr(ns)  Path(ns)    Netlist Resource(s)
  -------------------------------------------------------------------    -------------------
                         (clock clk rise edge)        0.000     0.000 r  
    E4                                                0.000     0.000 r  clk (IN)
                         net (fo=0)                   0.000     0.000    clk_IBUF_inst/I
    E4                   INBUF (Prop_INBUF_HDIOB_M_PAD_O)
                                                      1.040     1.040 r  clk_IBUF_inst/INBUF_INST/O
                         net (fo=1, routed)           0.000     1.040    clk_IBUF_inst/OUT
    E4                   IBUFCTRL (Prop_IBUFCTRL_HDIOB_M_I_O)
                                                      0.000     1.040 r  clk_IBUF_inst/IBUFCTRL_INST/O
                         net (fo=1, routed)           0.204     1.244    clk_IBUF
    BUFGCE_HDIO_X2Y2     BUFGCE (Prop_BUFCE_BUFGCE_HDIO_I_O)
                                                      0.028     1.272 r  clk_IBUF_BUFG_inst/O
    X1Y3 (CLOCK_ROOT)    net (fo=26562, routed)       2.476     3.749    u_accel/u_pool/clk
    SLICE_X69Y140        FDRE                                         r  u_accel/u_pool/issue_w_reg[1]_rep__25/C
  -------------------------------------------------------------------    -------------------
    SLICE_X69Y140        FDRE (Prop_EFF2_SLICEL_C_Q)
                                                      0.081     3.830 f  u_accel/u_pool/issue_w_reg[1]_rep__25/Q
                         net (fo=1, routed)           0.139     3.969    u_accel/u_pool/issue_w_reg[1]_rep__25_n_0
    SLICE_X69Y140        LUT2 (Prop_E6LUT_SLICEL_I0_O)
                                                      0.051     4.020 r  u_accel/u_pool/q_mul_a[6][31]_i_66/O
                         net (fo=158, routed)         0.487     4.507    u_accel/u_pool/q_mul_a[6][31]_i_66_n_0
    SLICE_X72Y129        LUT4 (Prop_E6LUT_SLICEL_I0_O)
                                                      0.099     4.606 f  u_accel/u_pool/q_mul_a[6][31]_i_85/O
                         net (fo=1, routed)           0.143     4.749    u_accel/u_pool/q_mul_a[6][31]_i_85_n_0
    SLICE_X73Y130        LUT6 (Prop_H6LUT_SLICEM_I5_O)
                                                      0.101     4.850 r  u_accel/u_pool/q_mul_a[6][31]_i_51/O
                         net (fo=2, routed)           0.304     5.154    u_accel/u_pool/q_mul_a[6][31]_i_51_n_0
    SLICE_X75Y134        LUT6 (Prop_D6LUT_SLICEL_I0_O)
                                                      0.089     5.243 r  u_accel/u_pool/q_mul_a[6][31]_i_25/O
                         net (fo=1, routed)           0.009     5.252    u_accel/u_pool/q_mul_a[6][31]_i_25_n_0
    SLICE_X75Y134        MUXF7 (Prop_F7MUX_CD_SLICEL_I0_O)
                                                      0.063     5.315 r  u_accel/u_pool/q_mul_a_reg[6][31]_i_12/O
                         net (fo=1, routed)           0.313     5.628    u_accel/u_pool/q_mul_a_reg[6][31]_i_12_n_0
    SLICE_X74Y150        LUT6 (Prop_H6LUT_SLICEM_I4_O)
                                                      0.152     5.780 f  u_accel/u_pool/q_mul_a[6][31]_i_5/O
                         net (fo=33, routed)          0.557     6.337    u_accel/u_pool/q_mul_a[6][31]_i_5_n_0
    SLICE_X72Y173        LUT4 (Prop_A6LUT_SLICEL_I1_O)
                                                      0.124     6.461 r  u_accel/u_pool/q_mul_a[6][1]_i_2/O
                         net (fo=1, routed)           0.041     6.502    u_accel/u_pool/q_mul_a[6][1]_i_2_n_0
    SLICE_X72Y173        LUT6 (Prop_B6LUT_SLICEL_I4_O)
                                                      0.090     6.592 r  u_accel/u_pool/q_mul_a[6][1]_i_1/O
                         net (fo=15, routed)          0.566     7.158    u_accel/u_pool/rv1[6][1]
    SLICE_X74Y193        LUT4 (Prop_A6LUT_SLICEM_I3_O)
                                                      0.125     7.283 r  u_accel/u_pool/stk_mask[3][1][6]_i_132/O
                         net (fo=1, routed)           0.013     7.296    u_accel/u_pool/stk_mask[3][1][6]_i_132_n_0
    SLICE_X74Y193        CARRY8 (Prop_CARRY8_SLICEM_S[0]_CO[7])
                                                      0.192     7.488 r  u_accel/u_pool/stk_mask_reg[3][1][6]_i_52/CO[7]
                         net (fo=1, routed)           0.026     7.514    u_accel/u_pool/stk_mask_reg[3][1][6]_i_52_n_0
    SLICE_X74Y194        CARRY8 (Prop_CARRY8_SLICEM_CI_CO[7])
                                                      0.022     7.536 r  u_accel/u_pool/stk_mask_reg[3][1][6]_i_9/CO[7]
                         net (fo=1, routed)           0.772     8.308    u_accel/u_pool/data4__0
    SLICE_X62Y201        LUT6 (Prop_B6LUT_SLICEL_I5_O)
                                                      0.098     8.406 f  u_accel/u_pool/stk_mask[3][1][6]_i_4/O
                         net (fo=1, routed)           0.500     8.906    u_accel/u_pool/stk_mask[3][1][6]_i_4_n_0
    SLICE_X59Y207        LUT6 (Prop_H6LUT_SLICEL_I0_O)
                                                      0.090     8.996 r  u_accel/u_pool/stk_mask[3][1][6]_i_3/O
                         net (fo=2, routed)           0.774     9.770    u_accel/u_pool/stk_mask[3][1][6]_i_3_n_0
    SLICE_X56Y276        LUT2 (Prop_E5LUT_SLICEM_I1_O)
                                                      0.102     9.872 f  u_accel/u_pool/stk_mask[3][1][6]_i_2/O
                         net (fo=33, routed)          0.387    10.259    u_accel/u_pool/taken_mask[6]
    SLICE_X55Y286        LUT6 (Prop_E6LUT_SLICEL_I5_O)
                                                      0.051    10.310 r  u_accel/u_pool/stk_npc[3][1][31]_i_24/O
                         net (fo=59, routed)          0.608    10.918    u_accel/u_pool/stk_npc[3][1][31]_i_24_n_0
    SLICE_X51Y319        LUT6 (Prop_C6LUT_SLICEL_I4_O)
                                                      0.088    11.006 f  u_accel/u_pool/stk_npc[3][1][31]_i_17/O
                         net (fo=25, routed)          0.474    11.480    u_accel/u_pool/stk_npc[3][1][31]_i_17_n_0
    SLICE_X58Y316        LUT6 (Prop_H6LUT_SLICEL_I0_O)
                                                      0.150    11.630 r  u_accel/u_pool/stk_npc[2][6][31]_i_11/O
                         net (fo=1, routed)           0.303    11.933    u_accel/u_pool/stk_npc[2][6][31]_i_11_n_0
    SLICE_X58Y332        LUT6 (Prop_F6LUT_SLICEL_I2_O)
                                                      0.049    11.982 r  u_accel/u_pool/stk_npc[2][6][31]_i_6/O
                         net (fo=1, routed)           0.040    12.022    u_accel/u_pool/stk_npc[2][6][31]_i_6_n_0
    SLICE_X58Y332        LUT5 (Prop_E6LUT_SLICEL_I4_O)
                                                      0.090    12.112 f  u_accel/u_pool/stk_npc[2][6][31]_i_3/O
                         net (fo=1, routed)           0.229    12.341    u_accel/u_pool/stk_npc[2][6][31]_i_3_n_0
    SLICE_X60Y333        LUT6 (Prop_F6LUT_SLICEL_I1_O)
                                                      0.035    12.376 r  u_accel/u_pool/stk_npc[2][6][31]_i_1/O
                         net (fo=32, routed)          0.617    12.993    u_accel/u_pool/stk_npc[2][6][31]_i_1_n_0
    SLICE_X65Y340        FDRE                                         r  u_accel/u_pool/stk_npc_reg[2][6][22]/CE
  -------------------------------------------------------------------    -------------------

                         (clock clk rise edge)       10.000    10.000 r  
    E4                                                0.000    10.000 r  clk (IN)
                         net (fo=0)                   0.000    10.000    clk_IBUF_inst/I
    E4                   INBUF (Prop_INBUF_HDIOB_M_PAD_O)
                                                      0.533    10.533 r  clk_IBUF_inst/INBUF_INST/O
                         net (fo=1, routed)           0.000    10.533    clk_IBUF_inst/OUT
    E4                   IBUFCTRL (Prop_IBUFCTRL_HDIOB_M_I_O)
                                                      0.000    10.533 r  clk_IBUF_inst/IBUFCTRL_INST/O
                         net (fo=1, routed)           0.169    10.702    clk_IBUF
    BUFGCE_HDIO_X2Y2     BUFGCE (Prop_BUFCE_BUFGCE_HDIO_I_O)
                                                      0.024    10.726 r  clk_IBUF_BUFG_inst/O
    X1Y3 (CLOCK_ROOT)    net (fo=26562, routed)       2.153    12.879    u_accel/u_pool/clk
    SLICE_X65Y340        FDRE                                         r  u_accel/u_pool/stk_npc_reg[2][6][22]/C
                         clock pessimism              0.668    13.547    
                         clock uncertainty           -0.035    13.512    
    SLICE_X65Y340        FDRE (Setup_DFF_SLICEL_C_CE)
                                                     -0.060    13.452    u_accel/u_pool/stk_npc_reg[2][6][22]
  -------------------------------------------------------------------
                         required time                         13.452    
                         arrival time                         -12.993    
  -------------------------------------------------------------------
                         slack                                  0.459    

Slack (MET) :             0.459ns  (required time - arrival time)
  Source:                 u_accel/u_pool/issue_w_reg[1]_rep__25/C
                            (rising edge-triggered cell FDRE clocked by clk  {rise@0.000ns fall@5.000ns period=10.000ns})
  Destination:            u_accel/u_pool/stk_npc_reg[2][6][24]/CE
                            (rising edge-triggered cell FDRE clocked by clk  {rise@0.000ns fall@5.000ns period=10.000ns})
  Path Group:             clk
  Path Type:              Setup (Max at Slow Process Corner)
  Requirement:            10.000ns  (clk rise@10.000ns - clk rise@0.000ns)
  Data Path Delay:        9.245ns  (logic 1.942ns (21.006%)  route 7.303ns (78.995%))
  Logic Levels:           20  (CARRY8=2 LUT2=2 LUT4=3 LUT5=1 LUT6=11 MUXF7=1)
  Clock Path Skew:        -0.201ns (DCD - SCD + CPR)
    Destination Clock Delay (DCD):    2.879ns = ( 12.879 - 10.000 ) 
    Source Clock Delay      (SCD):    3.749ns
    Clock Pessimism Removal (CPR):    0.668ns
  Clock Uncertainty:      0.035ns  ((TSJ^2 + TIJ^2)^1/2 + DJ) / 2 + PE
    Total System Jitter     (TSJ):    0.071ns
    Total Input Jitter      (TIJ):    0.000ns
    Discrete Jitter          (DJ):    0.000ns
    Phase Error              (PE):    0.000ns
  Clock Net Delay (Source):      2.476ns (routing 1.343ns, distribution 1.133ns)
  Clock Net Delay (Destination): 2.153ns (routing 1.221ns, distribution 0.932ns)

    Location             Delay type                Incr(ns)  Path(ns)    Netlist Resource(s)
  -------------------------------------------------------------------    -------------------
                         (clock clk rise edge)        0.000     0.000 r  
    E4                                                0.000     0.000 r  clk (IN)
                         net (fo=0)                   0.000     0.000    clk_IBUF_inst/I
    E4                   INBUF (Prop_INBUF_HDIOB_M_PAD_O)
                                                      1.040     1.040 r  clk_IBUF_inst/INBUF_INST/O
                         net (fo=1, routed)           0.000     1.040    clk_IBUF_inst/OUT
    E4                   IBUFCTRL (Prop_IBUFCTRL_HDIOB_M_I_O)
                                                      0.000     1.040 r  clk_IBUF_inst/IBUFCTRL_INST/O
                         net (fo=1, routed)           0.204     1.244    clk_IBUF
    BUFGCE_HDIO_X2Y2     BUFGCE (Prop_BUFCE_BUFGCE_HDIO_I_O)
                                                      0.028     1.272 r  clk_IBUF_BUFG_inst/O
    X1Y3 (CLOCK_ROOT)    net (fo=26562, routed)       2.476     3.749    u_accel/u_pool/clk
    SLICE_X69Y140        FDRE                                         r  u_accel/u_pool/issue_w_reg[1]_rep__25/C
  -------------------------------------------------------------------    -------------------
    SLICE_X69Y140        FDRE (Prop_EFF2_SLICEL_C_Q)
                                                      0.081     3.830 f  u_accel/u_pool/issue_w_reg[1]_rep__25/Q
                         net (fo=1, routed)           0.139     3.969    u_accel/u_pool/issue_w_reg[1]_rep__25_n_0
    SLICE_X69Y140        LUT2 (Prop_E6LUT_SLICEL_I0_O)
                                                      0.051     4.020 r  u_accel/u_pool/q_mul_a[6][31]_i_66/O
                         net (fo=158, routed)         0.487     4.507    u_accel/u_pool/q_mul_a[6][31]_i_66_n_0
    SLICE_X72Y129        LUT4 (Prop_E6LUT_SLICEL_I0_O)
                                                      0.099     4.606 f  u_accel/u_pool/q_mul_a[6][31]_i_85/O
                         net (fo=1, routed)           0.143     4.749    u_accel/u_pool/q_mul_a[6][31]_i_85_n_0
    SLICE_X73Y130        LUT6 (Prop_H6LUT_SLICEM_I5_O)
                                                      0.101     4.850 r  u_accel/u_pool/q_mul_a[6][31]_i_51/O
                         net (fo=2, routed)           0.304     5.154    u_accel/u_pool/q_mul_a[6][31]_i_51_n_0
    SLICE_X75Y134        LUT6 (Prop_D6LUT_SLICEL_I0_O)
                                                      0.089     5.243 r  u_accel/u_pool/q_mul_a[6][31]_i_25/O
                         net (fo=1, routed)           0.009     5.252    u_accel/u_pool/q_mul_a[6][31]_i_25_n_0
    SLICE_X75Y134        MUXF7 (Prop_F7MUX_CD_SLICEL_I0_O)
                                                      0.063     5.315 r  u_accel/u_pool/q_mul_a_reg[6][31]_i_12/O
                         net (fo=1, routed)           0.313     5.628    u_accel/u_pool/q_mul_a_reg[6][31]_i_12_n_0
    SLICE_X74Y150        LUT6 (Prop_H6LUT_SLICEM_I4_O)
                                                      0.152     5.780 f  u_accel/u_pool/q_mul_a[6][31]_i_5/O
                         net (fo=33, routed)          0.557     6.337    u_accel/u_pool/q_mul_a[6][31]_i_5_n_0
    SLICE_X72Y173        LUT4 (Prop_A6LUT_SLICEL_I1_O)
                                                      0.124     6.461 r  u_accel/u_pool/q_mul_a[6][1]_i_2/O
                         net (fo=1, routed)           0.041     6.502    u_accel/u_pool/q_mul_a[6][1]_i_2_n_0
    SLICE_X72Y173        LUT6 (Prop_B6LUT_SLICEL_I4_O)
                                                      0.090     6.592 r  u_accel/u_pool/q_mul_a[6][1]_i_1/O
                         net (fo=15, routed)          0.566     7.158    u_accel/u_pool/rv1[6][1]
    SLICE_X74Y193        LUT4 (Prop_A6LUT_SLICEM_I3_O)
                                                      0.125     7.283 r  u_accel/u_pool/stk_mask[3][1][6]_i_132/O
                         net (fo=1, routed)           0.013     7.296    u_accel/u_pool/stk_mask[3][1][6]_i_132_n_0
    SLICE_X74Y193        CARRY8 (Prop_CARRY8_SLICEM_S[0]_CO[7])
                                                      0.192     7.488 r  u_accel/u_pool/stk_mask_reg[3][1][6]_i_52/CO[7]
                         net (fo=1, routed)           0.026     7.514    u_accel/u_pool/stk_mask_reg[3][1][6]_i_52_n_0
    SLICE_X74Y194        CARRY8 (Prop_CARRY8_SLICEM_CI_CO[7])
                                                      0.022     7.536 r  u_accel/u_pool/stk_mask_reg[3][1][6]_i_9/CO[7]
                         net (fo=1, routed)           0.772     8.308    u_accel/u_pool/data4__0
    SLICE_X62Y201        LUT6 (Prop_B6LUT_SLICEL_I5_O)
                                                      0.098     8.406 f  u_accel/u_pool/stk_mask[3][1][6]_i_4/O
                         net (fo=1, routed)           0.500     8.906    u_accel/u_pool/stk_mask[3][1][6]_i_4_n_0
    SLICE_X59Y207        LUT6 (Prop_H6LUT_SLICEL_I0_O)
                                                      0.090     8.996 r  u_accel/u_pool/stk_mask[3][1][6]_i_3/O
                         net (fo=2, routed)           0.774     9.770    u_accel/u_pool/stk_mask[3][1][6]_i_3_n_0
    SLICE_X56Y276        LUT2 (Prop_E5LUT_SLICEM_I1_O)
                                                      0.102     9.872 f  u_accel/u_pool/stk_mask[3][1][6]_i_2/O
                         net (fo=33, routed)          0.387    10.259    u_accel/u_pool/taken_mask[6]
    SLICE_X55Y286        LUT6 (Prop_E6LUT_SLICEL_I5_O)
                                                      0.051    10.310 r  u_accel/u_pool/stk_npc[3][1][31]_i_24/O
                         net (fo=59, routed)          0.608    10.918    u_accel/u_pool/stk_npc[3][1][31]_i_24_n_0
    SLICE_X51Y319        LUT6 (Prop_C6LUT_SLICEL_I4_O)
                                                      0.088    11.006 f  u_accel/u_pool/stk_npc[3][1][31]_i_17/O
                         net (fo=25, routed)          0.474    11.480    u_accel/u_pool/stk_npc[3][1][31]_i_17_n_0
    SLICE_X58Y316        LUT6 (Prop_H6LUT_SLICEL_I0_O)
                                                      0.150    11.630 r  u_accel/u_pool/stk_npc[2][6][31]_i_11/O
                         net (fo=1, routed)           0.303    11.933    u_accel/u_pool/stk_npc[2][6][31]_i_11_n_0
    SLICE_X58Y332        LUT6 (Prop_F6LUT_SLICEL_I2_O)
                                                      0.049    11.982 r  u_accel/u_pool/stk_npc[2][6][31]_i_6/O
                         net (fo=1, routed)           0.040    12.022    u_accel/u_pool/stk_npc[2][6][31]_i_6_n_0
    SLICE_X58Y332        LUT5 (Prop_E6LUT_SLICEL_I4_O)
                                                      0.090    12.112 f  u_accel/u_pool/stk_npc[2][6][31]_i_3/O
                         net (fo=1, routed)           0.229    12.341    u_accel/u_pool/stk_npc[2][6][31]_i_3_n_0
    SLICE_X60Y333        LUT6 (Prop_F6LUT_SLICEL_I1_O)
                                                      0.035    12.376 r  u_accel/u_pool/stk_npc[2][6][31]_i_1/O
                         net (fo=32, routed)          0.618    12.994    u_accel/u_pool/stk_npc[2][6][31]_i_1_n_0
    SLICE_X65Y340        FDRE                                         r  u_accel/u_pool/stk_npc_reg[2][6][24]/CE
  -------------------------------------------------------------------    -------------------

                         (clock clk rise edge)       10.000    10.000 r  
    E4                                                0.000    10.000 r  clk (IN)
                         net (fo=0)                   0.000    10.000    clk_IBUF_inst/I
    E4                   INBUF (Prop_INBUF_HDIOB_M_PAD_O)
                                                      0.533    10.533 r  clk_IBUF_inst/INBUF_INST/O
                         net (fo=1, routed)           0.000    10.533    clk_IBUF_inst/OUT
    E4                   IBUFCTRL (Prop_IBUFCTRL_HDIOB_M_I_O)
                                                      0.000    10.533 r  clk_IBUF_inst/IBUFCTRL_INST/O
                         net (fo=1, routed)           0.169    10.702    clk_IBUF
    BUFGCE_HDIO_X2Y2     BUFGCE (Prop_BUFCE_BUFGCE_HDIO_I_O)
                                                      0.024    10.726 r  clk_IBUF_BUFG_inst/O
    X1Y3 (CLOCK_ROOT)    net (fo=26562, routed)       2.153    12.879    u_accel/u_pool/clk
    SLICE_X65Y340        FDRE                                         r  u_accel/u_pool/stk_npc_reg[2][6][24]/C
                         clock pessimism              0.668    13.547    
                         clock uncertainty           -0.035    13.512    
    SLICE_X65Y340        FDRE (Setup_DFF2_SLICEL_C_CE)
                                                     -0.059    13.453    u_accel/u_pool/stk_npc_reg[2][6][24]
  -------------------------------------------------------------------
                         required time                         13.453    
                         arrival time                         -12.994    
  -------------------------------------------------------------------
                         slack                                  0.459    

Slack (MET) :             0.473ns  (required time - arrival time)
  Source:                 u_accel/u_pool/issue_w_reg[1]_rep__25/C
                            (rising edge-triggered cell FDRE clocked by clk  {rise@0.000ns fall@5.000ns period=10.000ns})
  Destination:            u_accel/u_pool/stk_npc_reg[2][6][16]/CE
                            (rising edge-triggered cell FDRE clocked by clk  {rise@0.000ns fall@5.000ns period=10.000ns})
  Path Group:             clk
  Path Type:              Setup (Max at Slow Process Corner)
  Requirement:            10.000ns  (clk rise@10.000ns - clk rise@0.000ns)
  Data Path Delay:        9.222ns  (logic 1.942ns (21.058%)  route 7.280ns (78.942%))
  Logic Levels:           20  (CARRY8=2 LUT2=2 LUT4=3 LUT5=1 LUT6=11 MUXF7=1)
  Clock Path Skew:        -0.209ns (DCD - SCD + CPR)
    Destination Clock Delay (DCD):    2.872ns = ( 12.872 - 10.000 ) 
    Source Clock Delay      (SCD):    3.749ns
    Clock Pessimism Removal (CPR):    0.668ns
  Clock Uncertainty:      0.035ns  ((TSJ^2 + TIJ^2)^1/2 + DJ) / 2 + PE
    Total System Jitter     (TSJ):    0.071ns
    Total Input Jitter      (TIJ):    0.000ns
    Discrete Jitter          (DJ):    0.000ns
    Phase Error              (PE):    0.000ns
  Clock Net Delay (Source):      2.476ns (routing 1.343ns, distribution 1.133ns)
  Clock Net Delay (Destination): 2.146ns (routing 1.221ns, distribution 0.925ns)

    Location             Delay type                Incr(ns)  Path(ns)    Netlist Resource(s)
  -------------------------------------------------------------------    -------------------
                         (clock clk rise edge)        0.000     0.000 r  
    E4                                                0.000     0.000 r  clk (IN)
                         net (fo=0)                   0.000     0.000    clk_IBUF_inst/I
    E4                   INBUF (Prop_INBUF_HDIOB_M_PAD_O)
                                                      1.040     1.040 r  clk_IBUF_inst/INBUF_INST/O
                         net (fo=1, routed)           0.000     1.040    clk_IBUF_inst/OUT
    E4                   IBUFCTRL (Prop_IBUFCTRL_HDIOB_M_I_O)
                                                      0.000     1.040 r  clk_IBUF_inst/IBUFCTRL_INST/O
                         net (fo=1, routed)           0.204     1.244    clk_IBUF
    BUFGCE_HDIO_X2Y2     BUFGCE (Prop_BUFCE_BUFGCE_HDIO_I_O)
                                                      0.028     1.272 r  clk_IBUF_BUFG_inst/O
    X1Y3 (CLOCK_ROOT)    net (fo=26562, routed)       2.476     3.749    u_accel/u_pool/clk
    SLICE_X69Y140        FDRE                                         r  u_accel/u_pool/issue_w_reg[1]_rep__25/C
  -------------------------------------------------------------------    -------------------
    SLICE_X69Y140        FDRE (Prop_EFF2_SLICEL_C_Q)
                                                      0.081     3.830 f  u_accel/u_pool/issue_w_reg[1]_rep__25/Q
                         net (fo=1, routed)           0.139     3.969    u_accel/u_pool/issue_w_reg[1]_rep__25_n_0
    SLICE_X69Y140        LUT2 (Prop_E6LUT_SLICEL_I0_O)
                                                      0.051     4.020 r  u_accel/u_pool/q_mul_a[6][31]_i_66/O
                         net (fo=158, routed)         0.487     4.507    u_accel/u_pool/q_mul_a[6][31]_i_66_n_0
    SLICE_X72Y129        LUT4 (Prop_E6LUT_SLICEL_I0_O)
                                                      0.099     4.606 f  u_accel/u_pool/q_mul_a[6][31]_i_85/O
                         net (fo=1, routed)           0.143     4.749    u_accel/u_pool/q_mul_a[6][31]_i_85_n_0
    SLICE_X73Y130        LUT6 (Prop_H6LUT_SLICEM_I5_O)
                                                      0.101     4.850 r  u_accel/u_pool/q_mul_a[6][31]_i_51/O
                         net (fo=2, routed)           0.304     5.154    u_accel/u_pool/q_mul_a[6][31]_i_51_n_0
    SLICE_X75Y134        LUT6 (Prop_D6LUT_SLICEL_I0_O)
                                                      0.089     5.243 r  u_accel/u_pool/q_mul_a[6][31]_i_25/O
                         net (fo=1, routed)           0.009     5.252    u_accel/u_pool/q_mul_a[6][31]_i_25_n_0
    SLICE_X75Y134        MUXF7 (Prop_F7MUX_CD_SLICEL_I0_O)
                                                      0.063     5.315 r  u_accel/u_pool/q_mul_a_reg[6][31]_i_12/O
                         net (fo=1, routed)           0.313     5.628    u_accel/u_pool/q_mul_a_reg[6][31]_i_12_n_0
    SLICE_X74Y150        LUT6 (Prop_H6LUT_SLICEM_I4_O)
                                                      0.152     5.780 f  u_accel/u_pool/q_mul_a[6][31]_i_5/O
                         net (fo=33, routed)          0.557     6.337    u_accel/u_pool/q_mul_a[6][31]_i_5_n_0
    SLICE_X72Y173        LUT4 (Prop_A6LUT_SLICEL_I1_O)
                                                      0.124     6.461 r  u_accel/u_pool/q_mul_a[6][1]_i_2/O
                         net (fo=1, routed)           0.041     6.502    u_accel/u_pool/q_mul_a[6][1]_i_2_n_0
    SLICE_X72Y173        LUT6 (Prop_B6LUT_SLICEL_I4_O)
                                                      0.090     6.592 r  u_accel/u_pool/q_mul_a[6][1]_i_1/O
                         net (fo=15, routed)          0.566     7.158    u_accel/u_pool/rv1[6][1]
    SLICE_X74Y193        LUT4 (Prop_A6LUT_SLICEM_I3_O)
                                                      0.125     7.283 r  u_accel/u_pool/stk_mask[3][1][6]_i_132/O
                         net (fo=1, routed)           0.013     7.296    u_accel/u_pool/stk_mask[3][1][6]_i_132_n_0
    SLICE_X74Y193        CARRY8 (Prop_CARRY8_SLICEM_S[0]_CO[7])
                                                      0.192     7.488 r  u_accel/u_pool/stk_mask_reg[3][1][6]_i_52/CO[7]
                         net (fo=1, routed)           0.026     7.514    u_accel/u_pool/stk_mask_reg[3][1][6]_i_52_n_0
    SLICE_X74Y194        CARRY8 (Prop_CARRY8_SLICEM_CI_CO[7])
                                                      0.022     7.536 r  u_accel/u_pool/stk_mask_reg[3][1][6]_i_9/CO[7]
                         net (fo=1, routed)           0.772     8.308    u_accel/u_pool/data4__0
    SLICE_X62Y201        LUT6 (Prop_B6LUT_SLICEL_I5_O)
                                                      0.098     8.406 f  u_accel/u_pool/stk_mask[3][1][6]_i_4/O
                         net (fo=1, routed)           0.500     8.906    u_accel/u_pool/stk_mask[3][1][6]_i_4_n_0
    SLICE_X59Y207        LUT6 (Prop_H6LUT_SLICEL_I0_O)
                                                      0.090     8.996 r  u_accel/u_pool/stk_mask[3][1][6]_i_3/O
                         net (fo=2, routed)           0.774     9.770    u_accel/u_pool/stk_mask[3][1][6]_i_3_n_0
    SLICE_X56Y276        LUT2 (Prop_E5LUT_SLICEM_I1_O)
                                                      0.102     9.872 f  u_accel/u_pool/stk_mask[3][1][6]_i_2/O
                         net (fo=33, routed)          0.387    10.259    u_accel/u_pool/taken_mask[6]
    SLICE_X55Y286        LUT6 (Prop_E6LUT_SLICEL_I5_O)
                                                      0.051    10.310 r  u_accel/u_pool/stk_npc[3][1][31]_i_24/O
                         net (fo=59, routed)          0.608    10.918    u_accel/u_pool/stk_npc[3][1][31]_i_24_n_0
    SLICE_X51Y319        LUT6 (Prop_C6LUT_SLICEL_I4_O)
                                                      0.088    11.006 f  u_accel/u_pool/stk_npc[3][1][31]_i_17/O
                         net (fo=25, routed)          0.474    11.480    u_accel/u_pool/stk_npc[3][1][31]_i_17_n_0
    SLICE_X58Y316        LUT6 (Prop_H6LUT_SLICEL_I0_O)
                                                      0.150    11.630 r  u_accel/u_pool/stk_npc[2][6][31]_i_11/O
                         net (fo=1, routed)           0.303    11.933    u_accel/u_pool/stk_npc[2][6][31]_i_11_n_0
    SLICE_X58Y332        LUT6 (Prop_F6LUT_SLICEL_I2_O)
                                                      0.049    11.982 r  u_accel/u_pool/stk_npc[2][6][31]_i_6/O
                         net (fo=1, routed)           0.040    12.022    u_accel/u_pool/stk_npc[2][6][31]_i_6_n_0
    SLICE_X58Y332        LUT5 (Prop_E6LUT_SLICEL_I4_O)
                                                      0.090    12.112 f  u_accel/u_pool/stk_npc[2][6][31]_i_3/O
                         net (fo=1, routed)           0.229    12.341    u_accel/u_pool/stk_npc[2][6][31]_i_3_n_0
    SLICE_X60Y333        LUT6 (Prop_F6LUT_SLICEL_I1_O)
                                                      0.035    12.376 r  u_accel/u_pool/stk_npc[2][6][31]_i_1/O
                         net (fo=32, routed)          0.595    12.971    u_accel/u_pool/stk_npc[2][6][31]_i_1_n_0
    SLICE_X63Y340        FDRE                                         r  u_accel/u_pool/stk_npc_reg[2][6][16]/CE
  -------------------------------------------------------------------    -------------------

                         (clock clk rise edge)       10.000    10.000 r  
    E4                                                0.000    10.000 r  clk (IN)
                         net (fo=0)                   0.000    10.000    clk_IBUF_inst/I
    E4                   INBUF (Prop_INBUF_HDIOB_M_PAD_O)
                                                      0.533    10.533 r  clk_IBUF_inst/INBUF_INST/O
                         net (fo=1, routed)           0.000    10.533    clk_IBUF_inst/OUT
    E4                   IBUFCTRL (Prop_IBUFCTRL_HDIOB_M_I_O)
                                                      0.000    10.533 r  clk_IBUF_inst/IBUFCTRL_INST/O
                         net (fo=1, routed)           0.169    10.702    clk_IBUF
    BUFGCE_HDIO_X2Y2     BUFGCE (Prop_BUFCE_BUFGCE_HDIO_I_O)
                                                      0.024    10.726 r  clk_IBUF_BUFG_inst/O
    X1Y3 (CLOCK_ROOT)    net (fo=26562, routed)       2.146    12.872    u_accel/u_pool/clk
    SLICE_X63Y340        FDRE                                         r  u_accel/u_pool/stk_npc_reg[2][6][16]/C
                         clock pessimism              0.668    13.540    
                         clock uncertainty           -0.035    13.505    
    SLICE_X63Y340        FDRE (Setup_DFF_SLICEM_C_CE)
                                                     -0.061    13.444    u_accel/u_pool/stk_npc_reg[2][6][16]
  -------------------------------------------------------------------
                         required time                         13.444    
                         arrival time                         -12.971    
  -------------------------------------------------------------------
                         slack                                  0.473    

Slack (MET) :             0.473ns  (required time - arrival time)
  Source:                 u_accel/u_pool/issue_w_reg[1]_rep__25/C
                            (rising edge-triggered cell FDRE clocked by clk  {rise@0.000ns fall@5.000ns period=10.000ns})
  Destination:            u_accel/u_pool/stk_npc_reg[2][6][18]/CE
                            (rising edge-triggered cell FDRE clocked by clk  {rise@0.000ns fall@5.000ns period=10.000ns})
  Path Group:             clk
  Path Type:              Setup (Max at Slow Process Corner)
  Requirement:            10.000ns  (clk rise@10.000ns - clk rise@0.000ns)
  Data Path Delay:        9.222ns  (logic 1.942ns (21.058%)  route 7.280ns (78.942%))
  Logic Levels:           20  (CARRY8=2 LUT2=2 LUT4=3 LUT5=1 LUT6=11 MUXF7=1)
  Clock Path Skew:        -0.209ns (DCD - SCD + CPR)
    Destination Clock Delay (DCD):    2.872ns = ( 12.872 - 10.000 ) 
    Source Clock Delay      (SCD):    3.749ns
    Clock Pessimism Removal (CPR):    0.668ns
  Clock Uncertainty:      0.035ns  ((TSJ^2 + TIJ^2)^1/2 + DJ) / 2 + PE
    Total System Jitter     (TSJ):    0.071ns
    Total Input Jitter      (TIJ):    0.000ns
    Discrete Jitter          (DJ):    0.000ns
    Phase Error              (PE):    0.000ns
  Clock Net Delay (Source):      2.476ns (routing 1.343ns, distribution 1.133ns)
  Clock Net Delay (Destination): 2.146ns (routing 1.221ns, distribution 0.925ns)

    Location             Delay type                Incr(ns)  Path(ns)    Netlist Resource(s)
  -------------------------------------------------------------------    -------------------
                         (clock clk rise edge)        0.000     0.000 r  
    E4                                                0.000     0.000 r  clk (IN)
                         net (fo=0)                   0.000     0.000    clk_IBUF_inst/I
    E4                   INBUF (Prop_INBUF_HDIOB_M_PAD_O)
                                                      1.040     1.040 r  clk_IBUF_inst/INBUF_INST/O
                         net (fo=1, routed)           0.000     1.040    clk_IBUF_inst/OUT
    E4                   IBUFCTRL (Prop_IBUFCTRL_HDIOB_M_I_O)
                                                      0.000     1.040 r  clk_IBUF_inst/IBUFCTRL_INST/O
                         net (fo=1, routed)           0.204     1.244    clk_IBUF
    BUFGCE_HDIO_X2Y2     BUFGCE (Prop_BUFCE_BUFGCE_HDIO_I_O)
                                                      0.028     1.272 r  clk_IBUF_BUFG_inst/O
    X1Y3 (CLOCK_ROOT)    net (fo=26562, routed)       2.476     3.749    u_accel/u_pool/clk
    SLICE_X69Y140        FDRE                                         r  u_accel/u_pool/issue_w_reg[1]_rep__25/C
  -------------------------------------------------------------------    -------------------
    SLICE_X69Y140        FDRE (Prop_EFF2_SLICEL_C_Q)
                                                      0.081     3.830 f  u_accel/u_pool/issue_w_reg[1]_rep__25/Q
                         net (fo=1, routed)           0.139     3.969    u_accel/u_pool/issue_w_reg[1]_rep__25_n_0
    SLICE_X69Y140        LUT2 (Prop_E6LUT_SLICEL_I0_O)
                                                      0.051     4.020 r  u_accel/u_pool/q_mul_a[6][31]_i_66/O
                         net (fo=158, routed)         0.487     4.507    u_accel/u_pool/q_mul_a[6][31]_i_66_n_0
    SLICE_X72Y129        LUT4 (Prop_E6LUT_SLICEL_I0_O)
                                                      0.099     4.606 f  u_accel/u_pool/q_mul_a[6][31]_i_85/O
                         net (fo=1, routed)           0.143     4.749    u_accel/u_pool/q_mul_a[6][31]_i_85_n_0
    SLICE_X73Y130        LUT6 (Prop_H6LUT_SLICEM_I5_O)
                                                      0.101     4.850 r  u_accel/u_pool/q_mul_a[6][31]_i_51/O
                         net (fo=2, routed)           0.304     5.154    u_accel/u_pool/q_mul_a[6][31]_i_51_n_0
    SLICE_X75Y134        LUT6 (Prop_D6LUT_SLICEL_I0_O)
                                                      0.089     5.243 r  u_accel/u_pool/q_mul_a[6][31]_i_25/O
                         net (fo=1, routed)           0.009     5.252    u_accel/u_pool/q_mul_a[6][31]_i_25_n_0
    SLICE_X75Y134        MUXF7 (Prop_F7MUX_CD_SLICEL_I0_O)
                                                      0.063     5.315 r  u_accel/u_pool/q_mul_a_reg[6][31]_i_12/O
                         net (fo=1, routed)           0.313     5.628    u_accel/u_pool/q_mul_a_reg[6][31]_i_12_n_0
    SLICE_X74Y150        LUT6 (Prop_H6LUT_SLICEM_I4_O)
                                                      0.152     5.780 f  u_accel/u_pool/q_mul_a[6][31]_i_5/O
                         net (fo=33, routed)          0.557     6.337    u_accel/u_pool/q_mul_a[6][31]_i_5_n_0
    SLICE_X72Y173        LUT4 (Prop_A6LUT_SLICEL_I1_O)
                                                      0.124     6.461 r  u_accel/u_pool/q_mul_a[6][1]_i_2/O
                         net (fo=1, routed)           0.041     6.502    u_accel/u_pool/q_mul_a[6][1]_i_2_n_0
    SLICE_X72Y173        LUT6 (Prop_B6LUT_SLICEL_I4_O)
                                                      0.090     6.592 r  u_accel/u_pool/q_mul_a[6][1]_i_1/O
                         net (fo=15, routed)          0.566     7.158    u_accel/u_pool/rv1[6][1]
    SLICE_X74Y193        LUT4 (Prop_A6LUT_SLICEM_I3_O)
                                                      0.125     7.283 r  u_accel/u_pool/stk_mask[3][1][6]_i_132/O
                         net (fo=1, routed)           0.013     7.296    u_accel/u_pool/stk_mask[3][1][6]_i_132_n_0
    SLICE_X74Y193        CARRY8 (Prop_CARRY8_SLICEM_S[0]_CO[7])
                                                      0.192     7.488 r  u_accel/u_pool/stk_mask_reg[3][1][6]_i_52/CO[7]
                         net (fo=1, routed)           0.026     7.514    u_accel/u_pool/stk_mask_reg[3][1][6]_i_52_n_0
    SLICE_X74Y194        CARRY8 (Prop_CARRY8_SLICEM_CI_CO[7])
                                                      0.022     7.536 r  u_accel/u_pool/stk_mask_reg[3][1][6]_i_9/CO[7]
                         net (fo=1, routed)           0.772     8.308    u_accel/u_pool/data4__0
    SLICE_X62Y201        LUT6 (Prop_B6LUT_SLICEL_I5_O)
                                                      0.098     8.406 f  u_accel/u_pool/stk_mask[3][1][6]_i_4/O
                         net (fo=1, routed)           0.500     8.906    u_accel/u_pool/stk_mask[3][1][6]_i_4_n_0
    SLICE_X59Y207        LUT6 (Prop_H6LUT_SLICEL_I0_O)
                                                      0.090     8.996 r  u_accel/u_pool/stk_mask[3][1][6]_i_3/O
                         net (fo=2, routed)           0.774     9.770    u_accel/u_pool/stk_mask[3][1][6]_i_3_n_0
    SLICE_X56Y276        LUT2 (Prop_E5LUT_SLICEM_I1_O)
                                                      0.102     9.872 f  u_accel/u_pool/stk_mask[3][1][6]_i_2/O
                         net (fo=33, routed)          0.387    10.259    u_accel/u_pool/taken_mask[6]
    SLICE_X55Y286        LUT6 (Prop_E6LUT_SLICEL_I5_O)
                                                      0.051    10.310 r  u_accel/u_pool/stk_npc[3][1][31]_i_24/O
                         net (fo=59, routed)          0.608    10.918    u_accel/u_pool/stk_npc[3][1][31]_i_24_n_0
    SLICE_X51Y319        LUT6 (Prop_C6LUT_SLICEL_I4_O)
                                                      0.088    11.006 f  u_accel/u_pool/stk_npc[3][1][31]_i_17/O
                         net (fo=25, routed)          0.474    11.480    u_accel/u_pool/stk_npc[3][1][31]_i_17_n_0
    SLICE_X58Y316        LUT6 (Prop_H6LUT_SLICEL_I0_O)
                                                      0.150    11.630 r  u_accel/u_pool/stk_npc[2][6][31]_i_11/O
                         net (fo=1, routed)           0.303    11.933    u_accel/u_pool/stk_npc[2][6][31]_i_11_n_0
    SLICE_X58Y332        LUT6 (Prop_F6LUT_SLICEL_I2_O)
                                                      0.049    11.982 r  u_accel/u_pool/stk_npc[2][6][31]_i_6/O
                         net (fo=1, routed)           0.040    12.022    u_accel/u_pool/stk_npc[2][6][31]_i_6_n_0
    SLICE_X58Y332        LUT5 (Prop_E6LUT_SLICEL_I4_O)
                                                      0.090    12.112 f  u_accel/u_pool/stk_npc[2][6][31]_i_3/O
                         net (fo=1, routed)           0.229    12.341    u_accel/u_pool/stk_npc[2][6][31]_i_3_n_0
    SLICE_X60Y333        LUT6 (Prop_F6LUT_SLICEL_I1_O)
                                                      0.035    12.376 r  u_accel/u_pool/stk_npc[2][6][31]_i_1/O
                         net (fo=32, routed)          0.595    12.971    u_accel/u_pool/stk_npc[2][6][31]_i_1_n_0
    SLICE_X63Y340        FDRE                                         r  u_accel/u_pool/stk_npc_reg[2][6][18]/CE
  -------------------------------------------------------------------    -------------------

                         (clock clk rise edge)       10.000    10.000 r  
    E4                                                0.000    10.000 r  clk (IN)
                         net (fo=0)                   0.000    10.000    clk_IBUF_inst/I
    E4                   INBUF (Prop_INBUF_HDIOB_M_PAD_O)
                                                      0.533    10.533 r  clk_IBUF_inst/INBUF_INST/O
                         net (fo=1, routed)           0.000    10.533    clk_IBUF_inst/OUT
    E4                   IBUFCTRL (Prop_IBUFCTRL_HDIOB_M_I_O)
                                                      0.000    10.533 r  clk_IBUF_inst/IBUFCTRL_INST/O
                         net (fo=1, routed)           0.169    10.702    clk_IBUF
    BUFGCE_HDIO_X2Y2     BUFGCE (Prop_BUFCE_BUFGCE_HDIO_I_O)
                                                      0.024    10.726 r  clk_IBUF_BUFG_inst/O
    X1Y3 (CLOCK_ROOT)    net (fo=26562, routed)       2.146    12.872    u_accel/u_pool/clk
    SLICE_X63Y340        FDRE                                         r  u_accel/u_pool/stk_npc_reg[2][6][18]/C
                         clock pessimism              0.668    13.540    
                         clock uncertainty           -0.035    13.505    
    SLICE_X63Y340        FDRE (Setup_CFF_SLICEM_C_CE)
                                                     -0.061    13.444    u_accel/u_pool/stk_npc_reg[2][6][18]
  -------------------------------------------------------------------
                         required time                         13.444    
                         arrival time                         -12.971    
  -------------------------------------------------------------------
                         slack                                  0.473    

Slack (MET) :             0.474ns  (required time - arrival time)
  Source:                 u_accel/u_pool/issue_w_reg[1]_rep__25/C
                            (rising edge-triggered cell FDRE clocked by clk  {rise@0.000ns fall@5.000ns period=10.000ns})
  Destination:            u_accel/u_pool/stk_npc_reg[2][6][23]/CE
                            (rising edge-triggered cell FDRE clocked by clk  {rise@0.000ns fall@5.000ns period=10.000ns})
  Path Group:             clk
  Path Type:              Setup (Max at Slow Process Corner)
  Requirement:            10.000ns  (clk rise@10.000ns - clk rise@0.000ns)
  Data Path Delay:        9.222ns  (logic 1.942ns (21.058%)  route 7.280ns (78.942%))
  Logic Levels:           20  (CARRY8=2 LUT2=2 LUT4=3 LUT5=1 LUT6=11 MUXF7=1)
  Clock Path Skew:        -0.209ns (DCD - SCD + CPR)
    Destination Clock Delay (DCD):    2.872ns = ( 12.872 - 10.000 ) 
    Source Clock Delay      (SCD):    3.749ns
    Clock Pessimism Removal (CPR):    0.668ns
  Clock Uncertainty:      0.035ns  ((TSJ^2 + TIJ^2)^1/2 + DJ) / 2 + PE
    Total System Jitter     (TSJ):    0.071ns
    Total Input Jitter      (TIJ):    0.000ns
    Discrete Jitter          (DJ):    0.000ns
    Phase Error              (PE):    0.000ns
  Clock Net Delay (Source):      2.476ns (routing 1.343ns, distribution 1.133ns)
  Clock Net Delay (Destination): 2.146ns (routing 1.221ns, distribution 0.925ns)

    Location             Delay type                Incr(ns)  Path(ns)    Netlist Resource(s)
  -------------------------------------------------------------------    -------------------
                         (clock clk rise edge)        0.000     0.000 r  
    E4                                                0.000     0.000 r  clk (IN)
                         net (fo=0)                   0.000     0.000    clk_IBUF_inst/I
    E4                   INBUF (Prop_INBUF_HDIOB_M_PAD_O)
                                                      1.040     1.040 r  clk_IBUF_inst/INBUF_INST/O
                         net (fo=1, routed)           0.000     1.040    clk_IBUF_inst/OUT
    E4                   IBUFCTRL (Prop_IBUFCTRL_HDIOB_M_I_O)
                                                      0.000     1.040 r  clk_IBUF_inst/IBUFCTRL_INST/O
                         net (fo=1, routed)           0.204     1.244    clk_IBUF
    BUFGCE_HDIO_X2Y2     BUFGCE (Prop_BUFCE_BUFGCE_HDIO_I_O)
                                                      0.028     1.272 r  clk_IBUF_BUFG_inst/O
    X1Y3 (CLOCK_ROOT)    net (fo=26562, routed)       2.476     3.749    u_accel/u_pool/clk
    SLICE_X69Y140        FDRE                                         r  u_accel/u_pool/issue_w_reg[1]_rep__25/C
  -------------------------------------------------------------------    -------------------
    SLICE_X69Y140        FDRE (Prop_EFF2_SLICEL_C_Q)
                                                      0.081     3.830 f  u_accel/u_pool/issue_w_reg[1]_rep__25/Q
                         net (fo=1, routed)           0.139     3.969    u_accel/u_pool/issue_w_reg[1]_rep__25_n_0
    SLICE_X69Y140        LUT2 (Prop_E6LUT_SLICEL_I0_O)
                                                      0.051     4.020 r  u_accel/u_pool/q_mul_a[6][31]_i_66/O
                         net (fo=158, routed)         0.487     4.507    u_accel/u_pool/q_mul_a[6][31]_i_66_n_0
    SLICE_X72Y129        LUT4 (Prop_E6LUT_SLICEL_I0_O)
                                                      0.099     4.606 f  u_accel/u_pool/q_mul_a[6][31]_i_85/O
                         net (fo=1, routed)           0.143     4.749    u_accel/u_pool/q_mul_a[6][31]_i_85_n_0
    SLICE_X73Y130        LUT6 (Prop_H6LUT_SLICEM_I5_O)
                                                      0.101     4.850 r  u_accel/u_pool/q_mul_a[6][31]_i_51/O
                         net (fo=2, routed)           0.304     5.154    u_accel/u_pool/q_mul_a[6][31]_i_51_n_0
    SLICE_X75Y134        LUT6 (Prop_D6LUT_SLICEL_I0_O)
                                                      0.089     5.243 r  u_accel/u_pool/q_mul_a[6][31]_i_25/O
                         net (fo=1, routed)           0.009     5.252    u_accel/u_pool/q_mul_a[6][31]_i_25_n_0
    SLICE_X75Y134        MUXF7 (Prop_F7MUX_CD_SLICEL_I0_O)
                                                      0.063     5.315 r  u_accel/u_pool/q_mul_a_reg[6][31]_i_12/O
                         net (fo=1, routed)           0.313     5.628    u_accel/u_pool/q_mul_a_reg[6][31]_i_12_n_0
    SLICE_X74Y150        LUT6 (Prop_H6LUT_SLICEM_I4_O)
                                                      0.152     5.780 f  u_accel/u_pool/q_mul_a[6][31]_i_5/O
                         net (fo=33, routed)          0.557     6.337    u_accel/u_pool/q_mul_a[6][31]_i_5_n_0
    SLICE_X72Y173        LUT4 (Prop_A6LUT_SLICEL_I1_O)
                                                      0.124     6.461 r  u_accel/u_pool/q_mul_a[6][1]_i_2/O
                         net (fo=1, routed)           0.041     6.502    u_accel/u_pool/q_mul_a[6][1]_i_2_n_0
    SLICE_X72Y173        LUT6 (Prop_B6LUT_SLICEL_I4_O)
                                                      0.090     6.592 r  u_accel/u_pool/q_mul_a[6][1]_i_1/O
                         net (fo=15, routed)          0.566     7.158    u_accel/u_pool/rv1[6][1]
    SLICE_X74Y193        LUT4 (Prop_A6LUT_SLICEM_I3_O)
                                                      0.125     7.283 r  u_accel/u_pool/stk_mask[3][1][6]_i_132/O
                         net (fo=1, routed)           0.013     7.296    u_accel/u_pool/stk_mask[3][1][6]_i_132_n_0
    SLICE_X74Y193        CARRY8 (Prop_CARRY8_SLICEM_S[0]_CO[7])
                                                      0.192     7.488 r  u_accel/u_pool/stk_mask_reg[3][1][6]_i_52/CO[7]
                         net (fo=1, routed)           0.026     7.514    u_accel/u_pool/stk_mask_reg[3][1][6]_i_52_n_0
    SLICE_X74Y194        CARRY8 (Prop_CARRY8_SLICEM_CI_CO[7])
                                                      0.022     7.536 r  u_accel/u_pool/stk_mask_reg[3][1][6]_i_9/CO[7]
                         net (fo=1, routed)           0.772     8.308    u_accel/u_pool/data4__0
    SLICE_X62Y201        LUT6 (Prop_B6LUT_SLICEL_I5_O)
                                                      0.098     8.406 f  u_accel/u_pool/stk_mask[3][1][6]_i_4/O
                         net (fo=1, routed)           0.500     8.906    u_accel/u_pool/stk_mask[3][1][6]_i_4_n_0
    SLICE_X59Y207        LUT6 (Prop_H6LUT_SLICEL_I0_O)
                                                      0.090     8.996 r  u_accel/u_pool/stk_mask[3][1][6]_i_3/O
                         net (fo=2, routed)           0.774     9.770    u_accel/u_pool/stk_mask[3][1][6]_i_3_n_0
    SLICE_X56Y276        LUT2 (Prop_E5LUT_SLICEM_I1_O)
                                                      0.102     9.872 f  u_accel/u_pool/stk_mask[3][1][6]_i_2/O
                         net (fo=33, routed)          0.387    10.259    u_accel/u_pool/taken_mask[6]
    SLICE_X55Y286        LUT6 (Prop_E6LUT_SLICEL_I5_O)
                                                      0.051    10.310 r  u_accel/u_pool/stk_npc[3][1][31]_i_24/O
                         net (fo=59, routed)          0.608    10.918    u_accel/u_pool/stk_npc[3][1][31]_i_24_n_0
    SLICE_X51Y319        LUT6 (Prop_C6LUT_SLICEL_I4_O)
                                                      0.088    11.006 f  u_accel/u_pool/stk_npc[3][1][31]_i_17/O
                         net (fo=25, routed)          0.474    11.480    u_accel/u_pool/stk_npc[3][1][31]_i_17_n_0
    SLICE_X58Y316        LUT6 (Prop_H6LUT_SLICEL_I0_O)
                                                      0.150    11.630 r  u_accel/u_pool/stk_npc[2][6][31]_i_11/O
                         net (fo=1, routed)           0.303    11.933    u_accel/u_pool/stk_npc[2][6][31]_i_11_n_0
    SLICE_X58Y332        LUT6 (Prop_F6LUT_SLICEL_I2_O)
                                                      0.049    11.982 r  u_accel/u_pool/stk_npc[2][6][31]_i_6/O
                         net (fo=1, routed)           0.040    12.022    u_accel/u_pool/stk_npc[2][6][31]_i_6_n_0
    SLICE_X58Y332        LUT5 (Prop_E6LUT_SLICEL_I4_O)
                                                      0.090    12.112 f  u_accel/u_pool/stk_npc[2][6][31]_i_3/O
                         net (fo=1, routed)           0.229    12.341    u_accel/u_pool/stk_npc[2][6][31]_i_3_n_0
    SLICE_X60Y333        LUT6 (Prop_F6LUT_SLICEL_I1_O)
                                                      0.035    12.376 r  u_accel/u_pool/stk_npc[2][6][31]_i_1/O
                         net (fo=32, routed)          0.595    12.971    u_accel/u_pool/stk_npc[2][6][31]_i_1_n_0
    SLICE_X63Y340        FDRE                                         r  u_accel/u_pool/stk_npc_reg[2][6][23]/CE
  -------------------------------------------------------------------    -------------------

                         (clock clk rise edge)       10.000    10.000 r  
    E4                                                0.000    10.000 r  clk (IN)
                         net (fo=0)                   0.000    10.000    clk_IBUF_inst/I
    E4                   INBUF (Prop_INBUF_HDIOB_M_PAD_O)
                                                      0.533    10.533 r  clk_IBUF_inst/INBUF_INST/O
                         net (fo=1, routed)           0.000    10.533    clk_IBUF_inst/OUT
    E4                   IBUFCTRL (Prop_IBUFCTRL_HDIOB_M_I_O)
                                                      0.000    10.533 r  clk_IBUF_inst/IBUFCTRL_INST/O
                         net (fo=1, routed)           0.169    10.702    clk_IBUF
    BUFGCE_HDIO_X2Y2     BUFGCE (Prop_BUFCE_BUFGCE_HDIO_I_O)
                                                      0.024    10.726 r  clk_IBUF_BUFG_inst/O
    X1Y3 (CLOCK_ROOT)    net (fo=26562, routed)       2.146    12.872    u_accel/u_pool/clk
    SLICE_X63Y340        FDRE                                         r  u_accel/u_pool/stk_npc_reg[2][6][23]/C
                         clock pessimism              0.668    13.540    
                         clock uncertainty           -0.035    13.505    
    SLICE_X63Y340        FDRE (Setup_CFF2_SLICEM_C_CE)
                                                     -0.060    13.445    u_accel/u_pool/stk_npc_reg[2][6][23]
  -------------------------------------------------------------------
                         required time                         13.445    
                         arrival time                         -12.971    
  -------------------------------------------------------------------
                         slack                                  0.474    

Slack (MET) :             0.474ns  (required time - arrival time)
  Source:                 u_accel/u_pool/issue_w_reg[1]_rep__25/C
                            (rising edge-triggered cell FDRE clocked by clk  {rise@0.000ns fall@5.000ns period=10.000ns})
  Destination:            u_accel/u_pool/stk_npc_reg[2][6][29]/CE
                            (rising edge-triggered cell FDRE clocked by clk  {rise@0.000ns fall@5.000ns period=10.000ns})
  Path Group:             clk
  Path Type:              Setup (Max at Slow Process Corner)
  Requirement:            10.000ns  (clk rise@10.000ns - clk rise@0.000ns)
  Data Path Delay:        9.222ns  (logic 1.942ns (21.058%)  route 7.280ns (78.942%))
  Logic Levels:           20  (CARRY8=2 LUT2=2 LUT4=3 LUT5=1 LUT6=11 MUXF7=1)
  Clock Path Skew:        -0.209ns (DCD - SCD + CPR)
    Destination Clock Delay (DCD):    2.872ns = ( 12.872 - 10.000 ) 
    Source Clock Delay      (SCD):    3.749ns
    Clock Pessimism Removal (CPR):    0.668ns
  Clock Uncertainty:      0.035ns  ((TSJ^2 + TIJ^2)^1/2 + DJ) / 2 + PE
    Total System Jitter     (TSJ):    0.071ns
    Total Input Jitter      (TIJ):    0.000ns
    Discrete Jitter          (DJ):    0.000ns
    Phase Error              (PE):    0.000ns
  Clock Net Delay (Source):      2.476ns (routing 1.343ns, distribution 1.133ns)
  Clock Net Delay (Destination): 2.146ns (routing 1.221ns, distribution 0.925ns)

    Location             Delay type                Incr(ns)  Path(ns)    Netlist Resource(s)
  -------------------------------------------------------------------    -------------------
                         (clock clk rise edge)        0.000     0.000 r  
    E4                                                0.000     0.000 r  clk (IN)
                         net (fo=0)                   0.000     0.000    clk_IBUF_inst/I
    E4                   INBUF (Prop_INBUF_HDIOB_M_PAD_O)
                                                      1.040     1.040 r  clk_IBUF_inst/INBUF_INST/O
                         net (fo=1, routed)           0.000     1.040    clk_IBUF_inst/OUT
    E4                   IBUFCTRL (Prop_IBUFCTRL_HDIOB_M_I_O)
                                                      0.000     1.040 r  clk_IBUF_inst/IBUFCTRL_INST/O
                         net (fo=1, routed)           0.204     1.244    clk_IBUF
    BUFGCE_HDIO_X2Y2     BUFGCE (Prop_BUFCE_BUFGCE_HDIO_I_O)
                                                      0.028     1.272 r  clk_IBUF_BUFG_inst/O
    X1Y3 (CLOCK_ROOT)    net (fo=26562, routed)       2.476     3.749    u_accel/u_pool/clk
    SLICE_X69Y140        FDRE                                         r  u_accel/u_pool/issue_w_reg[1]_rep__25/C
  -------------------------------------------------------------------    -------------------
    SLICE_X69Y140        FDRE (Prop_EFF2_SLICEL_C_Q)
                                                      0.081     3.830 f  u_accel/u_pool/issue_w_reg[1]_rep__25/Q
                         net (fo=1, routed)           0.139     3.969    u_accel/u_pool/issue_w_reg[1]_rep__25_n_0
    SLICE_X69Y140        LUT2 (Prop_E6LUT_SLICEL_I0_O)
                                                      0.051     4.020 r  u_accel/u_pool/q_mul_a[6][31]_i_66/O
                         net (fo=158, routed)         0.487     4.507    u_accel/u_pool/q_mul_a[6][31]_i_66_n_0
    SLICE_X72Y129        LUT4 (Prop_E6LUT_SLICEL_I0_O)
                                                      0.099     4.606 f  u_accel/u_pool/q_mul_a[6][31]_i_85/O
                         net (fo=1, routed)           0.143     4.749    u_accel/u_pool/q_mul_a[6][31]_i_85_n_0
    SLICE_X73Y130        LUT6 (Prop_H6LUT_SLICEM_I5_O)
                                                      0.101     4.850 r  u_accel/u_pool/q_mul_a[6][31]_i_51/O
                         net (fo=2, routed)           0.304     5.154    u_accel/u_pool/q_mul_a[6][31]_i_51_n_0
    SLICE_X75Y134        LUT6 (Prop_D6LUT_SLICEL_I0_O)
                                                      0.089     5.243 r  u_accel/u_pool/q_mul_a[6][31]_i_25/O
                         net (fo=1, routed)           0.009     5.252    u_accel/u_pool/q_mul_a[6][31]_i_25_n_0
    SLICE_X75Y134        MUXF7 (Prop_F7MUX_CD_SLICEL_I0_O)
                                                      0.063     5.315 r  u_accel/u_pool/q_mul_a_reg[6][31]_i_12/O
                         net (fo=1, routed)           0.313     5.628    u_accel/u_pool/q_mul_a_reg[6][31]_i_12_n_0
    SLICE_X74Y150        LUT6 (Prop_H6LUT_SLICEM_I4_O)
                                                      0.152     5.780 f  u_accel/u_pool/q_mul_a[6][31]_i_5/O
                         net (fo=33, routed)          0.557     6.337    u_accel/u_pool/q_mul_a[6][31]_i_5_n_0
    SLICE_X72Y173        LUT4 (Prop_A6LUT_SLICEL_I1_O)
                                                      0.124     6.461 r  u_accel/u_pool/q_mul_a[6][1]_i_2/O
                         net (fo=1, routed)           0.041     6.502    u_accel/u_pool/q_mul_a[6][1]_i_2_n_0
    SLICE_X72Y173        LUT6 (Prop_B6LUT_SLICEL_I4_O)
                                                      0.090     6.592 r  u_accel/u_pool/q_mul_a[6][1]_i_1/O
                         net (fo=15, routed)          0.566     7.158    u_accel/u_pool/rv1[6][1]
    SLICE_X74Y193        LUT4 (Prop_A6LUT_SLICEM_I3_O)
                                                      0.125     7.283 r  u_accel/u_pool/stk_mask[3][1][6]_i_132/O
                         net (fo=1, routed)           0.013     7.296    u_accel/u_pool/stk_mask[3][1][6]_i_132_n_0
    SLICE_X74Y193        CARRY8 (Prop_CARRY8_SLICEM_S[0]_CO[7])
                                                      0.192     7.488 r  u_accel/u_pool/stk_mask_reg[3][1][6]_i_52/CO[7]
                         net (fo=1, routed)           0.026     7.514    u_accel/u_pool/stk_mask_reg[3][1][6]_i_52_n_0
    SLICE_X74Y194        CARRY8 (Prop_CARRY8_SLICEM_CI_CO[7])
                                                      0.022     7.536 r  u_accel/u_pool/stk_mask_reg[3][1][6]_i_9/CO[7]
                         net (fo=1, routed)           0.772     8.308    u_accel/u_pool/data4__0
    SLICE_X62Y201        LUT6 (Prop_B6LUT_SLICEL_I5_O)
                                                      0.098     8.406 f  u_accel/u_pool/stk_mask[3][1][6]_i_4/O
                         net (fo=1, routed)           0.500     8.906    u_accel/u_pool/stk_mask[3][1][6]_i_4_n_0
    SLICE_X59Y207        LUT6 (Prop_H6LUT_SLICEL_I0_O)
                                                      0.090     8.996 r  u_accel/u_pool/stk_mask[3][1][6]_i_3/O
                         net (fo=2, routed)           0.774     9.770    u_accel/u_pool/stk_mask[3][1][6]_i_3_n_0
    SLICE_X56Y276        LUT2 (Prop_E5LUT_SLICEM_I1_O)
                                                      0.102     9.872 f  u_accel/u_pool/stk_mask[3][1][6]_i_2/O
                         net (fo=33, routed)          0.387    10.259    u_accel/u_pool/taken_mask[6]
    SLICE_X55Y286        LUT6 (Prop_E6LUT_SLICEL_I5_O)
                                                      0.051    10.310 r  u_accel/u_pool/stk_npc[3][1][31]_i_24/O
                         net (fo=59, routed)          0.608    10.918    u_accel/u_pool/stk_npc[3][1][31]_i_24_n_0
    SLICE_X51Y319        LUT6 (Prop_C6LUT_SLICEL_I4_O)
                                                      0.088    11.006 f  u_accel/u_pool/stk_npc[3][1][31]_i_17/O
                         net (fo=25, routed)          0.474    11.480    u_accel/u_pool/stk_npc[3][1][31]_i_17_n_0
    SLICE_X58Y316        LUT6 (Prop_H6LUT_SLICEL_I0_O)
                                                      0.150    11.630 r  u_accel/u_pool/stk_npc[2][6][31]_i_11/O
                         net (fo=1, routed)           0.303    11.933    u_accel/u_pool/stk_npc[2][6][31]_i_11_n_0
    SLICE_X58Y332        LUT6 (Prop_F6LUT_SLICEL_I2_O)
                                                      0.049    11.982 r  u_accel/u_pool/stk_npc[2][6][31]_i_6/O
                         net (fo=1, routed)           0.040    12.022    u_accel/u_pool/stk_npc[2][6][31]_i_6_n_0
    SLICE_X58Y332        LUT5 (Prop_E6LUT_SLICEL_I4_O)
                                                      0.090    12.112 f  u_accel/u_pool/stk_npc[2][6][31]_i_3/O
                         net (fo=1, routed)           0.229    12.341    u_accel/u_pool/stk_npc[2][6][31]_i_3_n_0
    SLICE_X60Y333        LUT6 (Prop_F6LUT_SLICEL_I1_O)
                                                      0.035    12.376 r  u_accel/u_pool/stk_npc[2][6][31]_i_1/O
                         net (fo=32, routed)          0.595    12.971    u_accel/u_pool/stk_npc[2][6][31]_i_1_n_0
    SLICE_X63Y340        FDRE                                         r  u_accel/u_pool/stk_npc_reg[2][6][29]/CE
  -------------------------------------------------------------------    -------------------

                         (clock clk rise edge)       10.000    10.000 r  
    E4                                                0.000    10.000 r  clk (IN)
                         net (fo=0)                   0.000    10.000    clk_IBUF_inst/I
    E4                   INBUF (Prop_INBUF_HDIOB_M_PAD_O)
                                                      0.533    10.533 r  clk_IBUF_inst/INBUF_INST/O
                         net (fo=1, routed)           0.000    10.533    clk_IBUF_inst/OUT
    E4                   IBUFCTRL (Prop_IBUFCTRL_HDIOB_M_I_O)
                                                      0.000    10.533 r  clk_IBUF_inst/IBUFCTRL_INST/O
                         net (fo=1, routed)           0.169    10.702    clk_IBUF
    BUFGCE_HDIO_X2Y2     BUFGCE (Prop_BUFCE_BUFGCE_HDIO_I_O)
                                                      0.024    10.726 r  clk_IBUF_BUFG_inst/O
    X1Y3 (CLOCK_ROOT)    net (fo=26562, routed)       2.146    12.872    u_accel/u_pool/clk
    SLICE_X63Y340        FDRE                                         r  u_accel/u_pool/stk_npc_reg[2][6][29]/C
                         clock pessimism              0.668    13.540    
                         clock uncertainty           -0.035    13.505    
    SLICE_X63Y340        FDRE (Setup_DFF2_SLICEM_C_CE)
                                                     -0.060    13.445    u_accel/u_pool/stk_npc_reg[2][6][29]
  -------------------------------------------------------------------
                         required time                         13.445    
                         arrival time                         -12.971    
  -------------------------------------------------------------------
                         slack                                  0.474    

Slack (MET) :             0.496ns  (required time - arrival time)
  Source:                 u_accel/u_pool/issue_w_reg[1]_rep__25/C
                            (rising edge-triggered cell FDRE clocked by clk  {rise@0.000ns fall@5.000ns period=10.000ns})
  Destination:            u_accel/u_pool/stk_npc_reg[2][6][15]/CE
                            (rising edge-triggered cell FDRE clocked by clk  {rise@0.000ns fall@5.000ns period=10.000ns})
  Path Group:             clk
  Path Type:              Setup (Max at Slow Process Corner)
  Requirement:            10.000ns  (clk rise@10.000ns - clk rise@0.000ns)
  Data Path Delay:        9.202ns  (logic 1.942ns (21.105%)  route 7.260ns (78.895%))
  Logic Levels:           20  (CARRY8=2 LUT2=2 LUT4=3 LUT5=1 LUT6=11 MUXF7=1)
  Clock Path Skew:        -0.206ns (DCD - SCD + CPR)
    Destination Clock Delay (DCD):    2.874ns = ( 12.874 - 10.000 ) 
    Source Clock Delay      (SCD):    3.749ns
    Clock Pessimism Removal (CPR):    0.668ns
  Clock Uncertainty:      0.035ns  ((TSJ^2 + TIJ^2)^1/2 + DJ) / 2 + PE
    Total System Jitter     (TSJ):    0.071ns
    Total Input Jitter      (TIJ):    0.000ns
    Discrete Jitter          (DJ):    0.000ns
    Phase Error              (PE):    0.000ns
  Clock Net Delay (Source):      2.476ns (routing 1.343ns, distribution 1.133ns)
  Clock Net Delay (Destination): 2.148ns (routing 1.221ns, distribution 0.927ns)

    Location             Delay type                Incr(ns)  Path(ns)    Netlist Resource(s)
  -------------------------------------------------------------------    -------------------
                         (clock clk rise edge)        0.000     0.000 r  
    E4                                                0.000     0.000 r  clk (IN)
                         net (fo=0)                   0.000     0.000    clk_IBUF_inst/I
    E4                   INBUF (Prop_INBUF_HDIOB_M_PAD_O)
                                                      1.040     1.040 r  clk_IBUF_inst/INBUF_INST/O
                         net (fo=1, routed)           0.000     1.040    clk_IBUF_inst/OUT
    E4                   IBUFCTRL (Prop_IBUFCTRL_HDIOB_M_I_O)
                                                      0.000     1.040 r  clk_IBUF_inst/IBUFCTRL_INST/O
                         net (fo=1, routed)           0.204     1.244    clk_IBUF
    BUFGCE_HDIO_X2Y2     BUFGCE (Prop_BUFCE_BUFGCE_HDIO_I_O)
                                                      0.028     1.272 r  clk_IBUF_BUFG_inst/O
    X1Y3 (CLOCK_ROOT)    net (fo=26562, routed)       2.476     3.749    u_accel/u_pool/clk
    SLICE_X69Y140        FDRE                                         r  u_accel/u_pool/issue_w_reg[1]_rep__25/C
  -------------------------------------------------------------------    -------------------
    SLICE_X69Y140        FDRE (Prop_EFF2_SLICEL_C_Q)
                                                      0.081     3.830 f  u_accel/u_pool/issue_w_reg[1]_rep__25/Q
                         net (fo=1, routed)           0.139     3.969    u_accel/u_pool/issue_w_reg[1]_rep__25_n_0
    SLICE_X69Y140        LUT2 (Prop_E6LUT_SLICEL_I0_O)
                                                      0.051     4.020 r  u_accel/u_pool/q_mul_a[6][31]_i_66/O
                         net (fo=158, routed)         0.487     4.507    u_accel/u_pool/q_mul_a[6][31]_i_66_n_0
    SLICE_X72Y129        LUT4 (Prop_E6LUT_SLICEL_I0_O)
                                                      0.099     4.606 f  u_accel/u_pool/q_mul_a[6][31]_i_85/O
                         net (fo=1, routed)           0.143     4.749    u_accel/u_pool/q_mul_a[6][31]_i_85_n_0
    SLICE_X73Y130        LUT6 (Prop_H6LUT_SLICEM_I5_O)
                                                      0.101     4.850 r  u_accel/u_pool/q_mul_a[6][31]_i_51/O
                         net (fo=2, routed)           0.304     5.154    u_accel/u_pool/q_mul_a[6][31]_i_51_n_0
    SLICE_X75Y134        LUT6 (Prop_D6LUT_SLICEL_I0_O)
                                                      0.089     5.243 r  u_accel/u_pool/q_mul_a[6][31]_i_25/O
                         net (fo=1, routed)           0.009     5.252    u_accel/u_pool/q_mul_a[6][31]_i_25_n_0
    SLICE_X75Y134        MUXF7 (Prop_F7MUX_CD_SLICEL_I0_O)
                                                      0.063     5.315 r  u_accel/u_pool/q_mul_a_reg[6][31]_i_12/O
                         net (fo=1, routed)           0.313     5.628    u_accel/u_pool/q_mul_a_reg[6][31]_i_12_n_0
    SLICE_X74Y150        LUT6 (Prop_H6LUT_SLICEM_I4_O)
                                                      0.152     5.780 f  u_accel/u_pool/q_mul_a[6][31]_i_5/O
                         net (fo=33, routed)          0.557     6.337    u_accel/u_pool/q_mul_a[6][31]_i_5_n_0
    SLICE_X72Y173        LUT4 (Prop_A6LUT_SLICEL_I1_O)
                                                      0.124     6.461 r  u_accel/u_pool/q_mul_a[6][1]_i_2/O
                         net (fo=1, routed)           0.041     6.502    u_accel/u_pool/q_mul_a[6][1]_i_2_n_0
    SLICE_X72Y173        LUT6 (Prop_B6LUT_SLICEL_I4_O)
                                                      0.090     6.592 r  u_accel/u_pool/q_mul_a[6][1]_i_1/O
                         net (fo=15, routed)          0.566     7.158    u_accel/u_pool/rv1[6][1]
    SLICE_X74Y193        LUT4 (Prop_A6LUT_SLICEM_I3_O)
                                                      0.125     7.283 r  u_accel/u_pool/stk_mask[3][1][6]_i_132/O
                         net (fo=1, routed)           0.013     7.296    u_accel/u_pool/stk_mask[3][1][6]_i_132_n_0
    SLICE_X74Y193        CARRY8 (Prop_CARRY8_SLICEM_S[0]_CO[7])
                                                      0.192     7.488 r  u_accel/u_pool/stk_mask_reg[3][1][6]_i_52/CO[7]
                         net (fo=1, routed)           0.026     7.514    u_accel/u_pool/stk_mask_reg[3][1][6]_i_52_n_0
    SLICE_X74Y194        CARRY8 (Prop_CARRY8_SLICEM_CI_CO[7])
                                                      0.022     7.536 r  u_accel/u_pool/stk_mask_reg[3][1][6]_i_9/CO[7]
                         net (fo=1, routed)           0.772     8.308    u_accel/u_pool/data4__0
    SLICE_X62Y201        LUT6 (Prop_B6LUT_SLICEL_I5_O)
                                                      0.098     8.406 f  u_accel/u_pool/stk_mask[3][1][6]_i_4/O
                         net (fo=1, routed)           0.500     8.906    u_accel/u_pool/stk_mask[3][1][6]_i_4_n_0
    SLICE_X59Y207        LUT6 (Prop_H6LUT_SLICEL_I0_O)
                                                      0.090     8.996 r  u_accel/u_pool/stk_mask[3][1][6]_i_3/O
                         net (fo=2, routed)           0.774     9.770    u_accel/u_pool/stk_mask[3][1][6]_i_3_n_0
    SLICE_X56Y276        LUT2 (Prop_E5LUT_SLICEM_I1_O)
                                                      0.102     9.872 f  u_accel/u_pool/stk_mask[3][1][6]_i_2/O
                         net (fo=33, routed)          0.387    10.259    u_accel/u_pool/taken_mask[6]
    SLICE_X55Y286        LUT6 (Prop_E6LUT_SLICEL_I5_O)
                                                      0.051    10.310 r  u_accel/u_pool/stk_npc[3][1][31]_i_24/O
                         net (fo=59, routed)          0.608    10.918    u_accel/u_pool/stk_npc[3][1][31]_i_24_n_0
    SLICE_X51Y319        LUT6 (Prop_C6LUT_SLICEL_I4_O)
                                                      0.088    11.006 f  u_accel/u_pool/stk_npc[3][1][31]_i_17/O
                         net (fo=25, routed)          0.474    11.480    u_accel/u_pool/stk_npc[3][1][31]_i_17_n_0
    SLICE_X58Y316        LUT6 (Prop_H6LUT_SLICEL_I0_O)
                                                      0.150    11.630 r  u_accel/u_pool/stk_npc[2][6][31]_i_11/O
                         net (fo=1, routed)           0.303    11.933    u_accel/u_pool/stk_npc[2][6][31]_i_11_n_0
    SLICE_X58Y332        LUT6 (Prop_F6LUT_SLICEL_I2_O)
                                                      0.049    11.982 r  u_accel/u_pool/stk_npc[2][6][31]_i_6/O
                         net (fo=1, routed)           0.040    12.022    u_accel/u_pool/stk_npc[2][6][31]_i_6_n_0
    SLICE_X58Y332        LUT5 (Prop_E6LUT_SLICEL_I4_O)
                                                      0.090    12.112 f  u_accel/u_pool/stk_npc[2][6][31]_i_3/O
                         net (fo=1, routed)           0.229    12.341    u_accel/u_pool/stk_npc[2][6][31]_i_3_n_0
    SLICE_X60Y333        LUT6 (Prop_F6LUT_SLICEL_I1_O)
                                                      0.035    12.376 r  u_accel/u_pool/stk_npc[2][6][31]_i_1/O
                         net (fo=32, routed)          0.574    12.950    u_accel/u_pool/stk_npc[2][6][31]_i_1_n_0
    SLICE_X64Y337        FDRE                                         r  u_accel/u_pool/stk_npc_reg[2][6][15]/CE
  -------------------------------------------------------------------    -------------------

                         (clock clk rise edge)       10.000    10.000 r  
    E4                                                0.000    10.000 r  clk (IN)
                         net (fo=0)                   0.000    10.000    clk_IBUF_inst/I
    E4                   INBUF (Prop_INBUF_HDIOB_M_PAD_O)
                                                      0.533    10.533 r  clk_IBUF_inst/INBUF_INST/O
                         net (fo=1, routed)           0.000    10.533    clk_IBUF_inst/OUT
    E4                   IBUFCTRL (Prop_IBUFCTRL_HDIOB_M_I_O)
                                                      0.000    10.533 r  clk_IBUF_inst/IBUFCTRL_INST/O
                         net (fo=1, routed)           0.169    10.702    clk_IBUF
    BUFGCE_HDIO_X2Y2     BUFGCE (Prop_BUFCE_BUFGCE_HDIO_I_O)
                                                      0.024    10.726 r  clk_IBUF_BUFG_inst/O
    X1Y3 (CLOCK_ROOT)    net (fo=26562, routed)       2.148    12.874    u_accel/u_pool/clk
    SLICE_X64Y337        FDRE                                         r  u_accel/u_pool/stk_npc_reg[2][6][15]/C
                         clock pessimism              0.668    13.542    
                         clock uncertainty           -0.035    13.507    
    SLICE_X64Y337        FDRE (Setup_CFF_SLICEM_C_CE)
                                                     -0.061    13.446    u_accel/u_pool/stk_npc_reg[2][6][15]
  -------------------------------------------------------------------
                         required time                         13.446    
                         arrival time                         -12.950    
  -------------------------------------------------------------------
                         slack                                  0.496    

Slack (MET) :             0.497ns  (required time - arrival time)
  Source:                 u_accel/u_pool/issue_w_reg[1]_rep__25/C
                            (rising edge-triggered cell FDRE clocked by clk  {rise@0.000ns fall@5.000ns period=10.000ns})
  Destination:            u_accel/u_pool/stk_npc_reg[2][6][19]/CE
                            (rising edge-triggered cell FDRE clocked by clk  {rise@0.000ns fall@5.000ns period=10.000ns})
  Path Group:             clk
  Path Type:              Setup (Max at Slow Process Corner)
  Requirement:            10.000ns  (clk rise@10.000ns - clk rise@0.000ns)
  Data Path Delay:        9.202ns  (logic 1.942ns (21.105%)  route 7.260ns (78.895%))
  Logic Levels:           20  (CARRY8=2 LUT2=2 LUT4=3 LUT5=1 LUT6=11 MUXF7=1)
  Clock Path Skew:        -0.206ns (DCD - SCD + CPR)
    Destination Clock Delay (DCD):    2.874ns = ( 12.874 - 10.000 ) 
    Source Clock Delay      (SCD):    3.749ns
    Clock Pessimism Removal (CPR):    0.668ns
  Clock Uncertainty:      0.035ns  ((TSJ^2 + TIJ^2)^1/2 + DJ) / 2 + PE
    Total System Jitter     (TSJ):    0.071ns
    Total Input Jitter      (TIJ):    0.000ns
    Discrete Jitter          (DJ):    0.000ns
    Phase Error              (PE):    0.000ns
  Clock Net Delay (Source):      2.476ns (routing 1.343ns, distribution 1.133ns)
  Clock Net Delay (Destination): 2.148ns (routing 1.221ns, distribution 0.927ns)

    Location             Delay type                Incr(ns)  Path(ns)    Netlist Resource(s)
  -------------------------------------------------------------------    -------------------
                         (clock clk rise edge)        0.000     0.000 r  
    E4                                                0.000     0.000 r  clk (IN)
                         net (fo=0)                   0.000     0.000    clk_IBUF_inst/I
    E4                   INBUF (Prop_INBUF_HDIOB_M_PAD_O)
                                                      1.040     1.040 r  clk_IBUF_inst/INBUF_INST/O
                         net (fo=1, routed)           0.000     1.040    clk_IBUF_inst/OUT
    E4                   IBUFCTRL (Prop_IBUFCTRL_HDIOB_M_I_O)
                                                      0.000     1.040 r  clk_IBUF_inst/IBUFCTRL_INST/O
                         net (fo=1, routed)           0.204     1.244    clk_IBUF
    BUFGCE_HDIO_X2Y2     BUFGCE (Prop_BUFCE_BUFGCE_HDIO_I_O)
                                                      0.028     1.272 r  clk_IBUF_BUFG_inst/O
    X1Y3 (CLOCK_ROOT)    net (fo=26562, routed)       2.476     3.749    u_accel/u_pool/clk
    SLICE_X69Y140        FDRE                                         r  u_accel/u_pool/issue_w_reg[1]_rep__25/C
  -------------------------------------------------------------------    -------------------
    SLICE_X69Y140        FDRE (Prop_EFF2_SLICEL_C_Q)
                                                      0.081     3.830 f  u_accel/u_pool/issue_w_reg[1]_rep__25/Q
                         net (fo=1, routed)           0.139     3.969    u_accel/u_pool/issue_w_reg[1]_rep__25_n_0
    SLICE_X69Y140        LUT2 (Prop_E6LUT_SLICEL_I0_O)
                                                      0.051     4.020 r  u_accel/u_pool/q_mul_a[6][31]_i_66/O
                         net (fo=158, routed)         0.487     4.507    u_accel/u_pool/q_mul_a[6][31]_i_66_n_0
    SLICE_X72Y129        LUT4 (Prop_E6LUT_SLICEL_I0_O)
                                                      0.099     4.606 f  u_accel/u_pool/q_mul_a[6][31]_i_85/O
                         net (fo=1, routed)           0.143     4.749    u_accel/u_pool/q_mul_a[6][31]_i_85_n_0
    SLICE_X73Y130        LUT6 (Prop_H6LUT_SLICEM_I5_O)
                                                      0.101     4.850 r  u_accel/u_pool/q_mul_a[6][31]_i_51/O
                         net (fo=2, routed)           0.304     5.154    u_accel/u_pool/q_mul_a[6][31]_i_51_n_0
    SLICE_X75Y134        LUT6 (Prop_D6LUT_SLICEL_I0_O)
                                                      0.089     5.243 r  u_accel/u_pool/q_mul_a[6][31]_i_25/O
                         net (fo=1, routed)           0.009     5.252    u_accel/u_pool/q_mul_a[6][31]_i_25_n_0
    SLICE_X75Y134        MUXF7 (Prop_F7MUX_CD_SLICEL_I0_O)
                                                      0.063     5.315 r  u_accel/u_pool/q_mul_a_reg[6][31]_i_12/O
                         net (fo=1, routed)           0.313     5.628    u_accel/u_pool/q_mul_a_reg[6][31]_i_12_n_0
    SLICE_X74Y150        LUT6 (Prop_H6LUT_SLICEM_I4_O)
                                                      0.152     5.780 f  u_accel/u_pool/q_mul_a[6][31]_i_5/O
                         net (fo=33, routed)          0.557     6.337    u_accel/u_pool/q_mul_a[6][31]_i_5_n_0
    SLICE_X72Y173        LUT4 (Prop_A6LUT_SLICEL_I1_O)
                                                      0.124     6.461 r  u_accel/u_pool/q_mul_a[6][1]_i_2/O
                         net (fo=1, routed)           0.041     6.502    u_accel/u_pool/q_mul_a[6][1]_i_2_n_0
    SLICE_X72Y173        LUT6 (Prop_B6LUT_SLICEL_I4_O)
                                                      0.090     6.592 r  u_accel/u_pool/q_mul_a[6][1]_i_1/O
                         net (fo=15, routed)          0.566     7.158    u_accel/u_pool/rv1[6][1]
    SLICE_X74Y193        LUT4 (Prop_A6LUT_SLICEM_I3_O)
                                                      0.125     7.283 r  u_accel/u_pool/stk_mask[3][1][6]_i_132/O
                         net (fo=1, routed)           0.013     7.296    u_accel/u_pool/stk_mask[3][1][6]_i_132_n_0
    SLICE_X74Y193        CARRY8 (Prop_CARRY8_SLICEM_S[0]_CO[7])
                                                      0.192     7.488 r  u_accel/u_pool/stk_mask_reg[3][1][6]_i_52/CO[7]
                         net (fo=1, routed)           0.026     7.514    u_accel/u_pool/stk_mask_reg[3][1][6]_i_52_n_0
    SLICE_X74Y194        CARRY8 (Prop_CARRY8_SLICEM_CI_CO[7])
                                                      0.022     7.536 r  u_accel/u_pool/stk_mask_reg[3][1][6]_i_9/CO[7]
                         net (fo=1, routed)           0.772     8.308    u_accel/u_pool/data4__0
    SLICE_X62Y201        LUT6 (Prop_B6LUT_SLICEL_I5_O)
                                                      0.098     8.406 f  u_accel/u_pool/stk_mask[3][1][6]_i_4/O
                         net (fo=1, routed)           0.500     8.906    u_accel/u_pool/stk_mask[3][1][6]_i_4_n_0
    SLICE_X59Y207        LUT6 (Prop_H6LUT_SLICEL_I0_O)
                                                      0.090     8.996 r  u_accel/u_pool/stk_mask[3][1][6]_i_3/O
                         net (fo=2, routed)           0.774     9.770    u_accel/u_pool/stk_mask[3][1][6]_i_3_n_0
    SLICE_X56Y276        LUT2 (Prop_E5LUT_SLICEM_I1_O)
                                                      0.102     9.872 f  u_accel/u_pool/stk_mask[3][1][6]_i_2/O
                         net (fo=33, routed)          0.387    10.259    u_accel/u_pool/taken_mask[6]
    SLICE_X55Y286        LUT6 (Prop_E6LUT_SLICEL_I5_O)
                                                      0.051    10.310 r  u_accel/u_pool/stk_npc[3][1][31]_i_24/O
                         net (fo=59, routed)          0.608    10.918    u_accel/u_pool/stk_npc[3][1][31]_i_24_n_0
    SLICE_X51Y319        LUT6 (Prop_C6LUT_SLICEL_I4_O)
                                                      0.088    11.006 f  u_accel/u_pool/stk_npc[3][1][31]_i_17/O
                         net (fo=25, routed)          0.474    11.480    u_accel/u_pool/stk_npc[3][1][31]_i_17_n_0
    SLICE_X58Y316        LUT6 (Prop_H6LUT_SLICEL_I0_O)
                                                      0.150    11.630 r  u_accel/u_pool/stk_npc[2][6][31]_i_11/O
                         net (fo=1, routed)           0.303    11.933    u_accel/u_pool/stk_npc[2][6][31]_i_11_n_0
    SLICE_X58Y332        LUT6 (Prop_F6LUT_SLICEL_I2_O)
                                                      0.049    11.982 r  u_accel/u_pool/stk_npc[2][6][31]_i_6/O
                         net (fo=1, routed)           0.040    12.022    u_accel/u_pool/stk_npc[2][6][31]_i_6_n_0
    SLICE_X58Y332        LUT5 (Prop_E6LUT_SLICEL_I4_O)
                                                      0.090    12.112 f  u_accel/u_pool/stk_npc[2][6][31]_i_3/O
                         net (fo=1, routed)           0.229    12.341    u_accel/u_pool/stk_npc[2][6][31]_i_3_n_0
    SLICE_X60Y333        LUT6 (Prop_F6LUT_SLICEL_I1_O)
                                                      0.035    12.376 r  u_accel/u_pool/stk_npc[2][6][31]_i_1/O
                         net (fo=32, routed)          0.574    12.950    u_accel/u_pool/stk_npc[2][6][31]_i_1_n_0
    SLICE_X64Y337        FDRE                                         r  u_accel/u_pool/stk_npc_reg[2][6][19]/CE
  -------------------------------------------------------------------    -------------------

                         (clock clk rise edge)       10.000    10.000 r  
    E4                                                0.000    10.000 r  clk (IN)
                         net (fo=0)                   0.000    10.000    clk_IBUF_inst/I
    E4                   INBUF (Prop_INBUF_HDIOB_M_PAD_O)
                                                      0.533    10.533 r  clk_IBUF_inst/INBUF_INST/O
                         net (fo=1, routed)           0.000    10.533    clk_IBUF_inst/OUT
    E4                   IBUFCTRL (Prop_IBUFCTRL_HDIOB_M_I_O)
                                                      0.000    10.533 r  clk_IBUF_inst/IBUFCTRL_INST/O
                         net (fo=1, routed)           0.169    10.702    clk_IBUF
    BUFGCE_HDIO_X2Y2     BUFGCE (Prop_BUFCE_BUFGCE_HDIO_I_O)
                                                      0.024    10.726 r  clk_IBUF_BUFG_inst/O
    X1Y3 (CLOCK_ROOT)    net (fo=26562, routed)       2.148    12.874    u_accel/u_pool/clk
    SLICE_X64Y337        FDRE                                         r  u_accel/u_pool/stk_npc_reg[2][6][19]/C
                         clock pessimism              0.668    13.542    
                         clock uncertainty           -0.035    13.507    
    SLICE_X64Y337        FDRE (Setup_CFF2_SLICEM_C_CE)
                                                     -0.060    13.447    u_accel/u_pool/stk_npc_reg[2][6][19]
  -------------------------------------------------------------------
                         required time                         13.447    
                         arrival time                         -12.950    
  -------------------------------------------------------------------
                         slack                                  0.497    

Slack (MET) :             0.508ns  (required time - arrival time)
  Source:                 u_accel/u_pool/q_fp_funct5_reg[3]/C
                            (rising edge-triggered cell FDRE clocked by clk  {rise@0.000ns fall@5.000ns period=10.000ns})
  Destination:            u_accel/u_pool/g_fpu[3].u_fpu/e_reg[4][add_spec]_srl4_srlopt/D
                            (rising edge-triggered cell FDRE clocked by clk  {rise@0.000ns fall@5.000ns period=10.000ns})
  Path Group:             clk
  Path Type:              Setup (Max at Slow Process Corner)
  Requirement:            10.000ns  (clk rise@10.000ns - clk rise@0.000ns)
  Data Path Delay:        9.280ns  (logic 3.249ns (35.012%)  route 6.031ns (64.988%))
  Logic Levels:           34  (CARRY8=13 LUT3=3 LUT4=6 LUT5=4 LUT6=8)
  Clock Path Skew:        -0.202ns (DCD - SCD + CPR)
    Destination Clock Delay (DCD):    2.890ns = ( 12.890 - 10.000 ) 
    Source Clock Delay      (SCD):    3.760ns
    Clock Pessimism Removal (CPR):    0.668ns
  Clock Uncertainty:      0.035ns  ((TSJ^2 + TIJ^2)^1/2 + DJ) / 2 + PE
    Total System Jitter     (TSJ):    0.071ns
    Total Input Jitter      (TIJ):    0.000ns
    Discrete Jitter          (DJ):    0.000ns
    Phase Error              (PE):    0.000ns
  Clock Net Delay (Source):      2.488ns (routing 1.343ns, distribution 1.145ns)
  Clock Net Delay (Destination): 2.164ns (routing 1.221ns, distribution 0.943ns)

    Location             Delay type                Incr(ns)  Path(ns)    Netlist Resource(s)
  -------------------------------------------------------------------    -------------------
                         (clock clk rise edge)        0.000     0.000 r  
    E4                                                0.000     0.000 r  clk (IN)
                         net (fo=0)                   0.000     0.000    clk_IBUF_inst/I
    E4                   INBUF (Prop_INBUF_HDIOB_M_PAD_O)
                                                      1.040     1.040 r  clk_IBUF_inst/INBUF_INST/O
                         net (fo=1, routed)           0.000     1.040    clk_IBUF_inst/OUT
    E4                   IBUFCTRL (Prop_IBUFCTRL_HDIOB_M_I_O)
                                                      0.000     1.040 r  clk_IBUF_inst/IBUFCTRL_INST/O
                         net (fo=1, routed)           0.204     1.244    clk_IBUF
    BUFGCE_HDIO_X2Y2     BUFGCE (Prop_BUFCE_BUFGCE_HDIO_I_O)
                                                      0.028     1.272 r  clk_IBUF_BUFG_inst/O
    X1Y3 (CLOCK_ROOT)    net (fo=26562, routed)       2.488     3.760    u_accel/u_pool/clk
    SLICE_X80Y237        FDRE                                         r  u_accel/u_pool/q_fp_funct5_reg[3]/C
  -------------------------------------------------------------------    -------------------
    SLICE_X80Y237        FDRE (Prop_EFF_SLICEL_C_Q)
                                                      0.079     3.839 r  u_accel/u_pool/q_fp_funct5_reg[3]/Q
                         net (fo=24, routed)          1.014     4.854    u_accel/u_pool/g_fpu[3].u_fpu/funct5[3]
    SLICE_X64Y267        LUT6 (Prop_G6LUT_SLICEM_I3_O)
                                                      0.150     5.004 r  u_accel/u_pool/g_fpu[3].u_fpu/e_reg[4][op_is_h]_srl4_i_2/O
                         net (fo=2, routed)           0.104     5.108    u_accel/u_pool/g_fpu[3].u_fpu/e_reg[4][op_is_h]_srl4_i_2_n_0
    SLICE_X64Y269        LUT4 (Prop_B5LUT_SLICEM_I1_O)
                                                      0.143     5.251 r  u_accel/u_pool/g_fpu[3].u_fpu/e[1][f_sigc][12]_i_2/O
                         net (fo=133, routed)         0.561     5.812    u_accel/u_pool/g_fpu[3].u_fpu/s0[op_is_h]
    SLICE_X60Y275        LUT5 (Prop_F6LUT_SLICEL_I1_O)
                                                      0.148     5.960 r  u_accel/u_pool/g_fpu[3].u_fpu/e[1][minmax][29]_i_3/O
                         net (fo=13, routed)          0.270     6.230    u_accel/u_pool/g_fpu[3].u_fpu/e[1][minmax][29]_i_3_n_0
    SLICE_X59Y280        LUT4 (Prop_C6LUT_SLICEL_I2_O)
                                                      0.035     6.265 f  u_accel/u_pool/g_fpu[3].u_fpu/prod2_reg_i_58/O
                         net (fo=1, routed)           0.135     6.400    u_accel/u_pool/g_fpu[3].u_fpu/prod2_reg_i_58_n_0
    SLICE_X59Y280        LUT5 (Prop_E6LUT_SLICEL_I4_O)
                                                      0.123     6.523 f  u_accel/u_pool/g_fpu[3].u_fpu/prod2_reg_i_46/O
                         net (fo=84, routed)          0.283     6.806    u_accel/u_pool/g_fpu[3].u_fpu/sigb[23]
    SLICE_X60Y284        LUT3 (Prop_F6LUT_SLICEL_I2_O)
                                                      0.049     6.855 f  u_accel/u_pool/g_fpu[3].u_fpu/prod2_reg_i_40/O
                         net (fo=9, routed)           0.256     7.111    u_accel/u_pool/g_fpu[3].u_fpu/sigb[1]
    SLICE_X61Y282        LUT6 (Prop_G6LUT_SLICEM_I5_O)
                                                      0.150     7.261 r  u_accel/u_pool/g_fpu[3].u_fpu/e_reg[4][add_ebig][7]_srl4_i_24/O
                         net (fo=2, routed)           0.267     7.528    u_accel/u_pool/g_fpu[3].u_fpu/e_reg[4][add_ebig][7]_srl4_i_24_n_0
    SLICE_X59Y282        CARRY8 (Prop_CARRY8_SLICEL_DI[0]_CO[7])
                                                      0.131     7.659 r  u_accel/u_pool/g_fpu[3].u_fpu/e_reg[4][add_ebig][7]_srl4_i_8/CO[7]
                         net (fo=1, routed)           0.026     7.685    u_accel/u_pool/g_fpu[3].u_fpu/e_reg[4][add_ebig][7]_srl4_i_8_n_0
    SLICE_X59Y283        CARRY8 (Prop_CARRY8_SLICEL_CI_CO[3])
                                                      0.060     7.745 r  u_accel/u_pool/g_fpu[3].u_fpu/e_reg[4][add_ebig][7]_srl4_i_3/CO[3]
                         net (fo=1, routed)           0.279     8.024    u_accel/u_pool/g_fpu[3].u_fpu/p_73_in
    SLICE_X60Y289        LUT6 (Prop_H6LUT_SLICEL_I1_O)
                                                      0.090     8.114 r  u_accel/u_pool/g_fpu[3].u_fpu/e_reg[4][add_ebig][7]_srl4_i_2/O
                         net (fo=96, routed)          0.205     8.319    u_accel/u_pool/g_fpu[3].u_fpu/e_reg[4][add_ebig][7]_srl4_i_2_n_0
    SLICE_X60Y290        LUT3 (Prop_A6LUT_SLICEL_I1_O)
                                                      0.124     8.443 r  u_accel/u_pool/g_fpu[3].u_fpu/e_reg[4][add_mag][47]_srl4_i_45/O
                         net (fo=1, routed)           0.142     8.585    u_accel/u_pool/g_fpu[3].u_fpu/e_reg[4][add_mag][47]_srl4_i_45_n_0
    SLICE_X59Y290        LUT6 (Prop_D6LUT_SLICEL_I1_O)
                                                      0.089     8.674 r  u_accel/u_pool/g_fpu[3].u_fpu/e_reg[4][add_mag][47]_srl4_i_25/O
                         net (fo=114, routed)         0.206     8.880    u_accel/u_pool/g_fpu[3].u_fpu/e_reg[4][add_mag][47]_srl4_i_25_n_0
    SLICE_X59Y289        LUT3 (Prop_E6LUT_SLICEL_I0_O)
                                                      0.147     9.027 r  u_accel/u_pool/g_fpu[3].u_fpu/e_reg[4][add_mag][50]_srl4_i_7/O
                         net (fo=30, routed)          0.187     9.213    u_accel/u_pool/g_fpu[3].u_fpu/e_reg[4][add_mag][50]_srl4_i_7_n_0
    SLICE_X58Y285        LUT4 (Prop_C6LUT_SLICEL_I0_O)
                                                      0.146     9.359 r  u_accel/u_pool/g_fpu[3].u_fpu/e_reg[4][add_mag][7]_srl4_i_140/O
                         net (fo=1, routed)           0.010     9.369    u_accel/u_pool/g_fpu[3].u_fpu/e_reg[4][add_mag][7]_srl4_i_140_n_0
    SLICE_X58Y285        CARRY8 (Prop_CARRY8_SLICEL_S[2]_CO[7])
                                                      0.155     9.524 r  u_accel/u_pool/g_fpu[3].u_fpu/e_reg[4][add_mag][7]_srl4_i_109/CO[7]
                         net (fo=1, routed)           0.026     9.550    u_accel/u_pool/g_fpu[3].u_fpu/e_reg[4][add_mag][7]_srl4_i_109_n_0
    SLICE_X58Y286        CARRY8 (Prop_CARRY8_SLICEL_CI_CO[7])
                                                      0.015     9.565 r  u_accel/u_pool/g_fpu[3].u_fpu/e_reg[4][add_mag][7]_srl4_i_92/CO[7]
                         net (fo=1, routed)           0.026     9.591    u_accel/u_pool/g_fpu[3].u_fpu/e_reg[4][add_mag][7]_srl4_i_92_n_0
    SLICE_X58Y287        CARRY8 (Prop_CARRY8_SLICEL_CI_CO[7])
                                                      0.015     9.606 r  u_accel/u_pool/g_fpu[3].u_fpu/e_reg[4][add_mag][7]_srl4_i_74/CO[7]
                         net (fo=1, routed)           0.026     9.632    u_accel/u_pool/g_fpu[3].u_fpu/e_reg[4][add_mag][7]_srl4_i_74_n_0
    SLICE_X58Y288        CARRY8 (Prop_CARRY8_SLICEL_CI_CO[7])
                                                      0.015     9.647 r  u_accel/u_pool/g_fpu[3].u_fpu/e_reg[4][add_mag][7]_srl4_i_37/CO[7]
                         net (fo=1, routed)           0.026     9.673    u_accel/u_pool/g_fpu[3].u_fpu/e_reg[4][add_mag][7]_srl4_i_37_n_0
    SLICE_X58Y289        CARRY8 (Prop_CARRY8_SLICEL_CI_CO[7])
                                                      0.015     9.688 r  u_accel/u_pool/g_fpu[3].u_fpu/e_reg[4][add_mag][7]_srl4_i_21/CO[7]
                         net (fo=1, routed)           0.026     9.714    u_accel/u_pool/g_fpu[3].u_fpu/e_reg[4][add_mag][7]_srl4_i_21_n_0
    SLICE_X58Y290        CARRY8 (Prop_CARRY8_SLICEL_CI_O[7])
                                                      0.116     9.830 r  u_accel/u_pool/g_fpu[3].u_fpu/e_reg[4][add_mag][7]_srl4_i_25/O[7]
                         net (fo=1, routed)           0.173    10.003    u_accel/u_pool/g_fpu[3].u_fpu/e_reg[4][add_mag][7]_srl4_i_25_n_8
    SLICE_X59Y291        LUT6 (Prop_F6LUT_SLICEL_I5_O)
                                                      0.123    10.126 f  u_accel/u_pool/g_fpu[3].u_fpu/e_reg[4][add_mag][7]_srl4_i_29/O
                         net (fo=1, routed)           0.092    10.218    u_accel/u_pool/g_fpu[3].u_fpu/e_reg[4][add_mag][7]_srl4_i_29_n_0
    SLICE_X59Y291        LUT5 (Prop_E6LUT_SLICEL_I0_O)
                                                      0.099    10.317 f  u_accel/u_pool/g_fpu[3].u_fpu/e_reg[4][add_mag][7]_srl4_i_17/O
                         net (fo=1, routed)           0.211    10.528    u_accel/u_pool/g_fpu[3].u_fpu/e_reg[4][add_mag][7]_srl4_i_17_n_0
    SLICE_X57Y289        LUT6 (Prop_G6LUT_SLICEM_I4_O)
                                                      0.123    10.651 r  u_accel/u_pool/g_fpu[3].u_fpu/e_reg[4][add_mag][7]_srl4_i_14/O
                         net (fo=1, routed)           0.259    10.910    u_accel/u_pool/g_fpu[3].u_fpu/e_reg[4][add_mag][7]_srl4_i_14_n_0
    SLICE_X56Y287        LUT4 (Prop_A6LUT_SLICEM_I3_O)
                                                      0.090    11.000 r  u_accel/u_pool/g_fpu[3].u_fpu/e_reg[4][add_mag][7]_srl4_i_10/O
                         net (fo=1, routed)           0.013    11.013    u_accel/u_pool/g_fpu[3].u_fpu/e_reg[4][add_mag][7]_srl4_i_10_n_0
    SLICE_X56Y287        CARRY8 (Prop_CARRY8_SLICEM_S[0]_CO[7])
                                                      0.192    11.205 r  u_accel/u_pool/g_fpu[3].u_fpu/e_reg[4][add_mag][7]_srl4_i_1/CO[7]
                         net (fo=1, routed)           0.026    11.231    u_accel/u_pool/g_fpu[3].u_fpu/e_reg[4][add_mag][7]_srl4_i_1_n_0
    SLICE_X56Y288        CARRY8 (Prop_CARRY8_SLICEM_CI_CO[7])
                                                      0.015    11.246 r  u_accel/u_pool/g_fpu[3].u_fpu/e_reg[4][add_mag][15]_srl4_i_1/CO[7]
                         net (fo=1, routed)           0.026    11.272    u_accel/u_pool/g_fpu[3].u_fpu/e_reg[4][add_mag][15]_srl4_i_1_n_0
    SLICE_X56Y289        CARRY8 (Prop_CARRY8_SLICEM_CI_CO[7])
                                                      0.015    11.287 r  u_accel/u_pool/g_fpu[3].u_fpu/e_reg[4][add_mag][23]_srl4_i_1/CO[7]
                         net (fo=1, routed)           0.026    11.313    u_accel/u_pool/g_fpu[3].u_fpu/e_reg[4][add_mag][23]_srl4_i_1_n_0
    SLICE_X56Y290        CARRY8 (Prop_CARRY8_SLICEM_CI_CO[7])
                                                      0.015    11.328 r  u_accel/u_pool/g_fpu[3].u_fpu/e_reg[4][add_mag][31]_srl4_i_1/CO[7]
                         net (fo=1, routed)           0.026    11.354    u_accel/u_pool/g_fpu[3].u_fpu/e_reg[4][add_mag][31]_srl4_i_1_n_0
    SLICE_X56Y291        CARRY8 (Prop_CARRY8_SLICEM_CI_O[5])
                                                      0.116    11.470 f  u_accel/u_pool/g_fpu[3].u_fpu/e_reg[4][add_mag][39]_srl4_i_1/O[5]
                         net (fo=2, routed)           0.249    11.719    u_accel/u_pool/g_fpu[3].u_fpu/e_reg[4][add_mag][39]_srl4_i_1_n_10
    SLICE_X55Y292        LUT4 (Prop_F6LUT_SLICEL_I1_O)
                                                      0.123    11.842 f  u_accel/u_pool/g_fpu[3].u_fpu/e_reg[4][add_spec]_srl4_i_15/O
                         net (fo=1, routed)           0.128    11.970    u_accel/u_pool/g_fpu[3].u_fpu/e_reg[4][add_spec]_srl4_i_15_n_0
    SLICE_X54Y291        LUT5 (Prop_G6LUT_SLICEM_I4_O)
                                                      0.090    12.060 f  u_accel/u_pool/g_fpu[3].u_fpu/e_reg[4][add_spec]_srl4_i_13/O
                         net (fo=1, routed)           0.048    12.108    u_accel/u_pool/g_fpu[3].u_fpu/e_reg[4][add_spec]_srl4_i_13_n_0
    SLICE_X54Y291        LUT6 (Prop_H6LUT_SLICEM_I5_O)
                                                      0.053    12.161 f  u_accel/u_pool/g_fpu[3].u_fpu/e_reg[4][add_spec]_srl4_i_8/O
                         net (fo=1, routed)           0.105    12.266    u_accel/u_pool/g_fpu[3].u_fpu/e_reg[4][add_spec]_srl4_i_8_n_0
    SLICE_X55Y292        LUT6 (Prop_H6LUT_SLICEL_I5_O)
                                                      0.150    12.416 r  u_accel/u_pool/g_fpu[3].u_fpu/e_reg[4][add_spec]_srl4_i_4/O
                         net (fo=1, routed)           0.313    12.729    u_accel/u_pool/g_fpu[3].u_fpu/e_reg[4][add_spec]_srl4_i_4_n_0
    SLICE_X58Y291        LUT4 (Prop_C6LUT_SLICEL_I3_O)
                                                      0.050    12.779 r  u_accel/u_pool/g_fpu[3].u_fpu/e_reg[4][add_spec]_srl4_i_1/O
                         net (fo=1, routed)           0.261    13.040    u_accel/u_pool/g_fpu[3].u_fpu/e_reg[4][add_spec]_srl4_i_1_n_0
    SLICE_X58Y291        FDRE                                         r  u_accel/u_pool/g_fpu[3].u_fpu/e_reg[4][add_spec]_srl4_srlopt/D
  -------------------------------------------------------------------    -------------------

                         (clock clk rise edge)       10.000    10.000 r  
    E4                                                0.000    10.000 r  clk (IN)
                         net (fo=0)                   0.000    10.000    clk_IBUF_inst/I
    E4                   INBUF (Prop_INBUF_HDIOB_M_PAD_O)
                                                      0.533    10.533 r  clk_IBUF_inst/INBUF_INST/O
                         net (fo=1, routed)           0.000    10.533    clk_IBUF_inst/OUT
    E4                   IBUFCTRL (Prop_IBUFCTRL_HDIOB_M_I_O)
                                                      0.000    10.533 r  clk_IBUF_inst/IBUFCTRL_INST/O
                         net (fo=1, routed)           0.169    10.702    clk_IBUF
    BUFGCE_HDIO_X2Y2     BUFGCE (Prop_BUFCE_BUFGCE_HDIO_I_O)
                                                      0.024    10.726 r  clk_IBUF_BUFG_inst/O
    X1Y3 (CLOCK_ROOT)    net (fo=26562, routed)       2.164    12.890    u_accel/u_pool/g_fpu[3].u_fpu/clk
    SLICE_X58Y291        FDRE                                         r  u_accel/u_pool/g_fpu[3].u_fpu/e_reg[4][add_spec]_srl4_srlopt/C
                         clock pessimism              0.668    13.558    
                         clock uncertainty           -0.035    13.523    
    SLICE_X58Y291        FDRE (Setup_EFF_SLICEL_C_D)
                                                      0.025    13.548    u_accel/u_pool/g_fpu[3].u_fpu/e_reg[4][add_spec]_srl4_srlopt
  -------------------------------------------------------------------
                         required time                         13.548    
                         arrival time                         -13.040    
  -------------------------------------------------------------------
                         slack                                  0.508    

Slack (MET) :             0.511ns  (required time - arrival time)
  Source:                 u_accel/u_pool/issue_w_reg[1]_rep__25/C
                            (rising edge-triggered cell FDRE clocked by clk  {rise@0.000ns fall@5.000ns period=10.000ns})
  Destination:            u_accel/u_pool/stk_npc_reg[2][6][31]/CE
                            (rising edge-triggered cell FDRE clocked by clk  {rise@0.000ns fall@5.000ns period=10.000ns})
  Path Group:             clk
  Path Type:              Setup (Max at Slow Process Corner)
  Requirement:            10.000ns  (clk rise@10.000ns - clk rise@0.000ns)
  Data Path Delay:        9.181ns  (logic 1.942ns (21.152%)  route 7.239ns (78.848%))
  Logic Levels:           20  (CARRY8=2 LUT2=2 LUT4=3 LUT5=1 LUT6=11 MUXF7=1)
  Clock Path Skew:        -0.212ns (DCD - SCD + CPR)
    Destination Clock Delay (DCD):    2.868ns = ( 12.868 - 10.000 ) 
    Source Clock Delay      (SCD):    3.749ns
    Clock Pessimism Removal (CPR):    0.668ns
  Clock Uncertainty:      0.035ns  ((TSJ^2 + TIJ^2)^1/2 + DJ) / 2 + PE
    Total System Jitter     (TSJ):    0.071ns
    Total Input Jitter      (TIJ):    0.000ns
    Discrete Jitter          (DJ):    0.000ns
    Phase Error              (PE):    0.000ns
  Clock Net Delay (Source):      2.476ns (routing 1.343ns, distribution 1.133ns)
  Clock Net Delay (Destination): 2.142ns (routing 1.221ns, distribution 0.921ns)

    Location             Delay type                Incr(ns)  Path(ns)    Netlist Resource(s)
  -------------------------------------------------------------------    -------------------
                         (clock clk rise edge)        0.000     0.000 r  
    E4                                                0.000     0.000 r  clk (IN)
                         net (fo=0)                   0.000     0.000    clk_IBUF_inst/I
    E4                   INBUF (Prop_INBUF_HDIOB_M_PAD_O)
                                                      1.040     1.040 r  clk_IBUF_inst/INBUF_INST/O
                         net (fo=1, routed)           0.000     1.040    clk_IBUF_inst/OUT
    E4                   IBUFCTRL (Prop_IBUFCTRL_HDIOB_M_I_O)
                                                      0.000     1.040 r  clk_IBUF_inst/IBUFCTRL_INST/O
                         net (fo=1, routed)           0.204     1.244    clk_IBUF
    BUFGCE_HDIO_X2Y2     BUFGCE (Prop_BUFCE_BUFGCE_HDIO_I_O)
                                                      0.028     1.272 r  clk_IBUF_BUFG_inst/O
    X1Y3 (CLOCK_ROOT)    net (fo=26562, routed)       2.476     3.749    u_accel/u_pool/clk
    SLICE_X69Y140        FDRE                                         r  u_accel/u_pool/issue_w_reg[1]_rep__25/C
  -------------------------------------------------------------------    -------------------
    SLICE_X69Y140        FDRE (Prop_EFF2_SLICEL_C_Q)
                                                      0.081     3.830 f  u_accel/u_pool/issue_w_reg[1]_rep__25/Q
                         net (fo=1, routed)           0.139     3.969    u_accel/u_pool/issue_w_reg[1]_rep__25_n_0
    SLICE_X69Y140        LUT2 (Prop_E6LUT_SLICEL_I0_O)
                                                      0.051     4.020 r  u_accel/u_pool/q_mul_a[6][31]_i_66/O
                         net (fo=158, routed)         0.487     4.507    u_accel/u_pool/q_mul_a[6][31]_i_66_n_0
    SLICE_X72Y129        LUT4 (Prop_E6LUT_SLICEL_I0_O)
                                                      0.099     4.606 f  u_accel/u_pool/q_mul_a[6][31]_i_85/O
                         net (fo=1, routed)           0.143     4.749    u_accel/u_pool/q_mul_a[6][31]_i_85_n_0
    SLICE_X73Y130        LUT6 (Prop_H6LUT_SLICEM_I5_O)
                                                      0.101     4.850 r  u_accel/u_pool/q_mul_a[6][31]_i_51/O
                         net (fo=2, routed)           0.304     5.154    u_accel/u_pool/q_mul_a[6][31]_i_51_n_0
    SLICE_X75Y134        LUT6 (Prop_D6LUT_SLICEL_I0_O)
                                                      0.089     5.243 r  u_accel/u_pool/q_mul_a[6][31]_i_25/O
                         net (fo=1, routed)           0.009     5.252    u_accel/u_pool/q_mul_a[6][31]_i_25_n_0
    SLICE_X75Y134        MUXF7 (Prop_F7MUX_CD_SLICEL_I0_O)
                                                      0.063     5.315 r  u_accel/u_pool/q_mul_a_reg[6][31]_i_12/O
                         net (fo=1, routed)           0.313     5.628    u_accel/u_pool/q_mul_a_reg[6][31]_i_12_n_0
    SLICE_X74Y150        LUT6 (Prop_H6LUT_SLICEM_I4_O)
                                                      0.152     5.780 f  u_accel/u_pool/q_mul_a[6][31]_i_5/O
                         net (fo=33, routed)          0.557     6.337    u_accel/u_pool/q_mul_a[6][31]_i_5_n_0
    SLICE_X72Y173        LUT4 (Prop_A6LUT_SLICEL_I1_O)
                                                      0.124     6.461 r  u_accel/u_pool/q_mul_a[6][1]_i_2/O
                         net (fo=1, routed)           0.041     6.502    u_accel/u_pool/q_mul_a[6][1]_i_2_n_0
    SLICE_X72Y173        LUT6 (Prop_B6LUT_SLICEL_I4_O)
                                                      0.090     6.592 r  u_accel/u_pool/q_mul_a[6][1]_i_1/O
                         net (fo=15, routed)          0.566     7.158    u_accel/u_pool/rv1[6][1]
    SLICE_X74Y193        LUT4 (Prop_A6LUT_SLICEM_I3_O)
                                                      0.125     7.283 r  u_accel/u_pool/stk_mask[3][1][6]_i_132/O
                         net (fo=1, routed)           0.013     7.296    u_accel/u_pool/stk_mask[3][1][6]_i_132_n_0
    SLICE_X74Y193        CARRY8 (Prop_CARRY8_SLICEM_S[0]_CO[7])
                                                      0.192     7.488 r  u_accel/u_pool/stk_mask_reg[3][1][6]_i_52/CO[7]
                         net (fo=1, routed)           0.026     7.514    u_accel/u_pool/stk_mask_reg[3][1][6]_i_52_n_0
    SLICE_X74Y194        CARRY8 (Prop_CARRY8_SLICEM_CI_CO[7])
                                                      0.022     7.536 r  u_accel/u_pool/stk_mask_reg[3][1][6]_i_9/CO[7]
                         net (fo=1, routed)           0.772     8.308    u_accel/u_pool/data4__0
    SLICE_X62Y201        LUT6 (Prop_B6LUT_SLICEL_I5_O)
                                                      0.098     8.406 f  u_accel/u_pool/stk_mask[3][1][6]_i_4/O
                         net (fo=1, routed)           0.500     8.906    u_accel/u_pool/stk_mask[3][1][6]_i_4_n_0
    SLICE_X59Y207        LUT6 (Prop_H6LUT_SLICEL_I0_O)
                                                      0.090     8.996 r  u_accel/u_pool/stk_mask[3][1][6]_i_3/O
                         net (fo=2, routed)           0.774     9.770    u_accel/u_pool/stk_mask[3][1][6]_i_3_n_0
    SLICE_X56Y276        LUT2 (Prop_E5LUT_SLICEM_I1_O)
                                                      0.102     9.872 f  u_accel/u_pool/stk_mask[3][1][6]_i_2/O
                         net (fo=33, routed)          0.387    10.259    u_accel/u_pool/taken_mask[6]
    SLICE_X55Y286        LUT6 (Prop_E6LUT_SLICEL_I5_O)
                                                      0.051    10.310 r  u_accel/u_pool/stk_npc[3][1][31]_i_24/O
                         net (fo=59, routed)          0.608    10.918    u_accel/u_pool/stk_npc[3][1][31]_i_24_n_0
    SLICE_X51Y319        LUT6 (Prop_C6LUT_SLICEL_I4_O)
                                                      0.088    11.006 f  u_accel/u_pool/stk_npc[3][1][31]_i_17/O
                         net (fo=25, routed)          0.474    11.480    u_accel/u_pool/stk_npc[3][1][31]_i_17_n_0
    SLICE_X58Y316        LUT6 (Prop_H6LUT_SLICEL_I0_O)
                                                      0.150    11.630 r  u_accel/u_pool/stk_npc[2][6][31]_i_11/O
                         net (fo=1, routed)           0.303    11.933    u_accel/u_pool/stk_npc[2][6][31]_i_11_n_0
    SLICE_X58Y332        LUT6 (Prop_F6LUT_SLICEL_I2_O)
                                                      0.049    11.982 r  u_accel/u_pool/stk_npc[2][6][31]_i_6/O
                         net (fo=1, routed)           0.040    12.022    u_accel/u_pool/stk_npc[2][6][31]_i_6_n_0
    SLICE_X58Y332        LUT5 (Prop_E6LUT_SLICEL_I4_O)
                                                      0.090    12.112 f  u_accel/u_pool/stk_npc[2][6][31]_i_3/O
                         net (fo=1, routed)           0.229    12.341    u_accel/u_pool/stk_npc[2][6][31]_i_3_n_0
    SLICE_X60Y333        LUT6 (Prop_F6LUT_SLICEL_I1_O)
                                                      0.035    12.376 r  u_accel/u_pool/stk_npc[2][6][31]_i_1/O
                         net (fo=32, routed)          0.554    12.930    u_accel/u_pool/stk_npc[2][6][31]_i_1_n_0
    SLICE_X62Y340        FDRE                                         r  u_accel/u_pool/stk_npc_reg[2][6][31]/CE
  -------------------------------------------------------------------    -------------------

                         (clock clk rise edge)       10.000    10.000 r  
    E4                                                0.000    10.000 r  clk (IN)
                         net (fo=0)                   0.000    10.000    clk_IBUF_inst/I
    E4                   INBUF (Prop_INBUF_HDIOB_M_PAD_O)
                                                      0.533    10.533 r  clk_IBUF_inst/INBUF_INST/O
                         net (fo=1, routed)           0.000    10.533    clk_IBUF_inst/OUT
    E4                   IBUFCTRL (Prop_IBUFCTRL_HDIOB_M_I_O)
                                                      0.000    10.533 r  clk_IBUF_inst/IBUFCTRL_INST/O
                         net (fo=1, routed)           0.169    10.702    clk_IBUF
    BUFGCE_HDIO_X2Y2     BUFGCE (Prop_BUFCE_BUFGCE_HDIO_I_O)
                                                      0.024    10.726 r  clk_IBUF_BUFG_inst/O
    X1Y3 (CLOCK_ROOT)    net (fo=26562, routed)       2.142    12.868    u_accel/u_pool/clk
    SLICE_X62Y340        FDRE                                         r  u_accel/u_pool/stk_npc_reg[2][6][31]/C
                         clock pessimism              0.668    13.536    
                         clock uncertainty           -0.035    13.501    
    SLICE_X62Y340        FDRE (Setup_HFF2_SLICEL_C_CE)
                                                     -0.060    13.441    u_accel/u_pool/stk_npc_reg[2][6][31]
  -------------------------------------------------------------------
                         required time                         13.441    
                         arrival time                         -12.930    
  -------------------------------------------------------------------
                         slack                                  0.511    

Slack (MET) :             0.513ns  (required time - arrival time)
  Source:                 u_accel/u_pool/issue_w_reg[1]_rep__25/C
                            (rising edge-triggered cell FDRE clocked by clk  {rise@0.000ns fall@5.000ns period=10.000ns})
  Destination:            u_accel/u_pool/stk_npc_reg[2][6][28]/CE
                            (rising edge-triggered cell FDRE clocked by clk  {rise@0.000ns fall@5.000ns period=10.000ns})
  Path Group:             clk
  Path Type:              Setup (Max at Slow Process Corner)
  Requirement:            10.000ns  (clk rise@10.000ns - clk rise@0.000ns)
  Data Path Delay:        9.179ns  (logic 1.942ns (21.157%)  route 7.237ns (78.843%))
  Logic Levels:           20  (CARRY8=2 LUT2=2 LUT4=3 LUT5=1 LUT6=11 MUXF7=1)
  Clock Path Skew:        -0.212ns (DCD - SCD + CPR)
    Destination Clock Delay (DCD):    2.868ns = ( 12.868 - 10.000 ) 
    Source Clock Delay      (SCD):    3.749ns
    Clock Pessimism Removal (CPR):    0.668ns
  Clock Uncertainty:      0.035ns  ((TSJ^2 + TIJ^2)^1/2 + DJ) / 2 + PE
    Total System Jitter     (TSJ):    0.071ns
    Total Input Jitter      (TIJ):    0.000ns
    Discrete Jitter          (DJ):    0.000ns
    Phase Error              (PE):    0.000ns
  Clock Net Delay (Source):      2.476ns (routing 1.343ns, distribution 1.133ns)
  Clock Net Delay (Destination): 2.142ns (routing 1.221ns, distribution 0.921ns)

    Location             Delay type                Incr(ns)  Path(ns)    Netlist Resource(s)
  -------------------------------------------------------------------    -------------------
                         (clock clk rise edge)        0.000     0.000 r  
    E4                                                0.000     0.000 r  clk (IN)
                         net (fo=0)                   0.000     0.000    clk_IBUF_inst/I
    E4                   INBUF (Prop_INBUF_HDIOB_M_PAD_O)
                                                      1.040     1.040 r  clk_IBUF_inst/INBUF_INST/O
                         net (fo=1, routed)           0.000     1.040    clk_IBUF_inst/OUT
    E4                   IBUFCTRL (Prop_IBUFCTRL_HDIOB_M_I_O)
                                                      0.000     1.040 r  clk_IBUF_inst/IBUFCTRL_INST/O
                         net (fo=1, routed)           0.204     1.244    clk_IBUF
    BUFGCE_HDIO_X2Y2     BUFGCE (Prop_BUFCE_BUFGCE_HDIO_I_O)
                                                      0.028     1.272 r  clk_IBUF_BUFG_inst/O
    X1Y3 (CLOCK_ROOT)    net (fo=26562, routed)       2.476     3.749    u_accel/u_pool/clk
    SLICE_X69Y140        FDRE                                         r  u_accel/u_pool/issue_w_reg[1]_rep__25/C
  -------------------------------------------------------------------    -------------------
    SLICE_X69Y140        FDRE (Prop_EFF2_SLICEL_C_Q)
                                                      0.081     3.830 f  u_accel/u_pool/issue_w_reg[1]_rep__25/Q
                         net (fo=1, routed)           0.139     3.969    u_accel/u_pool/issue_w_reg[1]_rep__25_n_0
    SLICE_X69Y140        LUT2 (Prop_E6LUT_SLICEL_I0_O)
                                                      0.051     4.020 r  u_accel/u_pool/q_mul_a[6][31]_i_66/O
                         net (fo=158, routed)         0.487     4.507    u_accel/u_pool/q_mul_a[6][31]_i_66_n_0
    SLICE_X72Y129        LUT4 (Prop_E6LUT_SLICEL_I0_O)
                                                      0.099     4.606 f  u_accel/u_pool/q_mul_a[6][31]_i_85/O
                         net (fo=1, routed)           0.143     4.749    u_accel/u_pool/q_mul_a[6][31]_i_85_n_0
    SLICE_X73Y130        LUT6 (Prop_H6LUT_SLICEM_I5_O)
                                                      0.101     4.850 r  u_accel/u_pool/q_mul_a[6][31]_i_51/O
                         net (fo=2, routed)           0.304     5.154    u_accel/u_pool/q_mul_a[6][31]_i_51_n_0
    SLICE_X75Y134        LUT6 (Prop_D6LUT_SLICEL_I0_O)
                                                      0.089     5.243 r  u_accel/u_pool/q_mul_a[6][31]_i_25/O
                         net (fo=1, routed)           0.009     5.252    u_accel/u_pool/q_mul_a[6][31]_i_25_n_0
    SLICE_X75Y134        MUXF7 (Prop_F7MUX_CD_SLICEL_I0_O)
                                                      0.063     5.315 r  u_accel/u_pool/q_mul_a_reg[6][31]_i_12/O
                         net (fo=1, routed)           0.313     5.628    u_accel/u_pool/q_mul_a_reg[6][31]_i_12_n_0
    SLICE_X74Y150        LUT6 (Prop_H6LUT_SLICEM_I4_O)
                                                      0.152     5.780 f  u_accel/u_pool/q_mul_a[6][31]_i_5/O
                         net (fo=33, routed)          0.557     6.337    u_accel/u_pool/q_mul_a[6][31]_i_5_n_0
    SLICE_X72Y173        LUT4 (Prop_A6LUT_SLICEL_I1_O)
                                                      0.124     6.461 r  u_accel/u_pool/q_mul_a[6][1]_i_2/O
                         net (fo=1, routed)           0.041     6.502    u_accel/u_pool/q_mul_a[6][1]_i_2_n_0
    SLICE_X72Y173        LUT6 (Prop_B6LUT_SLICEL_I4_O)
                                                      0.090     6.592 r  u_accel/u_pool/q_mul_a[6][1]_i_1/O
                         net (fo=15, routed)          0.566     7.158    u_accel/u_pool/rv1[6][1]
    SLICE_X74Y193        LUT4 (Prop_A6LUT_SLICEM_I3_O)
                                                      0.125     7.283 r  u_accel/u_pool/stk_mask[3][1][6]_i_132/O
                         net (fo=1, routed)           0.013     7.296    u_accel/u_pool/stk_mask[3][1][6]_i_132_n_0
    SLICE_X74Y193        CARRY8 (Prop_CARRY8_SLICEM_S[0]_CO[7])
                                                      0.192     7.488 r  u_accel/u_pool/stk_mask_reg[3][1][6]_i_52/CO[7]
                         net (fo=1, routed)           0.026     7.514    u_accel/u_pool/stk_mask_reg[3][1][6]_i_52_n_0
    SLICE_X74Y194        CARRY8 (Prop_CARRY8_SLICEM_CI_CO[7])
                                                      0.022     7.536 r  u_accel/u_pool/stk_mask_reg[3][1][6]_i_9/CO[7]
                         net (fo=1, routed)           0.772     8.308    u_accel/u_pool/data4__0
    SLICE_X62Y201        LUT6 (Prop_B6LUT_SLICEL_I5_O)
                                                      0.098     8.406 f  u_accel/u_pool/stk_mask[3][1][6]_i_4/O
                         net (fo=1, routed)           0.500     8.906    u_accel/u_pool/stk_mask[3][1][6]_i_4_n_0
    SLICE_X59Y207        LUT6 (Prop_H6LUT_SLICEL_I0_O)
                                                      0.090     8.996 r  u_accel/u_pool/stk_mask[3][1][6]_i_3/O
                         net (fo=2, routed)           0.774     9.770    u_accel/u_pool/stk_mask[3][1][6]_i_3_n_0
    SLICE_X56Y276        LUT2 (Prop_E5LUT_SLICEM_I1_O)
                                                      0.102     9.872 f  u_accel/u_pool/stk_mask[3][1][6]_i_2/O
                         net (fo=33, routed)          0.387    10.259    u_accel/u_pool/taken_mask[6]
    SLICE_X55Y286        LUT6 (Prop_E6LUT_SLICEL_I5_O)
                                                      0.051    10.310 r  u_accel/u_pool/stk_npc[3][1][31]_i_24/O
                         net (fo=59, routed)          0.608    10.918    u_accel/u_pool/stk_npc[3][1][31]_i_24_n_0
    SLICE_X51Y319        LUT6 (Prop_C6LUT_SLICEL_I4_O)
                                                      0.088    11.006 f  u_accel/u_pool/stk_npc[3][1][31]_i_17/O
                         net (fo=25, routed)          0.474    11.480    u_accel/u_pool/stk_npc[3][1][31]_i_17_n_0
    SLICE_X58Y316        LUT6 (Prop_H6LUT_SLICEL_I0_O)
                                                      0.150    11.630 r  u_accel/u_pool/stk_npc[2][6][31]_i_11/O
                         net (fo=1, routed)           0.303    11.933    u_accel/u_pool/stk_npc[2][6][31]_i_11_n_0
    SLICE_X58Y332        LUT6 (Prop_F6LUT_SLICEL_I2_O)
                                                      0.049    11.982 r  u_accel/u_pool/stk_npc[2][6][31]_i_6/O
                         net (fo=1, routed)           0.040    12.022    u_accel/u_pool/stk_npc[2][6][31]_i_6_n_0
    SLICE_X58Y332        LUT5 (Prop_E6LUT_SLICEL_I4_O)
                                                      0.090    12.112 f  u_accel/u_pool/stk_npc[2][6][31]_i_3/O
                         net (fo=1, routed)           0.229    12.341    u_accel/u_pool/stk_npc[2][6][31]_i_3_n_0
    SLICE_X60Y333        LUT6 (Prop_F6LUT_SLICEL_I1_O)
                                                      0.035    12.376 r  u_accel/u_pool/stk_npc[2][6][31]_i_1/O
                         net (fo=32, routed)          0.552    12.928    u_accel/u_pool/stk_npc[2][6][31]_i_1_n_0
    SLICE_X62Y340        FDRE                                         r  u_accel/u_pool/stk_npc_reg[2][6][28]/CE
  -------------------------------------------------------------------    -------------------

                         (clock clk rise edge)       10.000    10.000 r  
    E4                                                0.000    10.000 r  clk (IN)
                         net (fo=0)                   0.000    10.000    clk_IBUF_inst/I
    E4                   INBUF (Prop_INBUF_HDIOB_M_PAD_O)
                                                      0.533    10.533 r  clk_IBUF_inst/INBUF_INST/O
                         net (fo=1, routed)           0.000    10.533    clk_IBUF_inst/OUT
    E4                   IBUFCTRL (Prop_IBUFCTRL_HDIOB_M_I_O)
                                                      0.000    10.533 r  clk_IBUF_inst/IBUFCTRL_INST/O
                         net (fo=1, routed)           0.169    10.702    clk_IBUF
    BUFGCE_HDIO_X2Y2     BUFGCE (Prop_BUFCE_BUFGCE_HDIO_I_O)
                                                      0.024    10.726 r  clk_IBUF_BUFG_inst/O
    X1Y3 (CLOCK_ROOT)    net (fo=26562, routed)       2.142    12.868    u_accel/u_pool/clk
    SLICE_X62Y340        FDRE                                         r  u_accel/u_pool/stk_npc_reg[2][6][28]/C
                         clock pessimism              0.668    13.536    
                         clock uncertainty           -0.035    13.501    
    SLICE_X62Y340        FDRE (Setup_HFF_SLICEL_C_CE)
                                                     -0.060    13.441    u_accel/u_pool/stk_npc_reg[2][6][28]
  -------------------------------------------------------------------
                         required time                         13.441    
                         arrival time                         -12.928    
  -------------------------------------------------------------------
                         slack                                  0.513    

Slack (MET) :             0.519ns  (required time - arrival time)
  Source:                 u_accel/u_pool/issue_w_reg[1]_rep__25/C
                            (rising edge-triggered cell FDRE clocked by clk  {rise@0.000ns fall@5.000ns period=10.000ns})
  Destination:            u_accel/u_pool/stk_npc_reg[2][6][20]/CE
                            (rising edge-triggered cell FDRE clocked by clk  {rise@0.000ns fall@5.000ns period=10.000ns})
  Path Group:             clk
  Path Type:              Setup (Max at Slow Process Corner)
  Requirement:            10.000ns  (clk rise@10.000ns - clk rise@0.000ns)
  Data Path Delay:        9.172ns  (logic 1.942ns (21.172%)  route 7.230ns (78.828%))
  Logic Levels:           20  (CARRY8=2 LUT2=2 LUT4=3 LUT5=1 LUT6=11 MUXF7=1)
  Clock Path Skew:        -0.212ns (DCD - SCD + CPR)
    Destination Clock Delay (DCD):    2.868ns = ( 12.868 - 10.000 ) 
    Source Clock Delay      (SCD):    3.749ns
    Clock Pessimism Removal (CPR):    0.668ns
  Clock Uncertainty:      0.035ns  ((TSJ^2 + TIJ^2)^1/2 + DJ) / 2 + PE
    Total System Jitter     (TSJ):    0.071ns
    Total Input Jitter      (TIJ):    0.000ns
    Discrete Jitter          (DJ):    0.000ns
    Phase Error              (PE):    0.000ns
  Clock Net Delay (Source):      2.476ns (routing 1.343ns, distribution 1.133ns)
  Clock Net Delay (Destination): 2.142ns (routing 1.221ns, distribution 0.921ns)

    Location             Delay type                Incr(ns)  Path(ns)    Netlist Resource(s)
  -------------------------------------------------------------------    -------------------
                         (clock clk rise edge)        0.000     0.000 r  
    E4                                                0.000     0.000 r  clk (IN)
                         net (fo=0)                   0.000     0.000    clk_IBUF_inst/I
    E4                   INBUF (Prop_INBUF_HDIOB_M_PAD_O)
                                                      1.040     1.040 r  clk_IBUF_inst/INBUF_INST/O
                         net (fo=1, routed)           0.000     1.040    clk_IBUF_inst/OUT
    E4                   IBUFCTRL (Prop_IBUFCTRL_HDIOB_M_I_O)
                                                      0.000     1.040 r  clk_IBUF_inst/IBUFCTRL_INST/O
                         net (fo=1, routed)           0.204     1.244    clk_IBUF
    BUFGCE_HDIO_X2Y2     BUFGCE (Prop_BUFCE_BUFGCE_HDIO_I_O)
                                                      0.028     1.272 r  clk_IBUF_BUFG_inst/O
    X1Y3 (CLOCK_ROOT)    net (fo=26562, routed)       2.476     3.749    u_accel/u_pool/clk
    SLICE_X69Y140        FDRE                                         r  u_accel/u_pool/issue_w_reg[1]_rep__25/C
  -------------------------------------------------------------------    -------------------
    SLICE_X69Y140        FDRE (Prop_EFF2_SLICEL_C_Q)
                                                      0.081     3.830 f  u_accel/u_pool/issue_w_reg[1]_rep__25/Q
                         net (fo=1, routed)           0.139     3.969    u_accel/u_pool/issue_w_reg[1]_rep__25_n_0
    SLICE_X69Y140        LUT2 (Prop_E6LUT_SLICEL_I0_O)
                                                      0.051     4.020 r  u_accel/u_pool/q_mul_a[6][31]_i_66/O
                         net (fo=158, routed)         0.487     4.507    u_accel/u_pool/q_mul_a[6][31]_i_66_n_0
    SLICE_X72Y129        LUT4 (Prop_E6LUT_SLICEL_I0_O)
                                                      0.099     4.606 f  u_accel/u_pool/q_mul_a[6][31]_i_85/O
                         net (fo=1, routed)           0.143     4.749    u_accel/u_pool/q_mul_a[6][31]_i_85_n_0
    SLICE_X73Y130        LUT6 (Prop_H6LUT_SLICEM_I5_O)
                                                      0.101     4.850 r  u_accel/u_pool/q_mul_a[6][31]_i_51/O
                         net (fo=2, routed)           0.304     5.154    u_accel/u_pool/q_mul_a[6][31]_i_51_n_0
    SLICE_X75Y134        LUT6 (Prop_D6LUT_SLICEL_I0_O)
                                                      0.089     5.243 r  u_accel/u_pool/q_mul_a[6][31]_i_25/O
                         net (fo=1, routed)           0.009     5.252    u_accel/u_pool/q_mul_a[6][31]_i_25_n_0
    SLICE_X75Y134        MUXF7 (Prop_F7MUX_CD_SLICEL_I0_O)
                                                      0.063     5.315 r  u_accel/u_pool/q_mul_a_reg[6][31]_i_12/O
                         net (fo=1, routed)           0.313     5.628    u_accel/u_pool/q_mul_a_reg[6][31]_i_12_n_0
    SLICE_X74Y150        LUT6 (Prop_H6LUT_SLICEM_I4_O)
                                                      0.152     5.780 f  u_accel/u_pool/q_mul_a[6][31]_i_5/O
                         net (fo=33, routed)          0.557     6.337    u_accel/u_pool/q_mul_a[6][31]_i_5_n_0
    SLICE_X72Y173        LUT4 (Prop_A6LUT_SLICEL_I1_O)
                                                      0.124     6.461 r  u_accel/u_pool/q_mul_a[6][1]_i_2/O
                         net (fo=1, routed)           0.041     6.502    u_accel/u_pool/q_mul_a[6][1]_i_2_n_0
    SLICE_X72Y173        LUT6 (Prop_B6LUT_SLICEL_I4_O)
                                                      0.090     6.592 r  u_accel/u_pool/q_mul_a[6][1]_i_1/O
                         net (fo=15, routed)          0.566     7.158    u_accel/u_pool/rv1[6][1]
    SLICE_X74Y193        LUT4 (Prop_A6LUT_SLICEM_I3_O)
                                                      0.125     7.283 r  u_accel/u_pool/stk_mask[3][1][6]_i_132/O
                         net (fo=1, routed)           0.013     7.296    u_accel/u_pool/stk_mask[3][1][6]_i_132_n_0
    SLICE_X74Y193        CARRY8 (Prop_CARRY8_SLICEM_S[0]_CO[7])
                                                      0.192     7.488 r  u_accel/u_pool/stk_mask_reg[3][1][6]_i_52/CO[7]
                         net (fo=1, routed)           0.026     7.514    u_accel/u_pool/stk_mask_reg[3][1][6]_i_52_n_0
    SLICE_X74Y194        CARRY8 (Prop_CARRY8_SLICEM_CI_CO[7])
                                                      0.022     7.536 r  u_accel/u_pool/stk_mask_reg[3][1][6]_i_9/CO[7]
                         net (fo=1, routed)           0.772     8.308    u_accel/u_pool/data4__0
    SLICE_X62Y201        LUT6 (Prop_B6LUT_SLICEL_I5_O)
                                                      0.098     8.406 f  u_accel/u_pool/stk_mask[3][1][6]_i_4/O
                         net (fo=1, routed)           0.500     8.906    u_accel/u_pool/stk_mask[3][1][6]_i_4_n_0
    SLICE_X59Y207        LUT6 (Prop_H6LUT_SLICEL_I0_O)
                                                      0.090     8.996 r  u_accel/u_pool/stk_mask[3][1][6]_i_3/O
                         net (fo=2, routed)           0.774     9.770    u_accel/u_pool/stk_mask[3][1][6]_i_3_n_0
    SLICE_X56Y276        LUT2 (Prop_E5LUT_SLICEM_I1_O)
                                                      0.102     9.872 f  u_accel/u_pool/stk_mask[3][1][6]_i_2/O
                         net (fo=33, routed)          0.387    10.259    u_accel/u_pool/taken_mask[6]
    SLICE_X55Y286        LUT6 (Prop_E6LUT_SLICEL_I5_O)
                                                      0.051    10.310 r  u_accel/u_pool/stk_npc[3][1][31]_i_24/O
                         net (fo=59, routed)          0.608    10.918    u_accel/u_pool/stk_npc[3][1][31]_i_24_n_0
    SLICE_X51Y319        LUT6 (Prop_C6LUT_SLICEL_I4_O)
                                                      0.088    11.006 f  u_accel/u_pool/stk_npc[3][1][31]_i_17/O
                         net (fo=25, routed)          0.474    11.480    u_accel/u_pool/stk_npc[3][1][31]_i_17_n_0
    SLICE_X58Y316        LUT6 (Prop_H6LUT_SLICEL_I0_O)
                                                      0.150    11.630 r  u_accel/u_pool/stk_npc[2][6][31]_i_11/O
                         net (fo=1, routed)           0.303    11.933    u_accel/u_pool/stk_npc[2][6][31]_i_11_n_0
    SLICE_X58Y332        LUT6 (Prop_F6LUT_SLICEL_I2_O)
                                                      0.049    11.982 r  u_accel/u_pool/stk_npc[2][6][31]_i_6/O
                         net (fo=1, routed)           0.040    12.022    u_accel/u_pool/stk_npc[2][6][31]_i_6_n_0
    SLICE_X58Y332        LUT5 (Prop_E6LUT_SLICEL_I4_O)
                                                      0.090    12.112 f  u_accel/u_pool/stk_npc[2][6][31]_i_3/O
                         net (fo=1, routed)           0.229    12.341    u_accel/u_pool/stk_npc[2][6][31]_i_3_n_0
    SLICE_X60Y333        LUT6 (Prop_F6LUT_SLICEL_I1_O)
                                                      0.035    12.376 r  u_accel/u_pool/stk_npc[2][6][31]_i_1/O
                         net (fo=32, routed)          0.545    12.921    u_accel/u_pool/stk_npc[2][6][31]_i_1_n_0
    SLICE_X64Y339        FDRE                                         r  u_accel/u_pool/stk_npc_reg[2][6][20]/CE
  -------------------------------------------------------------------    -------------------

                         (clock clk rise edge)       10.000    10.000 r  
    E4                                                0.000    10.000 r  clk (IN)
                         net (fo=0)                   0.000    10.000    clk_IBUF_inst/I
    E4                   INBUF (Prop_INBUF_HDIOB_M_PAD_O)
                                                      0.533    10.533 r  clk_IBUF_inst/INBUF_INST/O
                         net (fo=1, routed)           0.000    10.533    clk_IBUF_inst/OUT
    E4                   IBUFCTRL (Prop_IBUFCTRL_HDIOB_M_I_O)
                                                      0.000    10.533 r  clk_IBUF_inst/IBUFCTRL_INST/O
                         net (fo=1, routed)           0.169    10.702    clk_IBUF
    BUFGCE_HDIO_X2Y2     BUFGCE (Prop_BUFCE_BUFGCE_HDIO_I_O)
                                                      0.024    10.726 r  clk_IBUF_BUFG_inst/O
    X1Y3 (CLOCK_ROOT)    net (fo=26562, routed)       2.142    12.868    u_accel/u_pool/clk
    SLICE_X64Y339        FDRE                                         r  u_accel/u_pool/stk_npc_reg[2][6][20]/C
                         clock pessimism              0.668    13.536    
                         clock uncertainty           -0.035    13.501    
    SLICE_X64Y339        FDRE (Setup_DFF_SLICEM_C_CE)
                                                     -0.061    13.440    u_accel/u_pool/stk_npc_reg[2][6][20]
  -------------------------------------------------------------------
                         required time                         13.440    
                         arrival time                         -12.921    
  -------------------------------------------------------------------
                         slack                                  0.519    

Slack (MET) :             0.520ns  (required time - arrival time)
  Source:                 u_accel/u_pool/issue_w_reg[1]_rep__25/C
                            (rising edge-triggered cell FDRE clocked by clk  {rise@0.000ns fall@5.000ns period=10.000ns})
  Destination:            u_accel/u_pool/stk_npc_reg[2][6][21]/CE
                            (rising edge-triggered cell FDRE clocked by clk  {rise@0.000ns fall@5.000ns period=10.000ns})
  Path Group:             clk
  Path Type:              Setup (Max at Slow Process Corner)
  Requirement:            10.000ns  (clk rise@10.000ns - clk rise@0.000ns)
  Data Path Delay:        9.172ns  (logic 1.942ns (21.172%)  route 7.230ns (78.828%))
  Logic Levels:           20  (CARRY8=2 LUT2=2 LUT4=3 LUT5=1 LUT6=11 MUXF7=1)
  Clock Path Skew:        -0.212ns (DCD - SCD + CPR)
    Destination Clock Delay (DCD):    2.868ns = ( 12.868 - 10.000 ) 
    Source Clock Delay      (SCD):    3.749ns
    Clock Pessimism Removal (CPR):    0.668ns
  Clock Uncertainty:      0.035ns  ((TSJ^2 + TIJ^2)^1/2 + DJ) / 2 + PE
    Total System Jitter     (TSJ):    0.071ns
    Total Input Jitter      (TIJ):    0.000ns
    Discrete Jitter          (DJ):    0.000ns
    Phase Error              (PE):    0.000ns
  Clock Net Delay (Source):      2.476ns (routing 1.343ns, distribution 1.133ns)
  Clock Net Delay (Destination): 2.142ns (routing 1.221ns, distribution 0.921ns)

    Location             Delay type                Incr(ns)  Path(ns)    Netlist Resource(s)
  -------------------------------------------------------------------    -------------------
                         (clock clk rise edge)        0.000     0.000 r  
    E4                                                0.000     0.000 r  clk (IN)
                         net (fo=0)                   0.000     0.000    clk_IBUF_inst/I
    E4                   INBUF (Prop_INBUF_HDIOB_M_PAD_O)
                                                      1.040     1.040 r  clk_IBUF_inst/INBUF_INST/O
                         net (fo=1, routed)           0.000     1.040    clk_IBUF_inst/OUT
    E4                   IBUFCTRL (Prop_IBUFCTRL_HDIOB_M_I_O)
                                                      0.000     1.040 r  clk_IBUF_inst/IBUFCTRL_INST/O
                         net (fo=1, routed)           0.204     1.244    clk_IBUF
    BUFGCE_HDIO_X2Y2     BUFGCE (Prop_BUFCE_BUFGCE_HDIO_I_O)
                                                      0.028     1.272 r  clk_IBUF_BUFG_inst/O
    X1Y3 (CLOCK_ROOT)    net (fo=26562, routed)       2.476     3.749    u_accel/u_pool/clk
    SLICE_X69Y140        FDRE                                         r  u_accel/u_pool/issue_w_reg[1]_rep__25/C
  -------------------------------------------------------------------    -------------------
    SLICE_X69Y140        FDRE (Prop_EFF2_SLICEL_C_Q)
                                                      0.081     3.830 f  u_accel/u_pool/issue_w_reg[1]_rep__25/Q
                         net (fo=1, routed)           0.139     3.969    u_accel/u_pool/issue_w_reg[1]_rep__25_n_0
    SLICE_X69Y140        LUT2 (Prop_E6LUT_SLICEL_I0_O)
                                                      0.051     4.020 r  u_accel/u_pool/q_mul_a[6][31]_i_66/O
                         net (fo=158, routed)         0.487     4.507    u_accel/u_pool/q_mul_a[6][31]_i_66_n_0
    SLICE_X72Y129        LUT4 (Prop_E6LUT_SLICEL_I0_O)
                                                      0.099     4.606 f  u_accel/u_pool/q_mul_a[6][31]_i_85/O
                         net (fo=1, routed)           0.143     4.749    u_accel/u_pool/q_mul_a[6][31]_i_85_n_0
    SLICE_X73Y130        LUT6 (Prop_H6LUT_SLICEM_I5_O)
                                                      0.101     4.850 r  u_accel/u_pool/q_mul_a[6][31]_i_51/O
                         net (fo=2, routed)           0.304     5.154    u_accel/u_pool/q_mul_a[6][31]_i_51_n_0
    SLICE_X75Y134        LUT6 (Prop_D6LUT_SLICEL_I0_O)
                                                      0.089     5.243 r  u_accel/u_pool/q_mul_a[6][31]_i_25/O
                         net (fo=1, routed)           0.009     5.252    u_accel/u_pool/q_mul_a[6][31]_i_25_n_0
    SLICE_X75Y134        MUXF7 (Prop_F7MUX_CD_SLICEL_I0_O)
                                                      0.063     5.315 r  u_accel/u_pool/q_mul_a_reg[6][31]_i_12/O
                         net (fo=1, routed)           0.313     5.628    u_accel/u_pool/q_mul_a_reg[6][31]_i_12_n_0
    SLICE_X74Y150        LUT6 (Prop_H6LUT_SLICEM_I4_O)
                                                      0.152     5.780 f  u_accel/u_pool/q_mul_a[6][31]_i_5/O
                         net (fo=33, routed)          0.557     6.337    u_accel/u_pool/q_mul_a[6][31]_i_5_n_0
    SLICE_X72Y173        LUT4 (Prop_A6LUT_SLICEL_I1_O)
                                                      0.124     6.461 r  u_accel/u_pool/q_mul_a[6][1]_i_2/O
                         net (fo=1, routed)           0.041     6.502    u_accel/u_pool/q_mul_a[6][1]_i_2_n_0
    SLICE_X72Y173        LUT6 (Prop_B6LUT_SLICEL_I4_O)
                                                      0.090     6.592 r  u_accel/u_pool/q_mul_a[6][1]_i_1/O
                         net (fo=15, routed)          0.566     7.158    u_accel/u_pool/rv1[6][1]
    SLICE_X74Y193        LUT4 (Prop_A6LUT_SLICEM_I3_O)
                                                      0.125     7.283 r  u_accel/u_pool/stk_mask[3][1][6]_i_132/O
                         net (fo=1, routed)           0.013     7.296    u_accel/u_pool/stk_mask[3][1][6]_i_132_n_0
    SLICE_X74Y193        CARRY8 (Prop_CARRY8_SLICEM_S[0]_CO[7])
                                                      0.192     7.488 r  u_accel/u_pool/stk_mask_reg[3][1][6]_i_52/CO[7]
                         net (fo=1, routed)           0.026     7.514    u_accel/u_pool/stk_mask_reg[3][1][6]_i_52_n_0
    SLICE_X74Y194        CARRY8 (Prop_CARRY8_SLICEM_CI_CO[7])
                                                      0.022     7.536 r  u_accel/u_pool/stk_mask_reg[3][1][6]_i_9/CO[7]
                         net (fo=1, routed)           0.772     8.308    u_accel/u_pool/data4__0
    SLICE_X62Y201        LUT6 (Prop_B6LUT_SLICEL_I5_O)
                                                      0.098     8.406 f  u_accel/u_pool/stk_mask[3][1][6]_i_4/O
                         net (fo=1, routed)           0.500     8.906    u_accel/u_pool/stk_mask[3][1][6]_i_4_n_0
    SLICE_X59Y207        LUT6 (Prop_H6LUT_SLICEL_I0_O)
                                                      0.090     8.996 r  u_accel/u_pool/stk_mask[3][1][6]_i_3/O
                         net (fo=2, routed)           0.774     9.770    u_accel/u_pool/stk_mask[3][1][6]_i_3_n_0
    SLICE_X56Y276        LUT2 (Prop_E5LUT_SLICEM_I1_O)
                                                      0.102     9.872 f  u_accel/u_pool/stk_mask[3][1][6]_i_2/O
                         net (fo=33, routed)          0.387    10.259    u_accel/u_pool/taken_mask[6]
    SLICE_X55Y286        LUT6 (Prop_E6LUT_SLICEL_I5_O)
                                                      0.051    10.310 r  u_accel/u_pool/stk_npc[3][1][31]_i_24/O
                         net (fo=59, routed)          0.608    10.918    u_accel/u_pool/stk_npc[3][1][31]_i_24_n_0
    SLICE_X51Y319        LUT6 (Prop_C6LUT_SLICEL_I4_O)
                                                      0.088    11.006 f  u_accel/u_pool/stk_npc[3][1][31]_i_17/O
                         net (fo=25, routed)          0.474    11.480    u_accel/u_pool/stk_npc[3][1][31]_i_17_n_0
    SLICE_X58Y316        LUT6 (Prop_H6LUT_SLICEL_I0_O)
                                                      0.150    11.630 r  u_accel/u_pool/stk_npc[2][6][31]_i_11/O
                         net (fo=1, routed)           0.303    11.933    u_accel/u_pool/stk_npc[2][6][31]_i_11_n_0
    SLICE_X58Y332        LUT6 (Prop_F6LUT_SLICEL_I2_O)
                                                      0.049    11.982 r  u_accel/u_pool/stk_npc[2][6][31]_i_6/O
                         net (fo=1, routed)           0.040    12.022    u_accel/u_pool/stk_npc[2][6][31]_i_6_n_0
    SLICE_X58Y332        LUT5 (Prop_E6LUT_SLICEL_I4_O)
                                                      0.090    12.112 f  u_accel/u_pool/stk_npc[2][6][31]_i_3/O
                         net (fo=1, routed)           0.229    12.341    u_accel/u_pool/stk_npc[2][6][31]_i_3_n_0
    SLICE_X60Y333        LUT6 (Prop_F6LUT_SLICEL_I1_O)
                                                      0.035    12.376 r  u_accel/u_pool/stk_npc[2][6][31]_i_1/O
                         net (fo=32, routed)          0.545    12.921    u_accel/u_pool/stk_npc[2][6][31]_i_1_n_0
    SLICE_X64Y339        FDRE                                         r  u_accel/u_pool/stk_npc_reg[2][6][21]/CE
  -------------------------------------------------------------------    -------------------

                         (clock clk rise edge)       10.000    10.000 r  
    E4                                                0.000    10.000 r  clk (IN)
                         net (fo=0)                   0.000    10.000    clk_IBUF_inst/I
    E4                   INBUF (Prop_INBUF_HDIOB_M_PAD_O)
                                                      0.533    10.533 r  clk_IBUF_inst/INBUF_INST/O
                         net (fo=1, routed)           0.000    10.533    clk_IBUF_inst/OUT
    E4                   IBUFCTRL (Prop_IBUFCTRL_HDIOB_M_I_O)
                                                      0.000    10.533 r  clk_IBUF_inst/IBUFCTRL_INST/O
                         net (fo=1, routed)           0.169    10.702    clk_IBUF
    BUFGCE_HDIO_X2Y2     BUFGCE (Prop_BUFCE_BUFGCE_HDIO_I_O)
                                                      0.024    10.726 r  clk_IBUF_BUFG_inst/O
    X1Y3 (CLOCK_ROOT)    net (fo=26562, routed)       2.142    12.868    u_accel/u_pool/clk
    SLICE_X64Y339        FDRE                                         r  u_accel/u_pool/stk_npc_reg[2][6][21]/C
                         clock pessimism              0.668    13.536    
                         clock uncertainty           -0.035    13.501    
    SLICE_X64Y339        FDRE (Setup_DFF2_SLICEM_C_CE)
                                                     -0.060    13.441    u_accel/u_pool/stk_npc_reg[2][6][21]
  -------------------------------------------------------------------
                         required time                         13.441    
                         arrival time                         -12.921    
  -------------------------------------------------------------------
                         slack                                  0.520    

Slack (MET) :             0.535ns  (required time - arrival time)
  Source:                 u_accel/u_pool/issue_w_reg[1]_rep__25/C
                            (rising edge-triggered cell FDRE clocked by clk  {rise@0.000ns fall@5.000ns period=10.000ns})
  Destination:            u_accel/u_pool/stk_npc_reg[2][6][1]/D
                            (rising edge-triggered cell FDRE clocked by clk  {rise@0.000ns fall@5.000ns period=10.000ns})
  Path Group:             clk
  Path Type:              Setup (Max at Slow Process Corner)
  Requirement:            10.000ns  (clk rise@10.000ns - clk rise@0.000ns)
  Data Path Delay:        9.245ns  (logic 2.000ns (21.634%)  route 7.245ns (78.366%))
  Logic Levels:           21  (CARRY8=2 LUT2=2 LUT3=1 LUT4=3 LUT5=1 LUT6=11 MUXF7=1)
  Clock Path Skew:        -0.210ns (DCD - SCD + CPR)
    Destination Clock Delay (DCD):    2.871ns = ( 12.871 - 10.000 ) 
    Source Clock Delay      (SCD):    3.749ns
    Clock Pessimism Removal (CPR):    0.668ns
  Clock Uncertainty:      0.035ns  ((TSJ^2 + TIJ^2)^1/2 + DJ) / 2 + PE
    Total System Jitter     (TSJ):    0.071ns
    Total Input Jitter      (TIJ):    0.000ns
    Discrete Jitter          (DJ):    0.000ns
    Phase Error              (PE):    0.000ns
  Clock Net Delay (Source):      2.476ns (routing 1.343ns, distribution 1.133ns)
  Clock Net Delay (Destination): 2.145ns (routing 1.221ns, distribution 0.924ns)

    Location             Delay type                Incr(ns)  Path(ns)    Netlist Resource(s)
  -------------------------------------------------------------------    -------------------
                         (clock clk rise edge)        0.000     0.000 r  
    E4                                                0.000     0.000 r  clk (IN)
                         net (fo=0)                   0.000     0.000    clk_IBUF_inst/I
    E4                   INBUF (Prop_INBUF_HDIOB_M_PAD_O)
                                                      1.040     1.040 r  clk_IBUF_inst/INBUF_INST/O
                         net (fo=1, routed)           0.000     1.040    clk_IBUF_inst/OUT
    E4                   IBUFCTRL (Prop_IBUFCTRL_HDIOB_M_I_O)
                                                      0.000     1.040 r  clk_IBUF_inst/IBUFCTRL_INST/O
                         net (fo=1, routed)           0.204     1.244    clk_IBUF
    BUFGCE_HDIO_X2Y2     BUFGCE (Prop_BUFCE_BUFGCE_HDIO_I_O)
                                                      0.028     1.272 r  clk_IBUF_BUFG_inst/O
    X1Y3 (CLOCK_ROOT)    net (fo=26562, routed)       2.476     3.749    u_accel/u_pool/clk
    SLICE_X69Y140        FDRE                                         r  u_accel/u_pool/issue_w_reg[1]_rep__25/C
  -------------------------------------------------------------------    -------------------
    SLICE_X69Y140        FDRE (Prop_EFF2_SLICEL_C_Q)
                                                      0.081     3.830 f  u_accel/u_pool/issue_w_reg[1]_rep__25/Q
                         net (fo=1, routed)           0.139     3.969    u_accel/u_pool/issue_w_reg[1]_rep__25_n_0
    SLICE_X69Y140        LUT2 (Prop_E6LUT_SLICEL_I0_O)
                                                      0.051     4.020 r  u_accel/u_pool/q_mul_a[6][31]_i_66/O
                         net (fo=158, routed)         0.487     4.507    u_accel/u_pool/q_mul_a[6][31]_i_66_n_0
    SLICE_X72Y129        LUT4 (Prop_E6LUT_SLICEL_I0_O)
                                                      0.099     4.606 f  u_accel/u_pool/q_mul_a[6][31]_i_85/O
                         net (fo=1, routed)           0.143     4.749    u_accel/u_pool/q_mul_a[6][31]_i_85_n_0
    SLICE_X73Y130        LUT6 (Prop_H6LUT_SLICEM_I5_O)
                                                      0.101     4.850 r  u_accel/u_pool/q_mul_a[6][31]_i_51/O
                         net (fo=2, routed)           0.304     5.154    u_accel/u_pool/q_mul_a[6][31]_i_51_n_0
    SLICE_X75Y134        LUT6 (Prop_D6LUT_SLICEL_I0_O)
                                                      0.089     5.243 r  u_accel/u_pool/q_mul_a[6][31]_i_25/O
                         net (fo=1, routed)           0.009     5.252    u_accel/u_pool/q_mul_a[6][31]_i_25_n_0
    SLICE_X75Y134        MUXF7 (Prop_F7MUX_CD_SLICEL_I0_O)
                                                      0.063     5.315 r  u_accel/u_pool/q_mul_a_reg[6][31]_i_12/O
                         net (fo=1, routed)           0.313     5.628    u_accel/u_pool/q_mul_a_reg[6][31]_i_12_n_0
    SLICE_X74Y150        LUT6 (Prop_H6LUT_SLICEM_I4_O)
                                                      0.152     5.780 f  u_accel/u_pool/q_mul_a[6][31]_i_5/O
                         net (fo=33, routed)          0.557     6.337    u_accel/u_pool/q_mul_a[6][31]_i_5_n_0
    SLICE_X72Y173        LUT4 (Prop_A6LUT_SLICEL_I1_O)
                                                      0.124     6.461 r  u_accel/u_pool/q_mul_a[6][1]_i_2/O
                         net (fo=1, routed)           0.041     6.502    u_accel/u_pool/q_mul_a[6][1]_i_2_n_0
    SLICE_X72Y173        LUT6 (Prop_B6LUT_SLICEL_I4_O)
                                                      0.090     6.592 r  u_accel/u_pool/q_mul_a[6][1]_i_1/O
                         net (fo=15, routed)          0.566     7.158    u_accel/u_pool/rv1[6][1]
    SLICE_X74Y193        LUT4 (Prop_A6LUT_SLICEM_I3_O)
                                                      0.125     7.283 r  u_accel/u_pool/stk_mask[3][1][6]_i_132/O
                         net (fo=1, routed)           0.013     7.296    u_accel/u_pool/stk_mask[3][1][6]_i_132_n_0
    SLICE_X74Y193        CARRY8 (Prop_CARRY8_SLICEM_S[0]_CO[7])
                                                      0.192     7.488 r  u_accel/u_pool/stk_mask_reg[3][1][6]_i_52/CO[7]
                         net (fo=1, routed)           0.026     7.514    u_accel/u_pool/stk_mask_reg[3][1][6]_i_52_n_0
    SLICE_X74Y194        CARRY8 (Prop_CARRY8_SLICEM_CI_CO[7])
                                                      0.022     7.536 r  u_accel/u_pool/stk_mask_reg[3][1][6]_i_9/CO[7]
                         net (fo=1, routed)           0.772     8.308    u_accel/u_pool/data4__0
    SLICE_X62Y201        LUT6 (Prop_B6LUT_SLICEL_I5_O)
                                                      0.098     8.406 r  u_accel/u_pool/stk_mask[3][1][6]_i_4/O
                         net (fo=1, routed)           0.500     8.906    u_accel/u_pool/stk_mask[3][1][6]_i_4_n_0
    SLICE_X59Y207        LUT6 (Prop_H6LUT_SLICEL_I0_O)
                                                      0.090     8.996 f  u_accel/u_pool/stk_mask[3][1][6]_i_3/O
                         net (fo=2, routed)           0.774     9.770    u_accel/u_pool/stk_mask[3][1][6]_i_3_n_0
    SLICE_X56Y276        LUT2 (Prop_E5LUT_SLICEM_I1_O)
                                                      0.102     9.872 r  u_accel/u_pool/stk_mask[3][1][6]_i_2/O
                         net (fo=33, routed)          0.387    10.259    u_accel/u_pool/taken_mask[6]
    SLICE_X55Y286        LUT6 (Prop_E6LUT_SLICEL_I5_O)
                                                      0.051    10.310 f  u_accel/u_pool/stk_npc[3][1][31]_i_24/O
                         net (fo=59, routed)          0.780    11.090    u_accel/u_pool/stk_npc[3][1][31]_i_24_n_0
    SLICE_X58Y330        LUT6 (Prop_B6LUT_SLICEL_I1_O)
                                                      0.051    11.141 r  u_accel/u_pool/stk_npc[2][6][31]_i_21/O
                         net (fo=31, routed)          0.892    12.033    u_accel/u_pool/stk_npc[2][6][31]_i_21_n_0
    SLICE_X66Y341        LUT6 (Prop_B6LUT_SLICEL_I2_O)
                                                      0.051    12.084 f  u_accel/u_pool/stk_npc[2][6][1]_i_5/O
                         net (fo=1, routed)           0.088    12.172    u_accel/u_pool/stk_npc[2][6][1]_i_5_n_0
    SLICE_X66Y341        LUT6 (Prop_C6LUT_SLICEL_I2_O)
                                                      0.096    12.268 f  u_accel/u_pool/stk_npc[2][6][1]_i_4/O
                         net (fo=1, routed)           0.043    12.311    u_accel/u_pool/stk_npc[2][6][1]_i_4_n_0
    SLICE_X66Y341        LUT5 (Prop_A6LUT_SLICEL_I4_O)
                                                      0.090    12.401 r  u_accel/u_pool/stk_npc[2][6][1]_i_3/O
                         net (fo=1, routed)           0.040    12.441    u_accel/u_pool/stk_npc[2][6][1]_i_3_n_0
    SLICE_X66Y341        LUT6 (Prop_D6LUT_SLICEL_I5_O)
                                                      0.036    12.477 r  u_accel/u_pool/stk_npc[2][6][1]_i_2/O
                         net (fo=1, routed)           0.321    12.798    u_accel/u_pool/stk_npc[2][6][1]_i_2_n_0
    SLICE_X65Y341        LUT3 (Prop_D6LUT_SLICEL_I0_O)
                                                      0.146    12.944 r  u_accel/u_pool/stk_npc[2][6][1]_i_1/O
                         net (fo=1, routed)           0.049    12.993    u_accel/u_pool/stk_npc[2][6][1]_i_1_n_0
    SLICE_X65Y341        FDRE                                         r  u_accel/u_pool/stk_npc_reg[2][6][1]/D
  -------------------------------------------------------------------    -------------------

                         (clock clk rise edge)       10.000    10.000 r  
    E4                                                0.000    10.000 r  clk (IN)
                         net (fo=0)                   0.000    10.000    clk_IBUF_inst/I
    E4                   INBUF (Prop_INBUF_HDIOB_M_PAD_O)
                                                      0.533    10.533 r  clk_IBUF_inst/INBUF_INST/O
                         net (fo=1, routed)           0.000    10.533    clk_IBUF_inst/OUT
    E4                   IBUFCTRL (Prop_IBUFCTRL_HDIOB_M_I_O)
                                                      0.000    10.533 r  clk_IBUF_inst/IBUFCTRL_INST/O
                         net (fo=1, routed)           0.169    10.702    clk_IBUF
    BUFGCE_HDIO_X2Y2     BUFGCE (Prop_BUFCE_BUFGCE_HDIO_I_O)
                                                      0.024    10.726 r  clk_IBUF_BUFG_inst/O
    X1Y3 (CLOCK_ROOT)    net (fo=26562, routed)       2.145    12.871    u_accel/u_pool/clk
    SLICE_X65Y341        FDRE                                         r  u_accel/u_pool/stk_npc_reg[2][6][1]/C
                         clock pessimism              0.668    13.539    
                         clock uncertainty           -0.035    13.504    
    SLICE_X65Y341        FDRE (Setup_DFF_SLICEL_C_D)
                                                      0.025    13.529    u_accel/u_pool/stk_npc_reg[2][6][1]
  -------------------------------------------------------------------
                         required time                         13.529    
                         arrival time                         -12.993    
  -------------------------------------------------------------------
                         slack                                  0.535    

Slack (MET) :             0.549ns  (required time - arrival time)
  Source:                 u_accel/u_pool/issue_w_reg[1]_rep__25/C
                            (rising edge-triggered cell FDRE clocked by clk  {rise@0.000ns fall@5.000ns period=10.000ns})
  Destination:            u_accel/u_pool/stk_npc_reg[2][4][19]/CE
                            (rising edge-triggered cell FDRE clocked by clk  {rise@0.000ns fall@5.000ns period=10.000ns})
  Path Group:             clk
  Path Type:              Setup (Max at Slow Process Corner)
  Requirement:            10.000ns  (clk rise@10.000ns - clk rise@0.000ns)
  Data Path Delay:        9.133ns  (logic 1.901ns (20.816%)  route 7.232ns (79.184%))
  Logic Levels:           20  (CARRY8=2 LUT2=2 LUT4=3 LUT5=2 LUT6=10 MUXF7=1)
  Clock Path Skew:        -0.222ns (DCD - SCD + CPR)
    Destination Clock Delay (DCD):    2.858ns = ( 12.858 - 10.000 ) 
    Source Clock Delay      (SCD):    3.749ns
    Clock Pessimism Removal (CPR):    0.668ns
  Clock Uncertainty:      0.035ns  ((TSJ^2 + TIJ^2)^1/2 + DJ) / 2 + PE
    Total System Jitter     (TSJ):    0.071ns
    Total Input Jitter      (TIJ):    0.000ns
    Discrete Jitter          (DJ):    0.000ns
    Phase Error              (PE):    0.000ns
  Clock Net Delay (Source):      2.476ns (routing 1.343ns, distribution 1.133ns)
  Clock Net Delay (Destination): 2.132ns (routing 1.221ns, distribution 0.911ns)

    Location             Delay type                Incr(ns)  Path(ns)    Netlist Resource(s)
  -------------------------------------------------------------------    -------------------
                         (clock clk rise edge)        0.000     0.000 r  
    E4                                                0.000     0.000 r  clk (IN)
                         net (fo=0)                   0.000     0.000    clk_IBUF_inst/I
    E4                   INBUF (Prop_INBUF_HDIOB_M_PAD_O)
                                                      1.040     1.040 r  clk_IBUF_inst/INBUF_INST/O
                         net (fo=1, routed)           0.000     1.040    clk_IBUF_inst/OUT
    E4                   IBUFCTRL (Prop_IBUFCTRL_HDIOB_M_I_O)
                                                      0.000     1.040 r  clk_IBUF_inst/IBUFCTRL_INST/O
                         net (fo=1, routed)           0.204     1.244    clk_IBUF
    BUFGCE_HDIO_X2Y2     BUFGCE (Prop_BUFCE_BUFGCE_HDIO_I_O)
                                                      0.028     1.272 r  clk_IBUF_BUFG_inst/O
    X1Y3 (CLOCK_ROOT)    net (fo=26562, routed)       2.476     3.749    u_accel/u_pool/clk
    SLICE_X69Y140        FDRE                                         r  u_accel/u_pool/issue_w_reg[1]_rep__25/C
  -------------------------------------------------------------------    -------------------
    SLICE_X69Y140        FDRE (Prop_EFF2_SLICEL_C_Q)
                                                      0.081     3.830 f  u_accel/u_pool/issue_w_reg[1]_rep__25/Q
                         net (fo=1, routed)           0.139     3.969    u_accel/u_pool/issue_w_reg[1]_rep__25_n_0
    SLICE_X69Y140        LUT2 (Prop_E6LUT_SLICEL_I0_O)
                                                      0.051     4.020 r  u_accel/u_pool/q_mul_a[6][31]_i_66/O
                         net (fo=158, routed)         0.487     4.507    u_accel/u_pool/q_mul_a[6][31]_i_66_n_0
    SLICE_X72Y129        LUT4 (Prop_E6LUT_SLICEL_I0_O)
                                                      0.099     4.606 f  u_accel/u_pool/q_mul_a[6][31]_i_85/O
                         net (fo=1, routed)           0.143     4.749    u_accel/u_pool/q_mul_a[6][31]_i_85_n_0
    SLICE_X73Y130        LUT6 (Prop_H6LUT_SLICEM_I5_O)
                                                      0.101     4.850 r  u_accel/u_pool/q_mul_a[6][31]_i_51/O
                         net (fo=2, routed)           0.304     5.154    u_accel/u_pool/q_mul_a[6][31]_i_51_n_0
    SLICE_X75Y134        LUT6 (Prop_D6LUT_SLICEL_I0_O)
                                                      0.089     5.243 r  u_accel/u_pool/q_mul_a[6][31]_i_25/O
                         net (fo=1, routed)           0.009     5.252    u_accel/u_pool/q_mul_a[6][31]_i_25_n_0
    SLICE_X75Y134        MUXF7 (Prop_F7MUX_CD_SLICEL_I0_O)
                                                      0.063     5.315 r  u_accel/u_pool/q_mul_a_reg[6][31]_i_12/O
                         net (fo=1, routed)           0.313     5.628    u_accel/u_pool/q_mul_a_reg[6][31]_i_12_n_0
    SLICE_X74Y150        LUT6 (Prop_H6LUT_SLICEM_I4_O)
                                                      0.152     5.780 f  u_accel/u_pool/q_mul_a[6][31]_i_5/O
                         net (fo=33, routed)          0.557     6.337    u_accel/u_pool/q_mul_a[6][31]_i_5_n_0
    SLICE_X72Y173        LUT4 (Prop_A6LUT_SLICEL_I1_O)
                                                      0.124     6.461 r  u_accel/u_pool/q_mul_a[6][1]_i_2/O
                         net (fo=1, routed)           0.041     6.502    u_accel/u_pool/q_mul_a[6][1]_i_2_n_0
    SLICE_X72Y173        LUT6 (Prop_B6LUT_SLICEL_I4_O)
                                                      0.090     6.592 r  u_accel/u_pool/q_mul_a[6][1]_i_1/O
                         net (fo=15, routed)          0.566     7.158    u_accel/u_pool/rv1[6][1]
    SLICE_X74Y193        LUT4 (Prop_A6LUT_SLICEM_I3_O)
                                                      0.125     7.283 r  u_accel/u_pool/stk_mask[3][1][6]_i_132/O
                         net (fo=1, routed)           0.013     7.296    u_accel/u_pool/stk_mask[3][1][6]_i_132_n_0
    SLICE_X74Y193        CARRY8 (Prop_CARRY8_SLICEM_S[0]_CO[7])
                                                      0.192     7.488 r  u_accel/u_pool/stk_mask_reg[3][1][6]_i_52/CO[7]
                         net (fo=1, routed)           0.026     7.514    u_accel/u_pool/stk_mask_reg[3][1][6]_i_52_n_0
    SLICE_X74Y194        CARRY8 (Prop_CARRY8_SLICEM_CI_CO[7])
                                                      0.022     7.536 r  u_accel/u_pool/stk_mask_reg[3][1][6]_i_9/CO[7]
                         net (fo=1, routed)           0.772     8.308    u_accel/u_pool/data4__0
    SLICE_X62Y201        LUT6 (Prop_B6LUT_SLICEL_I5_O)
                                                      0.098     8.406 f  u_accel/u_pool/stk_mask[3][1][6]_i_4/O
                         net (fo=1, routed)           0.500     8.906    u_accel/u_pool/stk_mask[3][1][6]_i_4_n_0
    SLICE_X59Y207        LUT6 (Prop_H6LUT_SLICEL_I0_O)
                                                      0.090     8.996 r  u_accel/u_pool/stk_mask[3][1][6]_i_3/O
                         net (fo=2, routed)           0.774     9.770    u_accel/u_pool/stk_mask[3][1][6]_i_3_n_0
    SLICE_X56Y276        LUT2 (Prop_E5LUT_SLICEM_I1_O)
                                                      0.102     9.872 f  u_accel/u_pool/stk_mask[3][1][6]_i_2/O
                         net (fo=33, routed)          0.387    10.259    u_accel/u_pool/taken_mask[6]
    SLICE_X55Y286        LUT6 (Prop_E6LUT_SLICEL_I5_O)
                                                      0.051    10.310 r  u_accel/u_pool/stk_npc[3][1][31]_i_24/O
                         net (fo=59, routed)          0.608    10.918    u_accel/u_pool/stk_npc[3][1][31]_i_24_n_0
    SLICE_X51Y319        LUT6 (Prop_C6LUT_SLICEL_I4_O)
                                                      0.088    11.006 f  u_accel/u_pool/stk_npc[3][1][31]_i_17/O
                         net (fo=25, routed)          0.524    11.530    u_accel/u_pool/stk_npc[3][1][31]_i_17_n_0
    SLICE_X56Y325        LUT5 (Prop_B6LUT_SLICEM_I0_O)
                                                      0.052    11.582 f  u_accel/u_pool/stk_npc[2][4][31]_i_12/O
                         net (fo=1, routed)           0.249    11.831    u_accel/u_pool/stk_npc[2][4][31]_i_12_n_0
    SLICE_X56Y333        LUT6 (Prop_B6LUT_SLICEM_I4_O)
                                                      0.125    11.956 r  u_accel/u_pool/stk_npc[2][4][31]_i_6/O
                         net (fo=1, routed)           0.046    12.002    u_accel/u_pool/stk_npc[2][4][31]_i_6_n_0
    SLICE_X56Y333        LUT5 (Prop_A6LUT_SLICEM_I4_O)
                                                      0.053    12.055 f  u_accel/u_pool/stk_npc[2][4][31]_i_3/O
                         net (fo=1, routed)           0.175    12.230    u_accel/u_pool/stk_npc[2][4][31]_i_3_n_0
    SLICE_X57Y333        LUT6 (Prop_H6LUT_SLICEM_I1_O)
                                                      0.053    12.283 r  u_accel/u_pool/stk_npc[2][4][31]_i_1/O
                         net (fo=32, routed)          0.598    12.881    u_accel/u_pool/stk_npc[2][4][31]_i_1_n_0
    SLICE_X64Y331        FDRE                                         r  u_accel/u_pool/stk_npc_reg[2][4][19]/CE
  -------------------------------------------------------------------    -------------------

                         (clock clk rise edge)       10.000    10.000 r  
    E4                                                0.000    10.000 r  clk (IN)
                         net (fo=0)                   0.000    10.000    clk_IBUF_inst/I
    E4                   INBUF (Prop_INBUF_HDIOB_M_PAD_O)
                                                      0.533    10.533 r  clk_IBUF_inst/INBUF_INST/O
                         net (fo=1, routed)           0.000    10.533    clk_IBUF_inst/OUT
    E4                   IBUFCTRL (Prop_IBUFCTRL_HDIOB_M_I_O)
                                                      0.000    10.533 r  clk_IBUF_inst/IBUFCTRL_INST/O
                         net (fo=1, routed)           0.169    10.702    clk_IBUF
    BUFGCE_HDIO_X2Y2     BUFGCE (Prop_BUFCE_BUFGCE_HDIO_I_O)
                                                      0.024    10.726 r  clk_IBUF_BUFG_inst/O
    X1Y3 (CLOCK_ROOT)    net (fo=26562, routed)       2.132    12.858    u_accel/u_pool/clk
    SLICE_X64Y331        FDRE                                         r  u_accel/u_pool/stk_npc_reg[2][4][19]/C
                         clock pessimism              0.668    13.526    
                         clock uncertainty           -0.035    13.491    
    SLICE_X64Y331        FDRE (Setup_DFF_SLICEM_C_CE)
                                                     -0.061    13.430    u_accel/u_pool/stk_npc_reg[2][4][19]
  -------------------------------------------------------------------
                         required time                         13.430    
                         arrival time                         -12.881    
  -------------------------------------------------------------------
                         slack                                  0.549    

Slack (MET) :             0.550ns  (required time - arrival time)
  Source:                 u_accel/u_pool/issue_w_reg[1]_rep__25/C
                            (rising edge-triggered cell FDRE clocked by clk  {rise@0.000ns fall@5.000ns period=10.000ns})
  Destination:            u_accel/u_pool/stk_npc_reg[2][4][20]/CE
                            (rising edge-triggered cell FDRE clocked by clk  {rise@0.000ns fall@5.000ns period=10.000ns})
  Path Group:             clk
  Path Type:              Setup (Max at Slow Process Corner)
  Requirement:            10.000ns  (clk rise@10.000ns - clk rise@0.000ns)
  Data Path Delay:        9.133ns  (logic 1.901ns (20.816%)  route 7.232ns (79.184%))
  Logic Levels:           20  (CARRY8=2 LUT2=2 LUT4=3 LUT5=2 LUT6=10 MUXF7=1)
  Clock Path Skew:        -0.222ns (DCD - SCD + CPR)
    Destination Clock Delay (DCD):    2.858ns = ( 12.858 - 10.000 ) 
    Source Clock Delay      (SCD):    3.749ns
    Clock Pessimism Removal (CPR):    0.668ns
  Clock Uncertainty:      0.035ns  ((TSJ^2 + TIJ^2)^1/2 + DJ) / 2 + PE
    Total System Jitter     (TSJ):    0.071ns
    Total Input Jitter      (TIJ):    0.000ns
    Discrete Jitter          (DJ):    0.000ns
    Phase Error              (PE):    0.000ns
  Clock Net Delay (Source):      2.476ns (routing 1.343ns, distribution 1.133ns)
  Clock Net Delay (Destination): 2.132ns (routing 1.221ns, distribution 0.911ns)

    Location             Delay type                Incr(ns)  Path(ns)    Netlist Resource(s)
  -------------------------------------------------------------------    -------------------
                         (clock clk rise edge)        0.000     0.000 r  
    E4                                                0.000     0.000 r  clk (IN)
                         net (fo=0)                   0.000     0.000    clk_IBUF_inst/I
    E4                   INBUF (Prop_INBUF_HDIOB_M_PAD_O)
                                                      1.040     1.040 r  clk_IBUF_inst/INBUF_INST/O
                         net (fo=1, routed)           0.000     1.040    clk_IBUF_inst/OUT
    E4                   IBUFCTRL (Prop_IBUFCTRL_HDIOB_M_I_O)
                                                      0.000     1.040 r  clk_IBUF_inst/IBUFCTRL_INST/O
                         net (fo=1, routed)           0.204     1.244    clk_IBUF
    BUFGCE_HDIO_X2Y2     BUFGCE (Prop_BUFCE_BUFGCE_HDIO_I_O)
                                                      0.028     1.272 r  clk_IBUF_BUFG_inst/O
    X1Y3 (CLOCK_ROOT)    net (fo=26562, routed)       2.476     3.749    u_accel/u_pool/clk
    SLICE_X69Y140        FDRE                                         r  u_accel/u_pool/issue_w_reg[1]_rep__25/C
  -------------------------------------------------------------------    -------------------
    SLICE_X69Y140        FDRE (Prop_EFF2_SLICEL_C_Q)
                                                      0.081     3.830 f  u_accel/u_pool/issue_w_reg[1]_rep__25/Q
                         net (fo=1, routed)           0.139     3.969    u_accel/u_pool/issue_w_reg[1]_rep__25_n_0
    SLICE_X69Y140        LUT2 (Prop_E6LUT_SLICEL_I0_O)
                                                      0.051     4.020 r  u_accel/u_pool/q_mul_a[6][31]_i_66/O
                         net (fo=158, routed)         0.487     4.507    u_accel/u_pool/q_mul_a[6][31]_i_66_n_0
    SLICE_X72Y129        LUT4 (Prop_E6LUT_SLICEL_I0_O)
                                                      0.099     4.606 f  u_accel/u_pool/q_mul_a[6][31]_i_85/O
                         net (fo=1, routed)           0.143     4.749    u_accel/u_pool/q_mul_a[6][31]_i_85_n_0
    SLICE_X73Y130        LUT6 (Prop_H6LUT_SLICEM_I5_O)
                                                      0.101     4.850 r  u_accel/u_pool/q_mul_a[6][31]_i_51/O
                         net (fo=2, routed)           0.304     5.154    u_accel/u_pool/q_mul_a[6][31]_i_51_n_0
    SLICE_X75Y134        LUT6 (Prop_D6LUT_SLICEL_I0_O)
                                                      0.089     5.243 r  u_accel/u_pool/q_mul_a[6][31]_i_25/O
                         net (fo=1, routed)           0.009     5.252    u_accel/u_pool/q_mul_a[6][31]_i_25_n_0
    SLICE_X75Y134        MUXF7 (Prop_F7MUX_CD_SLICEL_I0_O)
                                                      0.063     5.315 r  u_accel/u_pool/q_mul_a_reg[6][31]_i_12/O
                         net (fo=1, routed)           0.313     5.628    u_accel/u_pool/q_mul_a_reg[6][31]_i_12_n_0
    SLICE_X74Y150        LUT6 (Prop_H6LUT_SLICEM_I4_O)
                                                      0.152     5.780 f  u_accel/u_pool/q_mul_a[6][31]_i_5/O
                         net (fo=33, routed)          0.557     6.337    u_accel/u_pool/q_mul_a[6][31]_i_5_n_0
    SLICE_X72Y173        LUT4 (Prop_A6LUT_SLICEL_I1_O)
                                                      0.124     6.461 r  u_accel/u_pool/q_mul_a[6][1]_i_2/O
                         net (fo=1, routed)           0.041     6.502    u_accel/u_pool/q_mul_a[6][1]_i_2_n_0
    SLICE_X72Y173        LUT6 (Prop_B6LUT_SLICEL_I4_O)
                                                      0.090     6.592 r  u_accel/u_pool/q_mul_a[6][1]_i_1/O
                         net (fo=15, routed)          0.566     7.158    u_accel/u_pool/rv1[6][1]
    SLICE_X74Y193        LUT4 (Prop_A6LUT_SLICEM_I3_O)
                                                      0.125     7.283 r  u_accel/u_pool/stk_mask[3][1][6]_i_132/O
                         net (fo=1, routed)           0.013     7.296    u_accel/u_pool/stk_mask[3][1][6]_i_132_n_0
    SLICE_X74Y193        CARRY8 (Prop_CARRY8_SLICEM_S[0]_CO[7])
                                                      0.192     7.488 r  u_accel/u_pool/stk_mask_reg[3][1][6]_i_52/CO[7]
                         net (fo=1, routed)           0.026     7.514    u_accel/u_pool/stk_mask_reg[3][1][6]_i_52_n_0
    SLICE_X74Y194        CARRY8 (Prop_CARRY8_SLICEM_CI_CO[7])
                                                      0.022     7.536 r  u_accel/u_pool/stk_mask_reg[3][1][6]_i_9/CO[7]
                         net (fo=1, routed)           0.772     8.308    u_accel/u_pool/data4__0
    SLICE_X62Y201        LUT6 (Prop_B6LUT_SLICEL_I5_O)
                                                      0.098     8.406 f  u_accel/u_pool/stk_mask[3][1][6]_i_4/O
                         net (fo=1, routed)           0.500     8.906    u_accel/u_pool/stk_mask[3][1][6]_i_4_n_0
    SLICE_X59Y207        LUT6 (Prop_H6LUT_SLICEL_I0_O)
                                                      0.090     8.996 r  u_accel/u_pool/stk_mask[3][1][6]_i_3/O
                         net (fo=2, routed)           0.774     9.770    u_accel/u_pool/stk_mask[3][1][6]_i_3_n_0
    SLICE_X56Y276        LUT2 (Prop_E5LUT_SLICEM_I1_O)
                                                      0.102     9.872 f  u_accel/u_pool/stk_mask[3][1][6]_i_2/O
                         net (fo=33, routed)          0.387    10.259    u_accel/u_pool/taken_mask[6]
    SLICE_X55Y286        LUT6 (Prop_E6LUT_SLICEL_I5_O)
                                                      0.051    10.310 r  u_accel/u_pool/stk_npc[3][1][31]_i_24/O
                         net (fo=59, routed)          0.608    10.918    u_accel/u_pool/stk_npc[3][1][31]_i_24_n_0
    SLICE_X51Y319        LUT6 (Prop_C6LUT_SLICEL_I4_O)
                                                      0.088    11.006 f  u_accel/u_pool/stk_npc[3][1][31]_i_17/O
                         net (fo=25, routed)          0.524    11.530    u_accel/u_pool/stk_npc[3][1][31]_i_17_n_0
    SLICE_X56Y325        LUT5 (Prop_B6LUT_SLICEM_I0_O)
                                                      0.052    11.582 f  u_accel/u_pool/stk_npc[2][4][31]_i_12/O
                         net (fo=1, routed)           0.249    11.831    u_accel/u_pool/stk_npc[2][4][31]_i_12_n_0
    SLICE_X56Y333        LUT6 (Prop_B6LUT_SLICEM_I4_O)
                                                      0.125    11.956 r  u_accel/u_pool/stk_npc[2][4][31]_i_6/O
                         net (fo=1, routed)           0.046    12.002    u_accel/u_pool/stk_npc[2][4][31]_i_6_n_0
    SLICE_X56Y333        LUT5 (Prop_A6LUT_SLICEM_I4_O)
                                                      0.053    12.055 f  u_accel/u_pool/stk_npc[2][4][31]_i_3/O
                         net (fo=1, routed)           0.175    12.230    u_accel/u_pool/stk_npc[2][4][31]_i_3_n_0
    SLICE_X57Y333        LUT6 (Prop_H6LUT_SLICEM_I1_O)
                                                      0.053    12.283 r  u_accel/u_pool/stk_npc[2][4][31]_i_1/O
                         net (fo=32, routed)          0.598    12.881    u_accel/u_pool/stk_npc[2][4][31]_i_1_n_0
    SLICE_X64Y331        FDRE                                         r  u_accel/u_pool/stk_npc_reg[2][4][20]/CE
  -------------------------------------------------------------------    -------------------

                         (clock clk rise edge)       10.000    10.000 r  
    E4                                                0.000    10.000 r  clk (IN)
                         net (fo=0)                   0.000    10.000    clk_IBUF_inst/I
    E4                   INBUF (Prop_INBUF_HDIOB_M_PAD_O)
                                                      0.533    10.533 r  clk_IBUF_inst/INBUF_INST/O
                         net (fo=1, routed)           0.000    10.533    clk_IBUF_inst/OUT
    E4                   IBUFCTRL (Prop_IBUFCTRL_HDIOB_M_I_O)
                                                      0.000    10.533 r  clk_IBUF_inst/IBUFCTRL_INST/O
                         net (fo=1, routed)           0.169    10.702    clk_IBUF
    BUFGCE_HDIO_X2Y2     BUFGCE (Prop_BUFCE_BUFGCE_HDIO_I_O)
                                                      0.024    10.726 r  clk_IBUF_BUFG_inst/O
    X1Y3 (CLOCK_ROOT)    net (fo=26562, routed)       2.132    12.858    u_accel/u_pool/clk
    SLICE_X64Y331        FDRE                                         r  u_accel/u_pool/stk_npc_reg[2][4][20]/C
                         clock pessimism              0.668    13.526    
                         clock uncertainty           -0.035    13.491    
    SLICE_X64Y331        FDRE (Setup_DFF2_SLICEM_C_CE)
                                                     -0.060    13.431    u_accel/u_pool/stk_npc_reg[2][4][20]
  -------------------------------------------------------------------
                         required time                         13.431    
                         arrival time                         -12.881    
  -------------------------------------------------------------------
                         slack                                  0.550    





Min Delay Paths
--------------------------------------------------------------------------------------
Slack (MET) :             0.010ns  (arrival time - required time)
  Source:                 u_accel/u_pool/g_fpu[5].u_fpu/e_reg[1][mul_esum][1]/C
                            (rising edge-triggered cell FDRE clocked by clk  {rise@0.000ns fall@5.000ns period=10.000ns})
  Destination:            u_accel/u_pool/g_fpu[5].u_fpu/e_reg[3][mul_esum][1]_srl2/D
                            (rising edge-triggered cell SRL16E clocked by clk  {rise@0.000ns fall@5.000ns period=10.000ns})
  Path Group:             clk
  Path Type:              Hold (Min at Slow Process Corner)
  Requirement:            0.000ns  (clk rise@0.000ns - clk rise@0.000ns)
  Data Path Delay:        0.194ns  (logic 0.058ns (29.897%)  route 0.136ns (70.103%))
  Logic Levels:           0  
  Clock Path Skew:        0.155ns (DCD - SCD - CPR)
    Destination Clock Delay (DCD):    3.873ns
    Source Clock Delay      (SCD):    2.989ns
    Clock Pessimism Removal (CPR):    0.729ns
  Clock Net Delay (Source):      2.263ns (routing 1.221ns, distribution 1.042ns)
  Clock Net Delay (Destination): 2.600ns (routing 1.343ns, distribution 1.257ns)

    Location             Delay type                Incr(ns)  Path(ns)    Netlist Resource(s)
  -------------------------------------------------------------------    -------------------
                         (clock clk rise edge)        0.000     0.000 r  
    E4                                                0.000     0.000 r  clk (IN)
                         net (fo=0)                   0.000     0.000    clk_IBUF_inst/I
    E4                   INBUF (Prop_INBUF_HDIOB_M_PAD_O)
                                                      0.533     0.533 r  clk_IBUF_inst/INBUF_INST/O
                         net (fo=1, routed)           0.000     0.533    clk_IBUF_inst/OUT
    E4                   IBUFCTRL (Prop_IBUFCTRL_HDIOB_M_I_O)
                                                      0.000     0.533 r  clk_IBUF_inst/IBUFCTRL_INST/O
                         net (fo=1, routed)           0.169     0.702    clk_IBUF
    BUFGCE_HDIO_X2Y2     BUFGCE (Prop_BUFCE_BUFGCE_HDIO_I_O)
                                                      0.024     0.726 r  clk_IBUF_BUFG_inst/O
    X1Y3 (CLOCK_ROOT)    net (fo=26562, routed)       2.263     2.989    u_accel/u_pool/g_fpu[5].u_fpu/clk
    SLICE_X88Y267        FDRE                                         r  u_accel/u_pool/g_fpu[5].u_fpu/e_reg[1][mul_esum][1]/C
  -------------------------------------------------------------------    -------------------
    SLICE_X88Y267        FDRE (Prop_BFF_SLICEM_C_Q)
                                                      0.058     3.047 r  u_accel/u_pool/g_fpu[5].u_fpu/e_reg[1][mul_esum][1]/Q
                         net (fo=1, routed)           0.136     3.183    u_accel/u_pool/g_fpu[5].u_fpu/e_reg[1][mul_esum_n_0_][1]
    SLICE_X86Y267        SRL16E                                       r  u_accel/u_pool/g_fpu[5].u_fpu/e_reg[3][mul_esum][1]_srl2/D
  -------------------------------------------------------------------    -------------------

                         (clock clk rise edge)        0.000     0.000 r  
    E4                                                0.000     0.000 r  clk (IN)
                         net (fo=0)                   0.000     0.000    clk_IBUF_inst/I
    E4                   INBUF (Prop_INBUF_HDIOB_M_PAD_O)
                                                      1.040     1.040 r  clk_IBUF_inst/INBUF_INST/O
                         net (fo=1, routed)           0.000     1.040    clk_IBUF_inst/OUT
    E4                   IBUFCTRL (Prop_IBUFCTRL_HDIOB_M_I_O)
                                                      0.000     1.040 r  clk_IBUF_inst/IBUFCTRL_INST/O
                         net (fo=1, routed)           0.204     1.244    clk_IBUF
    BUFGCE_HDIO_X2Y2     BUFGCE (Prop_BUFCE_BUFGCE_HDIO_I_O)
                                                      0.028     1.272 r  clk_IBUF_BUFG_inst/O
    X1Y3 (CLOCK_ROOT)    net (fo=26562, routed)       2.600     3.873    u_accel/u_pool/g_fpu[5].u_fpu/clk
    SLICE_X86Y267        SRL16E                                       r  u_accel/u_pool/g_fpu[5].u_fpu/e_reg[3][mul_esum][1]_srl2/CLK
                         clock pessimism             -0.729     3.144    
    SLICE_X86Y267        SRL16E (Hold_B6LUT_SLICEM_CLK_D)
                                                      0.029     3.173    u_accel/u_pool/g_fpu[5].u_fpu/e_reg[3][mul_esum][1]_srl2
  -------------------------------------------------------------------
                         required time                         -3.173    
                         arrival time                           3.183    
  -------------------------------------------------------------------
                         slack                                  0.010    

Slack (MET) :             0.010ns  (arrival time - required time)
  Source:                 u_accel/u_pool/g_fpu[3].u_fpu/e_reg[1][f_fma_specval][29]/C
                            (rising edge-triggered cell FDSE clocked by clk  {rise@0.000ns fall@5.000ns period=10.000ns})
  Destination:            u_accel/u_pool/g_fpu[3].u_fpu/e_reg[4][f_fma_specval][29]_srl3/D
                            (rising edge-triggered cell SRL16E clocked by clk  {rise@0.000ns fall@5.000ns period=10.000ns})
  Path Group:             clk
  Path Type:              Hold (Min at Slow Process Corner)
  Requirement:            0.000ns  (clk rise@0.000ns - clk rise@0.000ns)
  Data Path Delay:        0.146ns  (logic 0.058ns (39.726%)  route 0.088ns (60.274%))
  Logic Levels:           0  
  Clock Path Skew:        0.110ns (DCD - SCD - CPR)
    Destination Clock Delay (DCD):    3.731ns
    Source Clock Delay      (SCD):    2.899ns
    Clock Pessimism Removal (CPR):    0.722ns
  Clock Net Delay (Source):      2.173ns (routing 1.221ns, distribution 0.952ns)
  Clock Net Delay (Destination): 2.459ns (routing 1.343ns, distribution 1.116ns)

    Location             Delay type                Incr(ns)  Path(ns)    Netlist Resource(s)
  -------------------------------------------------------------------    -------------------
                         (clock clk rise edge)        0.000     0.000 r  
    E4                                                0.000     0.000 r  clk (IN)
                         net (fo=0)                   0.000     0.000    clk_IBUF_inst/I
    E4                   INBUF (Prop_INBUF_HDIOB_M_PAD_O)
                                                      0.533     0.533 r  clk_IBUF_inst/INBUF_INST/O
                         net (fo=1, routed)           0.000     0.533    clk_IBUF_inst/OUT
    E4                   IBUFCTRL (Prop_IBUFCTRL_HDIOB_M_I_O)
                                                      0.000     0.533 r  clk_IBUF_inst/IBUFCTRL_INST/O
                         net (fo=1, routed)           0.169     0.702    clk_IBUF
    BUFGCE_HDIO_X2Y2     BUFGCE (Prop_BUFCE_BUFGCE_HDIO_I_O)
                                                      0.024     0.726 r  clk_IBUF_BUFG_inst/O
    X1Y3 (CLOCK_ROOT)    net (fo=26562, routed)       2.173     2.899    u_accel/u_pool/g_fpu[3].u_fpu/clk
    SLICE_X54Y299        FDSE                                         r  u_accel/u_pool/g_fpu[3].u_fpu/e_reg[1][f_fma_specval][29]/C
  -------------------------------------------------------------------    -------------------
    SLICE_X54Y299        FDSE (Prop_DFF_SLICEM_C_Q)
                                                      0.058     2.957 r  u_accel/u_pool/g_fpu[3].u_fpu/e_reg[1][f_fma_specval][29]/Q
                         net (fo=1, routed)           0.088     3.045    u_accel/u_pool/g_fpu[3].u_fpu/e_reg[1][f_fma_specval][29]
    SLICE_X53Y299        SRL16E                                       r  u_accel/u_pool/g_fpu[3].u_fpu/e_reg[4][f_fma_specval][29]_srl3/D
  -------------------------------------------------------------------    -------------------

                         (clock clk rise edge)        0.000     0.000 r  
    E4                                                0.000     0.000 r  clk (IN)
                         net (fo=0)                   0.000     0.000    clk_IBUF_inst/I
    E4                   INBUF (Prop_INBUF_HDIOB_M_PAD_O)
                                                      1.040     1.040 r  clk_IBUF_inst/INBUF_INST/O
                         net (fo=1, routed)           0.000     1.040    clk_IBUF_inst/OUT
    E4                   IBUFCTRL (Prop_IBUFCTRL_HDIOB_M_I_O)
                                                      0.000     1.040 r  clk_IBUF_inst/IBUFCTRL_INST/O
                         net (fo=1, routed)           0.204     1.244    clk_IBUF
    BUFGCE_HDIO_X2Y2     BUFGCE (Prop_BUFCE_BUFGCE_HDIO_I_O)
                                                      0.028     1.272 r  clk_IBUF_BUFG_inst/O
    X1Y3 (CLOCK_ROOT)    net (fo=26562, routed)       2.459     3.731    u_accel/u_pool/g_fpu[3].u_fpu/clk
    SLICE_X53Y299        SRL16E                                       r  u_accel/u_pool/g_fpu[3].u_fpu/e_reg[4][f_fma_specval][29]_srl3/CLK
                         clock pessimism             -0.722     3.009    
    SLICE_X53Y299        SRL16E (Hold_E6LUT_SLICEM_CLK_D)
                                                      0.026     3.035    u_accel/u_pool/g_fpu[3].u_fpu/e_reg[4][f_fma_specval][29]_srl3
  -------------------------------------------------------------------
                         required time                         -3.035    
                         arrival time                           3.045    
  -------------------------------------------------------------------
                         slack                                  0.010    

Slack (MET) :             0.012ns  (arrival time - required time)
  Source:                 u_accel/u_pool/q_frv1_reg[5][20]/C
                            (rising edge-triggered cell FDRE clocked by clk  {rise@0.000ns fall@5.000ns period=10.000ns})
  Destination:            u_accel/u_pool/g_fpu[5].u_fpu/e_reg[4][sgnj][20]_srl4/D
                            (rising edge-triggered cell SRL16E clocked by clk  {rise@0.000ns fall@5.000ns period=10.000ns})
  Path Group:             clk
  Path Type:              Hold (Min at Slow Process Corner)
  Requirement:            0.000ns  (clk rise@0.000ns - clk rise@0.000ns)
  Data Path Delay:        0.225ns  (logic 0.057ns (25.290%)  route 0.168ns (74.710%))
  Logic Levels:           0  
  Clock Path Skew:        0.187ns (DCD - SCD - CPR)
    Destination Clock Delay (DCD):    3.923ns
    Source Clock Delay      (SCD):    3.004ns
    Clock Pessimism Removal (CPR):    0.732ns
  Clock Net Delay (Source):      2.278ns (routing 1.221ns, distribution 1.057ns)
  Clock Net Delay (Destination): 2.651ns (routing 1.343ns, distribution 1.308ns)

    Location             Delay type                Incr(ns)  Path(ns)    Netlist Resource(s)
  -------------------------------------------------------------------    -------------------
                         (clock clk rise edge)        0.000     0.000 r  
    E4                                                0.000     0.000 r  clk (IN)
                         net (fo=0)                   0.000     0.000    clk_IBUF_inst/I
    E4                   INBUF (Prop_INBUF_HDIOB_M_PAD_O)
                                                      0.533     0.533 r  clk_IBUF_inst/INBUF_INST/O
                         net (fo=1, routed)           0.000     0.533    clk_IBUF_inst/OUT
    E4                   IBUFCTRL (Prop_IBUFCTRL_HDIOB_M_I_O)
                                                      0.000     0.533 r  clk_IBUF_inst/IBUFCTRL_INST/O
                         net (fo=1, routed)           0.169     0.702    clk_IBUF
    BUFGCE_HDIO_X2Y2     BUFGCE (Prop_BUFCE_BUFGCE_HDIO_I_O)
                                                      0.024     0.726 r  clk_IBUF_BUFG_inst/O
    X1Y3 (CLOCK_ROOT)    net (fo=26562, routed)       2.278     3.004    u_accel/u_pool/clk
    SLICE_X88Y251        FDRE                                         r  u_accel/u_pool/q_frv1_reg[5][20]/C
  -------------------------------------------------------------------    -------------------
    SLICE_X88Y251        FDRE (Prop_FFF_SLICEM_C_Q)
                                                      0.057     3.061 r  u_accel/u_pool/q_frv1_reg[5][20]/Q
                         net (fo=5, routed)           0.168     3.229    u_accel/u_pool/g_fpu[5].u_fpu/a[20]
    SLICE_X89Y252        SRL16E                                       r  u_accel/u_pool/g_fpu[5].u_fpu/e_reg[4][sgnj][20]_srl4/D
  -------------------------------------------------------------------    -------------------

                         (clock clk rise edge)        0.000     0.000 r  
    E4                                                0.000     0.000 r  clk (IN)
                         net (fo=0)                   0.000     0.000    clk_IBUF_inst/I
    E4                   INBUF (Prop_INBUF_HDIOB_M_PAD_O)
                                                      1.040     1.040 r  clk_IBUF_inst/INBUF_INST/O
                         net (fo=1, routed)           0.000     1.040    clk_IBUF_inst/OUT
    E4                   IBUFCTRL (Prop_IBUFCTRL_HDIOB_M_I_O)
                                                      0.000     1.040 r  clk_IBUF_inst/IBUFCTRL_INST/O
                         net (fo=1, routed)           0.204     1.244    clk_IBUF
    BUFGCE_HDIO_X2Y2     BUFGCE (Prop_BUFCE_BUFGCE_HDIO_I_O)
                                                      0.028     1.272 r  clk_IBUF_BUFG_inst/O
    X1Y3 (CLOCK_ROOT)    net (fo=26562, routed)       2.651     3.923    u_accel/u_pool/g_fpu[5].u_fpu/clk
    SLICE_X89Y252        SRL16E                                       r  u_accel/u_pool/g_fpu[5].u_fpu/e_reg[4][sgnj][20]_srl4/CLK
                         clock pessimism             -0.732     3.191    
    SLICE_X89Y252        SRL16E (Hold_E6LUT_SLICEM_CLK_D)
                                                      0.026     3.217    u_accel/u_pool/g_fpu[5].u_fpu/e_reg[4][sgnj][20]_srl4
  -------------------------------------------------------------------
                         required time                         -3.217    
                         arrival time                           3.229    
  -------------------------------------------------------------------
                         slack                                  0.012    

Slack (MET) :             0.012ns  (arrival time - required time)
  Source:                 u_accel/u_pool/g_fpu[4].u_fpu/e_reg[1][cvt_w][18]/C
                            (rising edge-triggered cell FDSE clocked by clk  {rise@0.000ns fall@5.000ns period=10.000ns})
  Destination:            u_accel/u_pool/g_fpu[4].u_fpu/e_reg[4][cvt_w][18]_srl3/D
                            (rising edge-triggered cell SRL16E clocked by clk  {rise@0.000ns fall@5.000ns period=10.000ns})
  Path Group:             clk
  Path Type:              Hold (Min at Slow Process Corner)
  Requirement:            0.000ns  (clk rise@0.000ns - clk rise@0.000ns)
  Data Path Delay:        0.181ns  (logic 0.058ns (32.044%)  route 0.123ns (67.956%))
  Logic Levels:           0  
  Clock Path Skew:        0.141ns (DCD - SCD - CPR)
    Destination Clock Delay (DCD):    3.821ns
    Source Clock Delay      (SCD):    2.956ns
    Clock Pessimism Removal (CPR):    0.725ns
  Clock Net Delay (Source):      2.230ns (routing 1.221ns, distribution 1.009ns)
  Clock Net Delay (Destination): 2.549ns (routing 1.343ns, distribution 1.206ns)

    Location             Delay type                Incr(ns)  Path(ns)    Netlist Resource(s)
  -------------------------------------------------------------------    -------------------
                         (clock clk rise edge)        0.000     0.000 r  
    E4                                                0.000     0.000 r  clk (IN)
                         net (fo=0)                   0.000     0.000    clk_IBUF_inst/I
    E4                   INBUF (Prop_INBUF_HDIOB_M_PAD_O)
                                                      0.533     0.533 r  clk_IBUF_inst/INBUF_INST/O
                         net (fo=1, routed)           0.000     0.533    clk_IBUF_inst/OUT
    E4                   IBUFCTRL (Prop_IBUFCTRL_HDIOB_M_I_O)
                                                      0.000     0.533 r  clk_IBUF_inst/IBUFCTRL_INST/O
                         net (fo=1, routed)           0.169     0.702    clk_IBUF
    BUFGCE_HDIO_X2Y2     BUFGCE (Prop_BUFCE_BUFGCE_HDIO_I_O)
                                                      0.024     0.726 r  clk_IBUF_BUFG_inst/O
    X1Y3 (CLOCK_ROOT)    net (fo=26562, routed)       2.230     2.956    u_accel/u_pool/g_fpu[4].u_fpu/clk
    SLICE_X86Y195        FDSE                                         r  u_accel/u_pool/g_fpu[4].u_fpu/e_reg[1][cvt_w][18]/C
  -------------------------------------------------------------------    -------------------
    SLICE_X86Y195        FDSE (Prop_DFF_SLICEM_C_Q)
                                                      0.058     3.014 r  u_accel/u_pool/g_fpu[4].u_fpu/e_reg[1][cvt_w][18]/Q
                         net (fo=1, routed)           0.123     3.137    u_accel/u_pool/g_fpu[4].u_fpu/e_reg[1][cvt_w][18]
    SLICE_X84Y197        SRL16E                                       r  u_accel/u_pool/g_fpu[4].u_fpu/e_reg[4][cvt_w][18]_srl3/D
  -------------------------------------------------------------------    -------------------

                         (clock clk rise edge)        0.000     0.000 r  
    E4                                                0.000     0.000 r  clk (IN)
                         net (fo=0)                   0.000     0.000    clk_IBUF_inst/I
    E4                   INBUF (Prop_INBUF_HDIOB_M_PAD_O)
                                                      1.040     1.040 r  clk_IBUF_inst/INBUF_INST/O
                         net (fo=1, routed)           0.000     1.040    clk_IBUF_inst/OUT
    E4                   IBUFCTRL (Prop_IBUFCTRL_HDIOB_M_I_O)
                                                      0.000     1.040 r  clk_IBUF_inst/IBUFCTRL_INST/O
                         net (fo=1, routed)           0.204     1.244    clk_IBUF
    BUFGCE_HDIO_X2Y2     BUFGCE (Prop_BUFCE_BUFGCE_HDIO_I_O)
                                                      0.028     1.272 r  clk_IBUF_BUFG_inst/O
    X1Y3 (CLOCK_ROOT)    net (fo=26562, routed)       2.549     3.821    u_accel/u_pool/g_fpu[4].u_fpu/clk
    SLICE_X84Y197        SRL16E                                       r  u_accel/u_pool/g_fpu[4].u_fpu/e_reg[4][cvt_w][18]_srl3/CLK
                         clock pessimism             -0.725     3.096    
    SLICE_X84Y197        SRL16E (Hold_C6LUT_SLICEM_CLK_D)
                                                      0.028     3.124    u_accel/u_pool/g_fpu[4].u_fpu/e_reg[4][cvt_w][18]_srl3
  -------------------------------------------------------------------
                         required time                         -3.124    
                         arrival time                           3.137    
  -------------------------------------------------------------------
                         slack                                  0.012    

Slack (MET) :             0.013ns  (arrival time - required time)
  Source:                 u_accel/u_pool/g_fpu[5].u_fpu/e_reg[1][cvt_s][3]/C
                            (rising edge-triggered cell FDRE clocked by clk  {rise@0.000ns fall@5.000ns period=10.000ns})
  Destination:            u_accel/u_pool/g_fpu[5].u_fpu/e_reg[4][cvt_s][3]_srl3/D
                            (rising edge-triggered cell SRL16E clocked by clk  {rise@0.000ns fall@5.000ns period=10.000ns})
  Path Group:             clk
  Path Type:              Hold (Min at Slow Process Corner)
  Requirement:            0.000ns  (clk rise@0.000ns - clk rise@0.000ns)
  Data Path Delay:        0.137ns  (logic 0.058ns (42.336%)  route 0.079ns (57.664%))
  Logic Levels:           0  
  Clock Path Skew:        0.096ns (DCD - SCD - CPR)
    Destination Clock Delay (DCD):    3.886ns
    Source Clock Delay      (SCD):    3.007ns
    Clock Pessimism Removal (CPR):    0.783ns
  Clock Net Delay (Source):      2.281ns (routing 1.221ns, distribution 1.060ns)
  Clock Net Delay (Destination): 2.613ns (routing 1.343ns, distribution 1.270ns)

    Location             Delay type                Incr(ns)  Path(ns)    Netlist Resource(s)
  -------------------------------------------------------------------    -------------------
                         (clock clk rise edge)        0.000     0.000 r  
    E4                                                0.000     0.000 r  clk (IN)
                         net (fo=0)                   0.000     0.000    clk_IBUF_inst/I
    E4                   INBUF (Prop_INBUF_HDIOB_M_PAD_O)
                                                      0.533     0.533 r  clk_IBUF_inst/INBUF_INST/O
                         net (fo=1, routed)           0.000     0.533    clk_IBUF_inst/OUT
    E4                   IBUFCTRL (Prop_IBUFCTRL_HDIOB_M_I_O)
                                                      0.000     0.533 r  clk_IBUF_inst/IBUFCTRL_INST/O
                         net (fo=1, routed)           0.169     0.702    clk_IBUF
    BUFGCE_HDIO_X2Y2     BUFGCE (Prop_BUFCE_BUFGCE_HDIO_I_O)
                                                      0.024     0.726 r  clk_IBUF_BUFG_inst/O
    X1Y3 (CLOCK_ROOT)    net (fo=26562, routed)       2.281     3.007    u_accel/u_pool/g_fpu[5].u_fpu/clk
    SLICE_X84Y254        FDRE                                         r  u_accel/u_pool/g_fpu[5].u_fpu/e_reg[1][cvt_s][3]/C
  -------------------------------------------------------------------    -------------------
    SLICE_X84Y254        FDRE (Prop_DFF_SLICEM_C_Q)
                                                      0.058     3.065 r  u_accel/u_pool/g_fpu[5].u_fpu/e_reg[1][cvt_s][3]/Q
                         net (fo=1, routed)           0.079     3.144    u_accel/u_pool/g_fpu[5].u_fpu/e_reg[1][cvt_s][3]
    SLICE_X84Y255        SRL16E                                       r  u_accel/u_pool/g_fpu[5].u_fpu/e_reg[4][cvt_s][3]_srl3/D
  -------------------------------------------------------------------    -------------------

                         (clock clk rise edge)        0.000     0.000 r  
    E4                                                0.000     0.000 r  clk (IN)
                         net (fo=0)                   0.000     0.000    clk_IBUF_inst/I
    E4                   INBUF (Prop_INBUF_HDIOB_M_PAD_O)
                                                      1.040     1.040 r  clk_IBUF_inst/INBUF_INST/O
                         net (fo=1, routed)           0.000     1.040    clk_IBUF_inst/OUT
    E4                   IBUFCTRL (Prop_IBUFCTRL_HDIOB_M_I_O)
                                                      0.000     1.040 r  clk_IBUF_inst/IBUFCTRL_INST/O
                         net (fo=1, routed)           0.204     1.244    clk_IBUF
    BUFGCE_HDIO_X2Y2     BUFGCE (Prop_BUFCE_BUFGCE_HDIO_I_O)
                                                      0.028     1.272 r  clk_IBUF_BUFG_inst/O
    X1Y3 (CLOCK_ROOT)    net (fo=26562, routed)       2.613     3.886    u_accel/u_pool/g_fpu[5].u_fpu/clk
    SLICE_X84Y255        SRL16E                                       r  u_accel/u_pool/g_fpu[5].u_fpu/e_reg[4][cvt_s][3]_srl3/CLK
                         clock pessimism             -0.783     3.103    
    SLICE_X84Y255        SRL16E (Hold_D6LUT_SLICEM_CLK_D)
                                                      0.028     3.131    u_accel/u_pool/g_fpu[5].u_fpu/e_reg[4][cvt_s][3]_srl3
  -------------------------------------------------------------------
                         required time                         -3.131    
                         arrival time                           3.144    
  -------------------------------------------------------------------
                         slack                                  0.013    

Slack (MET) :             0.013ns  (arrival time - required time)
  Source:                 u_accel/u_pool/g_fpu[6].u_fpu/e_reg[1][cvt_s][20]/C
                            (rising edge-triggered cell FDRE clocked by clk  {rise@0.000ns fall@5.000ns period=10.000ns})
  Destination:            u_accel/u_pool/g_fpu[6].u_fpu/e_reg[4][cvt_s][20]_srl3/D
                            (rising edge-triggered cell SRL16E clocked by clk  {rise@0.000ns fall@5.000ns period=10.000ns})
  Path Group:             clk
  Path Type:              Hold (Min at Slow Process Corner)
  Requirement:            0.000ns  (clk rise@0.000ns - clk rise@0.000ns)
  Data Path Delay:        0.196ns  (logic 0.060ns (30.612%)  route 0.136ns (69.388%))
  Logic Levels:           0  
  Clock Path Skew:        0.157ns (DCD - SCD - CPR)
    Destination Clock Delay (DCD):    3.820ns
    Source Clock Delay      (SCD):    2.934ns
    Clock Pessimism Removal (CPR):    0.729ns
  Clock Net Delay (Source):      2.208ns (routing 1.221ns, distribution 0.987ns)
  Clock Net Delay (Destination): 2.548ns (routing 1.343ns, distribution 1.205ns)

    Location             Delay type                Incr(ns)  Path(ns)    Netlist Resource(s)
  -------------------------------------------------------------------    -------------------
                         (clock clk rise edge)        0.000     0.000 r  
    E4                                                0.000     0.000 r  clk (IN)
                         net (fo=0)                   0.000     0.000    clk_IBUF_inst/I
    E4                   INBUF (Prop_INBUF_HDIOB_M_PAD_O)
                                                      0.533     0.533 r  clk_IBUF_inst/INBUF_INST/O
                         net (fo=1, routed)           0.000     0.533    clk_IBUF_inst/OUT
    E4                   IBUFCTRL (Prop_IBUFCTRL_HDIOB_M_I_O)
                                                      0.000     0.533 r  clk_IBUF_inst/IBUFCTRL_INST/O
                         net (fo=1, routed)           0.169     0.702    clk_IBUF
    BUFGCE_HDIO_X2Y2     BUFGCE (Prop_BUFCE_BUFGCE_HDIO_I_O)
                                                      0.024     0.726 r  clk_IBUF_BUFG_inst/O
    X1Y3 (CLOCK_ROOT)    net (fo=26562, routed)       2.208     2.934    u_accel/u_pool/g_fpu[6].u_fpu/clk
    SLICE_X66Y265        FDRE                                         r  u_accel/u_pool/g_fpu[6].u_fpu/e_reg[1][cvt_s][20]/C
  -------------------------------------------------------------------    -------------------
    SLICE_X66Y265        FDRE (Prop_BFF2_SLICEL_C_Q)
                                                      0.060     2.994 r  u_accel/u_pool/g_fpu[6].u_fpu/e_reg[1][cvt_s][20]/Q
                         net (fo=1, routed)           0.136     3.130    u_accel/u_pool/g_fpu[6].u_fpu/e_reg[1][cvt_s][20]
    SLICE_X67Y265        SRL16E                                       r  u_accel/u_pool/g_fpu[6].u_fpu/e_reg[4][cvt_s][20]_srl3/D
  -------------------------------------------------------------------    -------------------

                         (clock clk rise edge)        0.000     0.000 r  
    E4                                                0.000     0.000 r  clk (IN)
                         net (fo=0)                   0.000     0.000    clk_IBUF_inst/I
    E4                   INBUF (Prop_INBUF_HDIOB_M_PAD_O)
                                                      1.040     1.040 r  clk_IBUF_inst/INBUF_INST/O
                         net (fo=1, routed)           0.000     1.040    clk_IBUF_inst/OUT
    E4                   IBUFCTRL (Prop_IBUFCTRL_HDIOB_M_I_O)
                                                      0.000     1.040 r  clk_IBUF_inst/IBUFCTRL_INST/O
                         net (fo=1, routed)           0.204     1.244    clk_IBUF
    BUFGCE_HDIO_X2Y2     BUFGCE (Prop_BUFCE_BUFGCE_HDIO_I_O)
                                                      0.028     1.272 r  clk_IBUF_BUFG_inst/O
    X1Y3 (CLOCK_ROOT)    net (fo=26562, routed)       2.548     3.820    u_accel/u_pool/g_fpu[6].u_fpu/clk
    SLICE_X67Y265        SRL16E                                       r  u_accel/u_pool/g_fpu[6].u_fpu/e_reg[4][cvt_s][20]_srl3/CLK
                         clock pessimism             -0.729     3.091    
    SLICE_X67Y265        SRL16E (Hold_E6LUT_SLICEM_CLK_D)
                                                      0.026     3.117    u_accel/u_pool/g_fpu[6].u_fpu/e_reg[4][cvt_s][20]_srl3
  -------------------------------------------------------------------
                         required time                         -3.117    
                         arrival time                           3.130    
  -------------------------------------------------------------------
                         slack                                  0.013    

Slack (MET) :             0.013ns  (arrival time - required time)
  Source:                 u_accel/u_pool/g_fpu[0].u_fpu/e_reg[1][minmax_h][6]/C
                            (rising edge-triggered cell FDRE clocked by clk  {rise@0.000ns fall@5.000ns period=10.000ns})
  Destination:            u_accel/u_pool/g_fpu[0].u_fpu/e_reg[4][minmax_h][6]_srl3/D
                            (rising edge-triggered cell SRL16E clocked by clk  {rise@0.000ns fall@5.000ns period=10.000ns})
  Path Group:             clk
  Path Type:              Hold (Min at Slow Process Corner)
  Requirement:            0.000ns  (clk rise@0.000ns - clk rise@0.000ns)
  Data Path Delay:        0.136ns  (logic 0.059ns (43.382%)  route 0.077ns (56.618%))
  Logic Levels:           0  
  Clock Path Skew:        0.103ns (DCD - SCD - CPR)
    Destination Clock Delay (DCD):    3.851ns
    Source Clock Delay      (SCD):    3.012ns
    Clock Pessimism Removal (CPR):    0.737ns
  Clock Net Delay (Source):      2.286ns (routing 1.221ns, distribution 1.065ns)
  Clock Net Delay (Destination): 2.579ns (routing 1.343ns, distribution 1.236ns)

    Location             Delay type                Incr(ns)  Path(ns)    Netlist Resource(s)
  -------------------------------------------------------------------    -------------------
                         (clock clk rise edge)        0.000     0.000 r  
    E4                                                0.000     0.000 r  clk (IN)
                         net (fo=0)                   0.000     0.000    clk_IBUF_inst/I
    E4                   INBUF (Prop_INBUF_HDIOB_M_PAD_O)
                                                      0.533     0.533 r  clk_IBUF_inst/INBUF_INST/O
                         net (fo=1, routed)           0.000     0.533    clk_IBUF_inst/OUT
    E4                   IBUFCTRL (Prop_IBUFCTRL_HDIOB_M_I_O)
                                                      0.000     0.533 r  clk_IBUF_inst/IBUFCTRL_INST/O
                         net (fo=1, routed)           0.169     0.702    clk_IBUF
    BUFGCE_HDIO_X2Y2     BUFGCE (Prop_BUFCE_BUFGCE_HDIO_I_O)
                                                      0.024     0.726 r  clk_IBUF_BUFG_inst/O
    X1Y3 (CLOCK_ROOT)    net (fo=26562, routed)       2.286     3.012    u_accel/u_pool/g_fpu[0].u_fpu/clk
    SLICE_X92Y233        FDRE                                         r  u_accel/u_pool/g_fpu[0].u_fpu/e_reg[1][minmax_h][6]/C
  -------------------------------------------------------------------    -------------------
    SLICE_X92Y233        FDRE (Prop_GFF_SLICEL_C_Q)
                                                      0.059     3.071 r  u_accel/u_pool/g_fpu[0].u_fpu/e_reg[1][minmax_h][6]/Q
                         net (fo=1, routed)           0.077     3.148    u_accel/u_pool/g_fpu[0].u_fpu/e_reg[1][minmax_h][6]
    SLICE_X93Y233        SRL16E                                       r  u_accel/u_pool/g_fpu[0].u_fpu/e_reg[4][minmax_h][6]_srl3/D
  -------------------------------------------------------------------    -------------------

                         (clock clk rise edge)        0.000     0.000 r  
    E4                                                0.000     0.000 r  clk (IN)
                         net (fo=0)                   0.000     0.000    clk_IBUF_inst/I
    E4                   INBUF (Prop_INBUF_HDIOB_M_PAD_O)
                                                      1.040     1.040 r  clk_IBUF_inst/INBUF_INST/O
                         net (fo=1, routed)           0.000     1.040    clk_IBUF_inst/OUT
    E4                   IBUFCTRL (Prop_IBUFCTRL_HDIOB_M_I_O)
                                                      0.000     1.040 r  clk_IBUF_inst/IBUFCTRL_INST/O
                         net (fo=1, routed)           0.204     1.244    clk_IBUF
    BUFGCE_HDIO_X2Y2     BUFGCE (Prop_BUFCE_BUFGCE_HDIO_I_O)
                                                      0.028     1.272 r  clk_IBUF_BUFG_inst/O
    X1Y3 (CLOCK_ROOT)    net (fo=26562, routed)       2.579     3.851    u_accel/u_pool/g_fpu[0].u_fpu/clk
    SLICE_X93Y233        SRL16E                                       r  u_accel/u_pool/g_fpu[0].u_fpu/e_reg[4][minmax_h][6]_srl3/CLK
                         clock pessimism             -0.737     3.115    
    SLICE_X93Y233        SRL16E (Hold_G6LUT_SLICEM_CLK_D)
                                                      0.020     3.135    u_accel/u_pool/g_fpu[0].u_fpu/e_reg[4][minmax_h][6]_srl3
  -------------------------------------------------------------------
                         required time                         -3.135    
                         arrival time                           3.148    
  -------------------------------------------------------------------
                         slack                                  0.013    

Slack (MET) :             0.013ns  (arrival time - required time)
  Source:                 cpu/ResultSrcE_r_reg[1]/C
                            (rising edge-triggered cell FDRE clocked by clk  {rise@0.000ns fall@5.000ns period=10.000ns})
  Destination:            cpu/ResultSrcM_r_reg[1]/D
                            (rising edge-triggered cell FDRE clocked by clk  {rise@0.000ns fall@5.000ns period=10.000ns})
  Path Group:             clk
  Path Type:              Hold (Min at Slow Process Corner)
  Requirement:            0.000ns  (clk rise@0.000ns - clk rise@0.000ns)
  Data Path Delay:        0.150ns  (logic 0.057ns (38.000%)  route 0.093ns (62.000%))
  Logic Levels:           0  
  Clock Path Skew:        0.077ns (DCD - SCD - CPR)
    Destination Clock Delay (DCD):    3.884ns
    Source Clock Delay      (SCD):    3.075ns
    Clock Pessimism Removal (CPR):    0.733ns
  Clock Net Delay (Source):      2.349ns (routing 1.221ns, distribution 1.128ns)
  Clock Net Delay (Destination): 2.612ns (routing 1.343ns, distribution 1.269ns)

    Location             Delay type                Incr(ns)  Path(ns)    Netlist Resource(s)
  -------------------------------------------------------------------    -------------------
                         (clock clk rise edge)        0.000     0.000 r  
    E4                                                0.000     0.000 r  clk (IN)
                         net (fo=0)                   0.000     0.000    clk_IBUF_inst/I
    E4                   INBUF (Prop_INBUF_HDIOB_M_PAD_O)
                                                      0.533     0.533 r  clk_IBUF_inst/INBUF_INST/O
                         net (fo=1, routed)           0.000     0.533    clk_IBUF_inst/OUT
    E4                   IBUFCTRL (Prop_IBUFCTRL_HDIOB_M_I_O)
                                                      0.000     0.533 r  clk_IBUF_inst/IBUFCTRL_INST/O
                         net (fo=1, routed)           0.169     0.702    clk_IBUF
    BUFGCE_HDIO_X2Y2     BUFGCE (Prop_BUFCE_BUFGCE_HDIO_I_O)
                                                      0.024     0.726 r  clk_IBUF_BUFG_inst/O
    X1Y3 (CLOCK_ROOT)    net (fo=26562, routed)       2.349     3.075    cpu/clk
    SLICE_X15Y294        FDRE                                         r  cpu/ResultSrcE_r_reg[1]/C
  -------------------------------------------------------------------    -------------------
    SLICE_X15Y294        FDRE (Prop_FFF_SLICEM_C_Q)
                                                      0.057     3.132 r  cpu/ResultSrcE_r_reg[1]/Q
                         net (fo=2, routed)           0.093     3.225    cpu/ResultSrcE[1]
    SLICE_X17Y294        FDRE                                         r  cpu/ResultSrcM_r_reg[1]/D
  -------------------------------------------------------------------    -------------------

                         (clock clk rise edge)        0.000     0.000 r  
    E4                                                0.000     0.000 r  clk (IN)
                         net (fo=0)                   0.000     0.000    clk_IBUF_inst/I
    E4                   INBUF (Prop_INBUF_HDIOB_M_PAD_O)
                                                      1.040     1.040 r  clk_IBUF_inst/INBUF_INST/O
                         net (fo=1, routed)           0.000     1.040    clk_IBUF_inst/OUT
    E4                   IBUFCTRL (Prop_IBUFCTRL_HDIOB_M_I_O)
                                                      0.000     1.040 r  clk_IBUF_inst/IBUFCTRL_INST/O
                         net (fo=1, routed)           0.204     1.244    clk_IBUF
    BUFGCE_HDIO_X2Y2     BUFGCE (Prop_BUFCE_BUFGCE_HDIO_I_O)
                                                      0.028     1.272 r  clk_IBUF_BUFG_inst/O
    X1Y3 (CLOCK_ROOT)    net (fo=26562, routed)       2.612     3.884    cpu/clk
    SLICE_X17Y294        FDRE                                         r  cpu/ResultSrcM_r_reg[1]/C
                         clock pessimism             -0.733     3.152    
    SLICE_X17Y294        FDRE (Hold_HFF_SLICEM_C_D)
                                                      0.060     3.212    cpu/ResultSrcM_r_reg[1]
  -------------------------------------------------------------------
                         required time                         -3.212    
                         arrival time                           3.225    
  -------------------------------------------------------------------
                         slack                                  0.013    

Slack (MET) :             0.014ns  (arrival time - required time)
  Source:                 u_accel/u_pool/g_fpu[6].u_fpu/e_reg[1][cvt_s][24]/C
                            (rising edge-triggered cell FDRE clocked by clk  {rise@0.000ns fall@5.000ns period=10.000ns})
  Destination:            u_accel/u_pool/g_fpu[6].u_fpu/e_reg[4][cvt_s][24]_srl3/D
                            (rising edge-triggered cell SRL16E clocked by clk  {rise@0.000ns fall@5.000ns period=10.000ns})
  Path Group:             clk
  Path Type:              Hold (Min at Slow Process Corner)
  Requirement:            0.000ns  (clk rise@0.000ns - clk rise@0.000ns)
  Data Path Delay:        0.153ns  (logic 0.058ns (37.908%)  route 0.095ns (62.091%))
  Logic Levels:           0  
  Clock Path Skew:        0.084ns (DCD - SCD - CPR)
    Destination Clock Delay (DCD):    3.820ns
    Source Clock Delay      (SCD):    2.956ns
    Clock Pessimism Removal (CPR):    0.781ns
  Clock Net Delay (Source):      2.230ns (routing 1.221ns, distribution 1.009ns)
  Clock Net Delay (Destination): 2.548ns (routing 1.343ns, distribution 1.205ns)

    Location             Delay type                Incr(ns)  Path(ns)    Netlist Resource(s)
  -------------------------------------------------------------------    -------------------
                         (clock clk rise edge)        0.000     0.000 r  
    E4                                                0.000     0.000 r  clk (IN)
                         net (fo=0)                   0.000     0.000    clk_IBUF_inst/I
    E4                   INBUF (Prop_INBUF_HDIOB_M_PAD_O)
                                                      0.533     0.533 r  clk_IBUF_inst/INBUF_INST/O
                         net (fo=1, routed)           0.000     0.533    clk_IBUF_inst/OUT
    E4                   IBUFCTRL (Prop_IBUFCTRL_HDIOB_M_I_O)
                                                      0.000     0.533 r  clk_IBUF_inst/IBUFCTRL_INST/O
                         net (fo=1, routed)           0.169     0.702    clk_IBUF
    BUFGCE_HDIO_X2Y2     BUFGCE (Prop_BUFCE_BUFGCE_HDIO_I_O)
                                                      0.024     0.726 r  clk_IBUF_BUFG_inst/O
    X1Y3 (CLOCK_ROOT)    net (fo=26562, routed)       2.230     2.956    u_accel/u_pool/g_fpu[6].u_fpu/clk
    SLICE_X67Y264        FDRE                                         r  u_accel/u_pool/g_fpu[6].u_fpu/e_reg[1][cvt_s][24]/C
  -------------------------------------------------------------------    -------------------
    SLICE_X67Y264        FDRE (Prop_HFF_SLICEM_C_Q)
                                                      0.058     3.014 r  u_accel/u_pool/g_fpu[6].u_fpu/e_reg[1][cvt_s][24]/Q
                         net (fo=1, routed)           0.095     3.109    u_accel/u_pool/g_fpu[6].u_fpu/e_reg[1][cvt_s][24]
    SLICE_X67Y265        SRL16E                                       r  u_accel/u_pool/g_fpu[6].u_fpu/e_reg[4][cvt_s][24]_srl3/D
  -------------------------------------------------------------------    -------------------

                         (clock clk rise edge)        0.000     0.000 r  
    E4                                                0.000     0.000 r  clk (IN)
                         net (fo=0)                   0.000     0.000    clk_IBUF_inst/I
    E4                   INBUF (Prop_INBUF_HDIOB_M_PAD_O)
                                                      1.040     1.040 r  clk_IBUF_inst/INBUF_INST/O
                         net (fo=1, routed)           0.000     1.040    clk_IBUF_inst/OUT
    E4                   IBUFCTRL (Prop_IBUFCTRL_HDIOB_M_I_O)
                                                      0.000     1.040 r  clk_IBUF_inst/IBUFCTRL_INST/O
                         net (fo=1, routed)           0.204     1.244    clk_IBUF
    BUFGCE_HDIO_X2Y2     BUFGCE (Prop_BUFCE_BUFGCE_HDIO_I_O)
                                                      0.028     1.272 r  clk_IBUF_BUFG_inst/O
    X1Y3 (CLOCK_ROOT)    net (fo=26562, routed)       2.548     3.820    u_accel/u_pool/g_fpu[6].u_fpu/clk
    SLICE_X67Y265        SRL16E                                       r  u_accel/u_pool/g_fpu[6].u_fpu/e_reg[4][cvt_s][24]_srl3/CLK
                         clock pessimism             -0.781     3.040    
    SLICE_X67Y265        SRL16E (Hold_A5LUT_SLICEM_CLK_D)
                                                      0.055     3.095    u_accel/u_pool/g_fpu[6].u_fpu/e_reg[4][cvt_s][24]_srl3
  -------------------------------------------------------------------
                         required time                         -3.095    
                         arrival time                           3.109    
  -------------------------------------------------------------------
                         slack                                  0.014    

Slack (MET) :             0.014ns  (arrival time - required time)
  Source:                 u_accel/u_pool/g_fpu[1].u_fpu/e_reg[1][minmax][15]/C
                            (rising edge-triggered cell FDRE clocked by clk  {rise@0.000ns fall@5.000ns period=10.000ns})
  Destination:            u_accel/u_pool/g_fpu[1].u_fpu/e_reg[4][minmax][15]_srl3/D
                            (rising edge-triggered cell SRL16E clocked by clk  {rise@0.000ns fall@5.000ns period=10.000ns})
  Path Group:             clk
  Path Type:              Hold (Min at Slow Process Corner)
  Requirement:            0.000ns  (clk rise@0.000ns - clk rise@0.000ns)
  Data Path Delay:        0.152ns  (logic 0.058ns (38.158%)  route 0.094ns (61.842%))
  Logic Levels:           0  
  Clock Path Skew:        0.059ns (DCD - SCD - CPR)
    Destination Clock Delay (DCD):    3.709ns
    Source Clock Delay      (SCD):    2.877ns
    Clock Pessimism Removal (CPR):    0.774ns
  Clock Net Delay (Source):      2.151ns (routing 1.221ns, distribution 0.930ns)
  Clock Net Delay (Destination): 2.437ns (routing 1.343ns, distribution 1.094ns)

    Location             Delay type                Incr(ns)  Path(ns)    Netlist Resource(s)
  -------------------------------------------------------------------    -------------------
                         (clock clk rise edge)        0.000     0.000 r  
    E4                                                0.000     0.000 r  clk (IN)
                         net (fo=0)                   0.000     0.000    clk_IBUF_inst/I
    E4                   INBUF (Prop_INBUF_HDIOB_M_PAD_O)
                                                      0.533     0.533 r  clk_IBUF_inst/INBUF_INST/O
                         net (fo=1, routed)           0.000     0.533    clk_IBUF_inst/OUT
    E4                   IBUFCTRL (Prop_IBUFCTRL_HDIOB_M_I_O)
                                                      0.000     0.533 r  clk_IBUF_inst/IBUFCTRL_INST/O
                         net (fo=1, routed)           0.169     0.702    clk_IBUF
    BUFGCE_HDIO_X2Y2     BUFGCE (Prop_BUFCE_BUFGCE_HDIO_I_O)
                                                      0.024     0.726 r  clk_IBUF_BUFG_inst/O
    X1Y3 (CLOCK_ROOT)    net (fo=26562, routed)       2.151     2.877    u_accel/u_pool/g_fpu[1].u_fpu/clk
    SLICE_X53Y270        FDRE                                         r  u_accel/u_pool/g_fpu[1].u_fpu/e_reg[1][minmax][15]/C
  -------------------------------------------------------------------    -------------------
    SLICE_X53Y270        FDRE (Prop_DFF_SLICEM_C_Q)
                                                      0.058     2.935 r  u_accel/u_pool/g_fpu[1].u_fpu/e_reg[1][minmax][15]/Q
                         net (fo=1, routed)           0.094     3.029    u_accel/u_pool/g_fpu[1].u_fpu/e_reg[1][minmax][15]
    SLICE_X53Y271        SRL16E                                       r  u_accel/u_pool/g_fpu[1].u_fpu/e_reg[4][minmax][15]_srl3/D
  -------------------------------------------------------------------    -------------------

                         (clock clk rise edge)        0.000     0.000 r  
    E4                                                0.000     0.000 r  clk (IN)
                         net (fo=0)                   0.000     0.000    clk_IBUF_inst/I
    E4                   INBUF (Prop_INBUF_HDIOB_M_PAD_O)
                                                      1.040     1.040 r  clk_IBUF_inst/INBUF_INST/O
                         net (fo=1, routed)           0.000     1.040    clk_IBUF_inst/OUT
    E4                   IBUFCTRL (Prop_IBUFCTRL_HDIOB_M_I_O)
                                                      0.000     1.040 r  clk_IBUF_inst/IBUFCTRL_INST/O
                         net (fo=1, routed)           0.204     1.244    clk_IBUF
    BUFGCE_HDIO_X2Y2     BUFGCE (Prop_BUFCE_BUFGCE_HDIO_I_O)
                                                      0.028     1.272 r  clk_IBUF_BUFG_inst/O
    X1Y3 (CLOCK_ROOT)    net (fo=26562, routed)       2.437     3.709    u_accel/u_pool/g_fpu[1].u_fpu/clk
    SLICE_X53Y271        SRL16E                                       r  u_accel/u_pool/g_fpu[1].u_fpu/e_reg[4][minmax][15]_srl3/CLK
                         clock pessimism             -0.774     2.936    
    SLICE_X53Y271        SRL16E (Hold_H5LUT_SLICEM_CLK_D)
                                                      0.079     3.015    u_accel/u_pool/g_fpu[1].u_fpu/e_reg[4][minmax][15]_srl3
  -------------------------------------------------------------------
                         required time                         -3.015    
                         arrival time                           3.029    
  -------------------------------------------------------------------
                         slack                                  0.014    

Slack (MET) :             0.014ns  (arrival time - required time)
  Source:                 u_accel/u_pool/g_fpu[2].u_fpu/e_reg[1][cvt_s][4]/C
                            (rising edge-triggered cell FDRE clocked by clk  {rise@0.000ns fall@5.000ns period=10.000ns})
  Destination:            u_accel/u_pool/g_fpu[2].u_fpu/e_reg[4][cvt_s][4]_srl3/D
                            (rising edge-triggered cell SRL16E clocked by clk  {rise@0.000ns fall@5.000ns period=10.000ns})
  Path Group:             clk
  Path Type:              Hold (Min at Slow Process Corner)
  Requirement:            0.000ns  (clk rise@0.000ns - clk rise@0.000ns)
  Data Path Delay:        0.193ns  (logic 0.060ns (31.088%)  route 0.133ns (68.912%))
  Logic Levels:           0  
  Clock Path Skew:        0.153ns (DCD - SCD - CPR)
    Destination Clock Delay (DCD):    3.867ns
    Source Clock Delay      (SCD):    2.986ns
    Clock Pessimism Removal (CPR):    0.729ns
  Clock Net Delay (Source):      2.260ns (routing 1.221ns, distribution 1.039ns)
  Clock Net Delay (Destination): 2.595ns (routing 1.343ns, distribution 1.252ns)

    Location             Delay type                Incr(ns)  Path(ns)    Netlist Resource(s)
  -------------------------------------------------------------------    -------------------
                         (clock clk rise edge)        0.000     0.000 r  
    E4                                                0.000     0.000 r  clk (IN)
                         net (fo=0)                   0.000     0.000    clk_IBUF_inst/I
    E4                   INBUF (Prop_INBUF_HDIOB_M_PAD_O)
                                                      0.533     0.533 r  clk_IBUF_inst/INBUF_INST/O
                         net (fo=1, routed)           0.000     0.533    clk_IBUF_inst/OUT
    E4                   IBUFCTRL (Prop_IBUFCTRL_HDIOB_M_I_O)
                                                      0.000     0.533 r  clk_IBUF_inst/IBUFCTRL_INST/O
                         net (fo=1, routed)           0.169     0.702    clk_IBUF
    BUFGCE_HDIO_X2Y2     BUFGCE (Prop_BUFCE_BUFGCE_HDIO_I_O)
                                                      0.024     0.726 r  clk_IBUF_BUFG_inst/O
    X1Y3 (CLOCK_ROOT)    net (fo=26562, routed)       2.260     2.986    u_accel/u_pool/g_fpu[2].u_fpu/clk
    SLICE_X72Y244        FDRE                                         r  u_accel/u_pool/g_fpu[2].u_fpu/e_reg[1][cvt_s][4]/C
  -------------------------------------------------------------------    -------------------
    SLICE_X72Y244        FDRE (Prop_BFF2_SLICEL_C_Q)
                                                      0.060     3.046 r  u_accel/u_pool/g_fpu[2].u_fpu/e_reg[1][cvt_s][4]/Q
                         net (fo=1, routed)           0.133     3.179    u_accel/u_pool/g_fpu[2].u_fpu/e_reg[1][cvt_s][4]
    SLICE_X74Y244        SRL16E                                       r  u_accel/u_pool/g_fpu[2].u_fpu/e_reg[4][cvt_s][4]_srl3/D
  -------------------------------------------------------------------    -------------------

                         (clock clk rise edge)        0.000     0.000 r  
    E4                                                0.000     0.000 r  clk (IN)
                         net (fo=0)                   0.000     0.000    clk_IBUF_inst/I
    E4                   INBUF (Prop_INBUF_HDIOB_M_PAD_O)
                                                      1.040     1.040 r  clk_IBUF_inst/INBUF_INST/O
                         net (fo=1, routed)           0.000     1.040    clk_IBUF_inst/OUT
    E4                   IBUFCTRL (Prop_IBUFCTRL_HDIOB_M_I_O)
                                                      0.000     1.040 r  clk_IBUF_inst/IBUFCTRL_INST/O
                         net (fo=1, routed)           0.204     1.244    clk_IBUF
    BUFGCE_HDIO_X2Y2     BUFGCE (Prop_BUFCE_BUFGCE_HDIO_I_O)
                                                      0.028     1.272 r  clk_IBUF_BUFG_inst/O
    X1Y3 (CLOCK_ROOT)    net (fo=26562, routed)       2.595     3.867    u_accel/u_pool/g_fpu[2].u_fpu/clk
    SLICE_X74Y244        SRL16E                                       r  u_accel/u_pool/g_fpu[2].u_fpu/e_reg[4][cvt_s][4]_srl3/CLK
                         clock pessimism             -0.729     3.138    
    SLICE_X74Y244        SRL16E (Hold_E6LUT_SLICEM_CLK_D)
                                                      0.026     3.164    u_accel/u_pool/g_fpu[2].u_fpu/e_reg[4][cvt_s][4]_srl3
  -------------------------------------------------------------------
                         required time                         -3.164    
                         arrival time                           3.179    
  -------------------------------------------------------------------
                         slack                                  0.014    

Slack (MET) :             0.015ns  (arrival time - required time)
  Source:                 cpu/PCPlus4D_r_reg[8]/C
                            (rising edge-triggered cell FDRE clocked by clk  {rise@0.000ns fall@5.000ns period=10.000ns})
  Destination:            cpu/PCPlus4E_r_reg[8]/D
                            (rising edge-triggered cell FDRE clocked by clk  {rise@0.000ns fall@5.000ns period=10.000ns})
  Path Group:             clk
  Path Type:              Hold (Min at Slow Process Corner)
  Requirement:            0.000ns  (clk rise@0.000ns - clk rise@0.000ns)
  Data Path Delay:        0.127ns  (logic 0.059ns (46.457%)  route 0.068ns (53.543%))
  Logic Levels:           0  
  Clock Path Skew:        0.050ns (DCD - SCD - CPR)
    Destination Clock Delay (DCD):    3.869ns
    Source Clock Delay      (SCD):    3.034ns
    Clock Pessimism Removal (CPR):    0.785ns
  Clock Net Delay (Source):      2.308ns (routing 1.221ns, distribution 1.087ns)
  Clock Net Delay (Destination): 2.597ns (routing 1.343ns, distribution 1.254ns)

    Location             Delay type                Incr(ns)  Path(ns)    Netlist Resource(s)
  -------------------------------------------------------------------    -------------------
                         (clock clk rise edge)        0.000     0.000 r  
    E4                                                0.000     0.000 r  clk (IN)
                         net (fo=0)                   0.000     0.000    clk_IBUF_inst/I
    E4                   INBUF (Prop_INBUF_HDIOB_M_PAD_O)
                                                      0.533     0.533 r  clk_IBUF_inst/INBUF_INST/O
                         net (fo=1, routed)           0.000     0.533    clk_IBUF_inst/OUT
    E4                   IBUFCTRL (Prop_IBUFCTRL_HDIOB_M_I_O)
                                                      0.000     0.533 r  clk_IBUF_inst/IBUFCTRL_INST/O
                         net (fo=1, routed)           0.169     0.702    clk_IBUF
    BUFGCE_HDIO_X2Y2     BUFGCE (Prop_BUFCE_BUFGCE_HDIO_I_O)
                                                      0.024     0.726 r  clk_IBUF_BUFG_inst/O
    X1Y3 (CLOCK_ROOT)    net (fo=26562, routed)       2.308     3.034    cpu/clk
    SLICE_X20Y299        FDRE                                         r  cpu/PCPlus4D_r_reg[8]/C
  -------------------------------------------------------------------    -------------------
    SLICE_X20Y299        FDRE (Prop_GFF_SLICEL_C_Q)
                                                      0.059     3.093 r  cpu/PCPlus4D_r_reg[8]/Q
                         net (fo=1, routed)           0.068     3.161    cpu/PCPlus4D[8]
    SLICE_X20Y298        FDRE                                         r  cpu/PCPlus4E_r_reg[8]/D
  -------------------------------------------------------------------    -------------------

                         (clock clk rise edge)        0.000     0.000 r  
    E4                                                0.000     0.000 r  clk (IN)
                         net (fo=0)                   0.000     0.000    clk_IBUF_inst/I
    E4                   INBUF (Prop_INBUF_HDIOB_M_PAD_O)
                                                      1.040     1.040 r  clk_IBUF_inst/INBUF_INST/O
                         net (fo=1, routed)           0.000     1.040    clk_IBUF_inst/OUT
    E4                   IBUFCTRL (Prop_IBUFCTRL_HDIOB_M_I_O)
                                                      0.000     1.040 r  clk_IBUF_inst/IBUFCTRL_INST/O
                         net (fo=1, routed)           0.204     1.244    clk_IBUF
    BUFGCE_HDIO_X2Y2     BUFGCE (Prop_BUFCE_BUFGCE_HDIO_I_O)
                                                      0.028     1.272 r  clk_IBUF_BUFG_inst/O
    X1Y3 (CLOCK_ROOT)    net (fo=26562, routed)       2.597     3.869    cpu/clk
    SLICE_X20Y298        FDRE                                         r  cpu/PCPlus4E_r_reg[8]/C
                         clock pessimism             -0.785     3.084    
    SLICE_X20Y298        FDRE (Hold_EFF2_SLICEL_C_D)
                                                      0.062     3.146    cpu/PCPlus4E_r_reg[8]
  -------------------------------------------------------------------
                         required time                         -3.146    
                         arrival time                           3.161    
  -------------------------------------------------------------------
                         slack                                  0.015    

Slack (MET) :             0.015ns  (arrival time - required time)
  Source:                 u_accel/u_pool/g_fpu[4].u_fpu/e_reg[1][f_pos0][2]/C
                            (rising edge-triggered cell FDRE clocked by clk  {rise@0.000ns fall@5.000ns period=10.000ns})
  Destination:            u_accel/u_pool/g_fpu[4].u_fpu/e_reg[3][f_pos0][2]_srl2/D
                            (rising edge-triggered cell SRL16E clocked by clk  {rise@0.000ns fall@5.000ns period=10.000ns})
  Path Group:             clk
  Path Type:              Hold (Min at Slow Process Corner)
  Requirement:            0.000ns  (clk rise@0.000ns - clk rise@0.000ns)
  Data Path Delay:        0.332ns  (logic 0.058ns (17.470%)  route 0.274ns (82.530%))
  Logic Levels:           0  
  Clock Path Skew:        0.289ns (DCD - SCD - CPR)
    Destination Clock Delay (DCD):    3.887ns
    Source Clock Delay      (SCD):    2.929ns
    Clock Pessimism Removal (CPR):    0.668ns
  Clock Net Delay (Source):      2.203ns (routing 1.221ns, distribution 0.982ns)
  Clock Net Delay (Destination): 2.614ns (routing 1.343ns, distribution 1.271ns)

    Location             Delay type                Incr(ns)  Path(ns)    Netlist Resource(s)
  -------------------------------------------------------------------    -------------------
                         (clock clk rise edge)        0.000     0.000 r  
    E4                                                0.000     0.000 r  clk (IN)
                         net (fo=0)                   0.000     0.000    clk_IBUF_inst/I
    E4                   INBUF (Prop_INBUF_HDIOB_M_PAD_O)
                                                      0.533     0.533 r  clk_IBUF_inst/INBUF_INST/O
                         net (fo=1, routed)           0.000     0.533    clk_IBUF_inst/OUT
    E4                   IBUFCTRL (Prop_IBUFCTRL_HDIOB_M_I_O)
                                                      0.000     0.533 r  clk_IBUF_inst/IBUFCTRL_INST/O
                         net (fo=1, routed)           0.169     0.702    clk_IBUF
    BUFGCE_HDIO_X2Y2     BUFGCE (Prop_BUFCE_BUFGCE_HDIO_I_O)
                                                      0.024     0.726 r  clk_IBUF_BUFG_inst/O
    X1Y3 (CLOCK_ROOT)    net (fo=26562, routed)       2.203     2.929    u_accel/u_pool/g_fpu[4].u_fpu/clk
    SLICE_X79Y217        FDRE                                         r  u_accel/u_pool/g_fpu[4].u_fpu/e_reg[1][f_pos0][2]/C
  -------------------------------------------------------------------    -------------------
    SLICE_X79Y217        FDRE (Prop_EFF_SLICEM_C_Q)
                                                      0.058     2.987 r  u_accel/u_pool/g_fpu[4].u_fpu/e_reg[1][f_pos0][2]/Q
                         net (fo=1, routed)           0.274     3.261    u_accel/u_pool/g_fpu[4].u_fpu/e_reg[1][f_pos0][2]
    SLICE_X79Y241        SRL16E                                       r  u_accel/u_pool/g_fpu[4].u_fpu/e_reg[3][f_pos0][2]_srl2/D
  -------------------------------------------------------------------    -------------------

                         (clock clk rise edge)        0.000     0.000 r  
    E4                                                0.000     0.000 r  clk (IN)
                         net (fo=0)                   0.000     0.000    clk_IBUF_inst/I
    E4                   INBUF (Prop_INBUF_HDIOB_M_PAD_O)
                                                      1.040     1.040 r  clk_IBUF_inst/INBUF_INST/O
                         net (fo=1, routed)           0.000     1.040    clk_IBUF_inst/OUT
    E4                   IBUFCTRL (Prop_IBUFCTRL_HDIOB_M_I_O)
                                                      0.000     1.040 r  clk_IBUF_inst/IBUFCTRL_INST/O
                         net (fo=1, routed)           0.204     1.244    clk_IBUF
    BUFGCE_HDIO_X2Y2     BUFGCE (Prop_BUFCE_BUFGCE_HDIO_I_O)
                                                      0.028     1.272 r  clk_IBUF_BUFG_inst/O
    X1Y3 (CLOCK_ROOT)    net (fo=26562, routed)       2.614     3.887    u_accel/u_pool/g_fpu[4].u_fpu/clk
    SLICE_X79Y241        SRL16E                                       r  u_accel/u_pool/g_fpu[4].u_fpu/e_reg[3][f_pos0][2]_srl2/CLK
                         clock pessimism             -0.668     3.218    
    SLICE_X79Y241        SRL16E (Hold_C6LUT_SLICEM_CLK_D)
                                                      0.028     3.246    u_accel/u_pool/g_fpu[4].u_fpu/e_reg[3][f_pos0][2]_srl2
  -------------------------------------------------------------------
                         required time                         -3.246    
                         arrival time                           3.261    
  -------------------------------------------------------------------
                         slack                                  0.015    

Slack (MET) :             0.015ns  (arrival time - required time)
  Source:                 u_accel/u_pool/g_fpu[6].u_fpu/e_reg[1][minmax][23]/C
                            (rising edge-triggered cell FDSE clocked by clk  {rise@0.000ns fall@5.000ns period=10.000ns})
  Destination:            u_accel/u_pool/g_fpu[6].u_fpu/e_reg[4][minmax][23]_srl3/D
                            (rising edge-triggered cell SRL16E clocked by clk  {rise@0.000ns fall@5.000ns period=10.000ns})
  Path Group:             clk
  Path Type:              Hold (Min at Slow Process Corner)
  Requirement:            0.000ns  (clk rise@0.000ns - clk rise@0.000ns)
  Data Path Delay:        0.129ns  (logic 0.060ns (46.512%)  route 0.069ns (53.488%))
  Logic Levels:           0  
  Clock Path Skew:        0.082ns (DCD - SCD - CPR)
    Destination Clock Delay (DCD):    3.814ns
    Source Clock Delay      (SCD):    2.952ns
    Clock Pessimism Removal (CPR):    0.781ns
  Clock Net Delay (Source):      2.226ns (routing 1.221ns, distribution 1.005ns)
  Clock Net Delay (Destination): 2.542ns (routing 1.343ns, distribution 1.199ns)

    Location             Delay type                Incr(ns)  Path(ns)    Netlist Resource(s)
  -------------------------------------------------------------------    -------------------
                         (clock clk rise edge)        0.000     0.000 r  
    E4                                                0.000     0.000 r  clk (IN)
                         net (fo=0)                   0.000     0.000    clk_IBUF_inst/I
    E4                   INBUF (Prop_INBUF_HDIOB_M_PAD_O)
                                                      0.533     0.533 r  clk_IBUF_inst/INBUF_INST/O
                         net (fo=1, routed)           0.000     0.533    clk_IBUF_inst/OUT
    E4                   IBUFCTRL (Prop_IBUFCTRL_HDIOB_M_I_O)
                                                      0.000     0.533 r  clk_IBUF_inst/IBUFCTRL_INST/O
                         net (fo=1, routed)           0.169     0.702    clk_IBUF
    BUFGCE_HDIO_X2Y2     BUFGCE (Prop_BUFCE_BUFGCE_HDIO_I_O)
                                                      0.024     0.726 r  clk_IBUF_BUFG_inst/O
    X1Y3 (CLOCK_ROOT)    net (fo=26562, routed)       2.226     2.952    u_accel/u_pool/g_fpu[6].u_fpu/clk
    SLICE_X67Y268        FDSE                                         r  u_accel/u_pool/g_fpu[6].u_fpu/e_reg[1][minmax][23]/C
  -------------------------------------------------------------------    -------------------
    SLICE_X67Y268        FDSE (Prop_BFF2_SLICEM_C_Q)
                                                      0.060     3.012 r  u_accel/u_pool/g_fpu[6].u_fpu/e_reg[1][minmax][23]/Q
                         net (fo=1, routed)           0.069     3.081    u_accel/u_pool/g_fpu[6].u_fpu/e_reg[1][minmax][23]
    SLICE_X67Y269        SRL16E                                       r  u_accel/u_pool/g_fpu[6].u_fpu/e_reg[4][minmax][23]_srl3/D
  -------------------------------------------------------------------    -------------------

                         (clock clk rise edge)        0.000     0.000 r  
    E4                                                0.000     0.000 r  clk (IN)
                         net (fo=0)                   0.000     0.000    clk_IBUF_inst/I
    E4                   INBUF (Prop_INBUF_HDIOB_M_PAD_O)
                                                      1.040     1.040 r  clk_IBUF_inst/INBUF_INST/O
                         net (fo=1, routed)           0.000     1.040    clk_IBUF_inst/OUT
    E4                   IBUFCTRL (Prop_IBUFCTRL_HDIOB_M_I_O)
                                                      0.000     1.040 r  clk_IBUF_inst/IBUFCTRL_INST/O
                         net (fo=1, routed)           0.204     1.244    clk_IBUF
    BUFGCE_HDIO_X2Y2     BUFGCE (Prop_BUFCE_BUFGCE_HDIO_I_O)
                                                      0.028     1.272 r  clk_IBUF_BUFG_inst/O
    X1Y3 (CLOCK_ROOT)    net (fo=26562, routed)       2.542     3.814    u_accel/u_pool/g_fpu[6].u_fpu/clk
    SLICE_X67Y269        SRL16E                                       r  u_accel/u_pool/g_fpu[6].u_fpu/e_reg[4][minmax][23]_srl3/CLK
                         clock pessimism             -0.781     3.033    
    SLICE_X67Y269        SRL16E (Hold_H6LUT_SLICEM_CLK_D)
                                                      0.032     3.065    u_accel/u_pool/g_fpu[6].u_fpu/e_reg[4][minmax][23]_srl3
  -------------------------------------------------------------------
                         required time                         -3.065    
                         arrival time                           3.081    
  -------------------------------------------------------------------
                         slack                                  0.015    

Slack (MET) :             0.015ns  (arrival time - required time)
  Source:                 u_accel/u_pool/g_imul[0].lo_r_reg[18]/C
                            (rising edge-triggered cell FDRE clocked by clk  {rise@0.000ns fall@5.000ns period=10.000ns})
  Destination:            u_accel/u_pool/mul_data_reg[0][18]/D
                            (rising edge-triggered cell FDRE clocked by clk  {rise@0.000ns fall@5.000ns period=10.000ns})
  Path Group:             clk
  Path Type:              Hold (Min at Slow Process Corner)
  Requirement:            0.000ns  (clk rise@0.000ns - clk rise@0.000ns)
  Data Path Delay:        0.152ns  (logic 0.058ns (38.158%)  route 0.094ns (61.842%))
  Logic Levels:           0  
  Clock Path Skew:        0.075ns (DCD - SCD - CPR)
    Destination Clock Delay (DCD):    3.652ns
    Source Clock Delay      (SCD):    2.853ns
    Clock Pessimism Removal (CPR):    0.724ns
  Clock Net Delay (Source):      2.127ns (routing 1.221ns, distribution 0.906ns)
  Clock Net Delay (Destination): 2.379ns (routing 1.343ns, distribution 1.036ns)

    Location             Delay type                Incr(ns)  Path(ns)    Netlist Resource(s)
  -------------------------------------------------------------------    -------------------
                         (clock clk rise edge)        0.000     0.000 r  
    E4                                                0.000     0.000 r  clk (IN)
                         net (fo=0)                   0.000     0.000    clk_IBUF_inst/I
    E4                   INBUF (Prop_INBUF_HDIOB_M_PAD_O)
                                                      0.533     0.533 r  clk_IBUF_inst/INBUF_INST/O
                         net (fo=1, routed)           0.000     0.533    clk_IBUF_inst/OUT
    E4                   IBUFCTRL (Prop_IBUFCTRL_HDIOB_M_I_O)
                                                      0.000     0.533 r  clk_IBUF_inst/IBUFCTRL_INST/O
                         net (fo=1, routed)           0.169     0.702    clk_IBUF
    BUFGCE_HDIO_X2Y2     BUFGCE (Prop_BUFCE_BUFGCE_HDIO_I_O)
                                                      0.024     0.726 r  clk_IBUF_BUFG_inst/O
    X1Y3 (CLOCK_ROOT)    net (fo=26562, routed)       2.127     2.853    u_accel/u_pool/clk
    SLICE_X64Y125        FDRE                                         r  u_accel/u_pool/g_imul[0].lo_r_reg[18]/C
  -------------------------------------------------------------------    -------------------
    SLICE_X64Y125        FDRE (Prop_CFF_SLICEM_C_Q)
                                                      0.058     2.911 r  u_accel/u_pool/g_imul[0].lo_r_reg[18]/Q
                         net (fo=1, routed)           0.094     3.005    u_accel/u_pool/g_imul[0].lo_r[18]
    SLICE_X63Y125        FDRE                                         r  u_accel/u_pool/mul_data_reg[0][18]/D
  -------------------------------------------------------------------    -------------------

                         (clock clk rise edge)        0.000     0.000 r  
    E4                                                0.000     0.000 r  clk (IN)
                         net (fo=0)                   0.000     0.000    clk_IBUF_inst/I
    E4                   INBUF (Prop_INBUF_HDIOB_M_PAD_O)
                                                      1.040     1.040 r  clk_IBUF_inst/INBUF_INST/O
                         net (fo=1, routed)           0.000     1.040    clk_IBUF_inst/OUT
    E4                   IBUFCTRL (Prop_IBUFCTRL_HDIOB_M_I_O)
                                                      0.000     1.040 r  clk_IBUF_inst/IBUFCTRL_INST/O
                         net (fo=1, routed)           0.204     1.244    clk_IBUF
    BUFGCE_HDIO_X2Y2     BUFGCE (Prop_BUFCE_BUFGCE_HDIO_I_O)
                                                      0.028     1.272 r  clk_IBUF_BUFG_inst/O
    X1Y3 (CLOCK_ROOT)    net (fo=26562, routed)       2.379     3.652    u_accel/u_pool/clk
    SLICE_X63Y125        FDRE                                         r  u_accel/u_pool/mul_data_reg[0][18]/C
                         clock pessimism             -0.724     2.928    
    SLICE_X63Y125        FDRE (Hold_CFF2_SLICEM_C_D)
                                                      0.062     2.990    u_accel/u_pool/mul_data_reg[0][18]
  -------------------------------------------------------------------
                         required time                         -2.990    
                         arrival time                           3.005    
  -------------------------------------------------------------------
                         slack                                  0.015    

Slack (MET) :             0.015ns  (arrival time - required time)
  Source:                 u_accel/u_pool/g_imul[7].lo_r_reg[28]/C
                            (rising edge-triggered cell FDRE clocked by clk  {rise@0.000ns fall@5.000ns period=10.000ns})
  Destination:            u_accel/u_pool/mul_data_reg[7][28]/D
                            (rising edge-triggered cell FDRE clocked by clk  {rise@0.000ns fall@5.000ns period=10.000ns})
  Path Group:             clk
  Path Type:              Hold (Min at Slow Process Corner)
  Requirement:            0.000ns  (clk rise@0.000ns - clk rise@0.000ns)
  Data Path Delay:        0.165ns  (logic 0.058ns (35.152%)  route 0.107ns (64.848%))
  Logic Levels:           0  
  Clock Path Skew:        0.090ns (DCD - SCD - CPR)
    Destination Clock Delay (DCD):    3.784ns
    Source Clock Delay      (SCD):    2.965ns
    Clock Pessimism Removal (CPR):    0.730ns
  Clock Net Delay (Source):      2.239ns (routing 1.221ns, distribution 1.018ns)
  Clock Net Delay (Destination): 2.512ns (routing 1.343ns, distribution 1.169ns)

    Location             Delay type                Incr(ns)  Path(ns)    Netlist Resource(s)
  -------------------------------------------------------------------    -------------------
                         (clock clk rise edge)        0.000     0.000 r  
    E4                                                0.000     0.000 r  clk (IN)
                         net (fo=0)                   0.000     0.000    clk_IBUF_inst/I
    E4                   INBUF (Prop_INBUF_HDIOB_M_PAD_O)
                                                      0.533     0.533 r  clk_IBUF_inst/INBUF_INST/O
                         net (fo=1, routed)           0.000     0.533    clk_IBUF_inst/OUT
    E4                   IBUFCTRL (Prop_IBUFCTRL_HDIOB_M_I_O)
                                                      0.000     0.533 r  clk_IBUF_inst/IBUFCTRL_INST/O
                         net (fo=1, routed)           0.169     0.702    clk_IBUF
    BUFGCE_HDIO_X2Y2     BUFGCE (Prop_BUFCE_BUFGCE_HDIO_I_O)
                                                      0.024     0.726 r  clk_IBUF_BUFG_inst/O
    X1Y3 (CLOCK_ROOT)    net (fo=26562, routed)       2.239     2.965    u_accel/u_pool/clk
    SLICE_X86Y168        FDRE                                         r  u_accel/u_pool/g_imul[7].lo_r_reg[28]/C
  -------------------------------------------------------------------    -------------------
    SLICE_X86Y168        FDRE (Prop_EFF_SLICEM_C_Q)
                                                      0.058     3.023 r  u_accel/u_pool/g_imul[7].lo_r_reg[28]/Q
                         net (fo=1, routed)           0.107     3.130    u_accel/u_pool/g_imul[7].lo_r[28]
    SLICE_X84Y169        FDRE                                         r  u_accel/u_pool/mul_data_reg[7][28]/D
  -------------------------------------------------------------------    -------------------

                         (clock clk rise edge)        0.000     0.000 r  
    E4                                                0.000     0.000 r  clk (IN)
                         net (fo=0)                   0.000     0.000    clk_IBUF_inst/I
    E4                   INBUF (Prop_INBUF_HDIOB_M_PAD_O)
                                                      1.040     1.040 r  clk_IBUF_inst/INBUF_INST/O
                         net (fo=1, routed)           0.000     1.040    clk_IBUF_inst/OUT
    E4                   IBUFCTRL (Prop_IBUFCTRL_HDIOB_M_I_O)
                                                      0.000     1.040 r  clk_IBUF_inst/IBUFCTRL_INST/O
                         net (fo=1, routed)           0.204     1.244    clk_IBUF
    BUFGCE_HDIO_X2Y2     BUFGCE (Prop_BUFCE_BUFGCE_HDIO_I_O)
                                                      0.028     1.272 r  clk_IBUF_BUFG_inst/O
    X1Y3 (CLOCK_ROOT)    net (fo=26562, routed)       2.512     3.784    u_accel/u_pool/clk
    SLICE_X84Y169        FDRE                                         r  u_accel/u_pool/mul_data_reg[7][28]/C
                         clock pessimism             -0.730     3.054    
    SLICE_X84Y169        FDRE (Hold_BFF_SLICEM_C_D)
                                                      0.060     3.114    u_accel/u_pool/mul_data_reg[7][28]
  -------------------------------------------------------------------
                         required time                         -3.114    
                         arrival time                           3.130    
  -------------------------------------------------------------------
                         slack                                  0.015    

Slack (MET) :             0.016ns  (arrival time - required time)
  Source:                 u_accel/u_pool/g_fpu[6].u_fpu/e_reg[4][add_mag][38]_srl4_srlopt/C
                            (rising edge-triggered cell FDRE clocked by clk  {rise@0.000ns fall@5.000ns period=10.000ns})
  Destination:            u_accel/u_pool/g_fpu[6].u_fpu/e_reg[4][add_mag][38]_srl4/D
                            (rising edge-triggered cell SRL16E clocked by clk  {rise@0.000ns fall@5.000ns period=10.000ns})
  Path Group:             clk
  Path Type:              Hold (Min at Slow Process Corner)
  Requirement:            0.000ns  (clk rise@0.000ns - clk rise@0.000ns)
  Data Path Delay:        0.149ns  (logic 0.058ns (38.926%)  route 0.091ns (61.074%))
  Logic Levels:           0  
  Clock Path Skew:        0.113ns (DCD - SCD - CPR)
    Destination Clock Delay (DCD):    3.811ns
    Source Clock Delay      (SCD):    2.969ns
    Clock Pessimism Removal (CPR):    0.729ns
  Clock Net Delay (Source):      2.243ns (routing 1.221ns, distribution 1.022ns)
  Clock Net Delay (Destination): 2.539ns (routing 1.343ns, distribution 1.196ns)

    Location             Delay type                Incr(ns)  Path(ns)    Netlist Resource(s)
  -------------------------------------------------------------------    -------------------
                         (clock clk rise edge)        0.000     0.000 r  
    E4                                                0.000     0.000 r  clk (IN)
                         net (fo=0)                   0.000     0.000    clk_IBUF_inst/I
    E4                   INBUF (Prop_INBUF_HDIOB_M_PAD_O)
                                                      0.533     0.533 r  clk_IBUF_inst/INBUF_INST/O
                         net (fo=1, routed)           0.000     0.533    clk_IBUF_inst/OUT
    E4                   IBUFCTRL (Prop_IBUFCTRL_HDIOB_M_I_O)
                                                      0.000     0.533 r  clk_IBUF_inst/IBUFCTRL_INST/O
                         net (fo=1, routed)           0.169     0.702    clk_IBUF
    BUFGCE_HDIO_X2Y2     BUFGCE (Prop_BUFCE_BUFGCE_HDIO_I_O)
                                                      0.024     0.726 r  clk_IBUF_BUFG_inst/O
    X1Y3 (CLOCK_ROOT)    net (fo=26562, routed)       2.243     2.969    u_accel/u_pool/g_fpu[6].u_fpu/clk
    SLICE_X73Y274        FDRE                                         r  u_accel/u_pool/g_fpu[6].u_fpu/e_reg[4][add_mag][38]_srl4_srlopt/C
  -------------------------------------------------------------------    -------------------
    SLICE_X73Y274        FDRE (Prop_AFF_SLICEM_C_Q)
                                                      0.058     3.027 r  u_accel/u_pool/g_fpu[6].u_fpu/e_reg[4][add_mag][38]_srl4_srlopt/Q
                         net (fo=1, routed)           0.091     3.118    u_accel/u_pool/g_fpu[6].u_fpu/srlopt_n_6
    SLICE_X74Y274        SRL16E                                       r  u_accel/u_pool/g_fpu[6].u_fpu/e_reg[4][add_mag][38]_srl4/D
  -------------------------------------------------------------------    -------------------

                         (clock clk rise edge)        0.000     0.000 r  
    E4                                                0.000     0.000 r  clk (IN)
                         net (fo=0)                   0.000     0.000    clk_IBUF_inst/I
    E4                   INBUF (Prop_INBUF_HDIOB_M_PAD_O)
                                                      1.040     1.040 r  clk_IBUF_inst/INBUF_INST/O
                         net (fo=1, routed)           0.000     1.040    clk_IBUF_inst/OUT
    E4                   IBUFCTRL (Prop_IBUFCTRL_HDIOB_M_I_O)
                                                      0.000     1.040 r  clk_IBUF_inst/IBUFCTRL_INST/O
                         net (fo=1, routed)           0.204     1.244    clk_IBUF
    BUFGCE_HDIO_X2Y2     BUFGCE (Prop_BUFCE_BUFGCE_HDIO_I_O)
                                                      0.028     1.272 r  clk_IBUF_BUFG_inst/O
    X1Y3 (CLOCK_ROOT)    net (fo=26562, routed)       2.539     3.811    u_accel/u_pool/g_fpu[6].u_fpu/clk
    SLICE_X74Y274        SRL16E                                       r  u_accel/u_pool/g_fpu[6].u_fpu/e_reg[4][add_mag][38]_srl4/CLK
                         clock pessimism             -0.729     3.082    
    SLICE_X74Y274        SRL16E (Hold_G6LUT_SLICEM_CLK_D)
                                                      0.020     3.102    u_accel/u_pool/g_fpu[6].u_fpu/e_reg[4][add_mag][38]_srl4
  -------------------------------------------------------------------
                         required time                         -3.102    
                         arrival time                           3.118    
  -------------------------------------------------------------------
                         slack                                  0.016    

Slack (MET) :             0.016ns  (arrival time - required time)
  Source:                 u_accel/u_pool/g_fpu[6].u_fpu/e_reg[1][cvt_s][23]/C
                            (rising edge-triggered cell FDRE clocked by clk  {rise@0.000ns fall@5.000ns period=10.000ns})
  Destination:            u_accel/u_pool/g_fpu[6].u_fpu/e_reg[4][cvt_s][23]_srl3/D
                            (rising edge-triggered cell SRL16E clocked by clk  {rise@0.000ns fall@5.000ns period=10.000ns})
  Path Group:             clk
  Path Type:              Hold (Min at Slow Process Corner)
  Requirement:            0.000ns  (clk rise@0.000ns - clk rise@0.000ns)
  Data Path Delay:        0.131ns  (logic 0.061ns (46.565%)  route 0.070ns (53.435%))
  Logic Levels:           0  
  Clock Path Skew:        0.083ns (DCD - SCD - CPR)
    Destination Clock Delay (DCD):    3.820ns
    Source Clock Delay      (SCD):    2.957ns
    Clock Pessimism Removal (CPR):    0.781ns
  Clock Net Delay (Source):      2.231ns (routing 1.221ns, distribution 1.010ns)
  Clock Net Delay (Destination): 2.548ns (routing 1.343ns, distribution 1.205ns)

    Location             Delay type                Incr(ns)  Path(ns)    Netlist Resource(s)
  -------------------------------------------------------------------    -------------------
                         (clock clk rise edge)        0.000     0.000 r  
    E4                                                0.000     0.000 r  clk (IN)
                         net (fo=0)                   0.000     0.000    clk_IBUF_inst/I
    E4                   INBUF (Prop_INBUF_HDIOB_M_PAD_O)
                                                      0.533     0.533 r  clk_IBUF_inst/INBUF_INST/O
                         net (fo=1, routed)           0.000     0.533    clk_IBUF_inst/OUT
    E4                   IBUFCTRL (Prop_IBUFCTRL_HDIOB_M_I_O)
                                                      0.000     0.533 r  clk_IBUF_inst/IBUFCTRL_INST/O
                         net (fo=1, routed)           0.169     0.702    clk_IBUF
    BUFGCE_HDIO_X2Y2     BUFGCE (Prop_BUFCE_BUFGCE_HDIO_I_O)
                                                      0.024     0.726 r  clk_IBUF_BUFG_inst/O
    X1Y3 (CLOCK_ROOT)    net (fo=26562, routed)       2.231     2.957    u_accel/u_pool/g_fpu[6].u_fpu/clk
    SLICE_X67Y264        FDRE                                         r  u_accel/u_pool/g_fpu[6].u_fpu/e_reg[1][cvt_s][23]/C
  -------------------------------------------------------------------    -------------------
    SLICE_X67Y264        FDRE (Prop_DFF2_SLICEM_C_Q)
                                                      0.061     3.018 r  u_accel/u_pool/g_fpu[6].u_fpu/e_reg[1][cvt_s][23]/Q
                         net (fo=1, routed)           0.070     3.088    u_accel/u_pool/g_fpu[6].u_fpu/e_reg[1][cvt_s][23]
    SLICE_X67Y265        SRL16E                                       r  u_accel/u_pool/g_fpu[6].u_fpu/e_reg[4][cvt_s][23]_srl3/D
  -------------------------------------------------------------------    -------------------

                         (clock clk rise edge)        0.000     0.000 r  
    E4                                                0.000     0.000 r  clk (IN)
                         net (fo=0)                   0.000     0.000    clk_IBUF_inst/I
    E4                   INBUF (Prop_INBUF_HDIOB_M_PAD_O)
                                                      1.040     1.040 r  clk_IBUF_inst/INBUF_INST/O
                         net (fo=1, routed)           0.000     1.040    clk_IBUF_inst/OUT
    E4                   IBUFCTRL (Prop_IBUFCTRL_HDIOB_M_I_O)
                                                      0.000     1.040 r  clk_IBUF_inst/IBUFCTRL_INST/O
                         net (fo=1, routed)           0.204     1.244    clk_IBUF
    BUFGCE_HDIO_X2Y2     BUFGCE (Prop_BUFCE_BUFGCE_HDIO_I_O)
                                                      0.028     1.272 r  clk_IBUF_BUFG_inst/O
    X1Y3 (CLOCK_ROOT)    net (fo=26562, routed)       2.548     3.820    u_accel/u_pool/g_fpu[6].u_fpu/clk
    SLICE_X67Y265        SRL16E                                       r  u_accel/u_pool/g_fpu[6].u_fpu/e_reg[4][cvt_s][23]_srl3/CLK
                         clock pessimism             -0.781     3.040    
    SLICE_X67Y265        SRL16E (Hold_H6LUT_SLICEM_CLK_D)
                                                      0.032     3.072    u_accel/u_pool/g_fpu[6].u_fpu/e_reg[4][cvt_s][23]_srl3
  -------------------------------------------------------------------
                         required time                         -3.072    
                         arrival time                           3.088    
  -------------------------------------------------------------------
                         slack                                  0.016    

Slack (MET) :             0.017ns  (arrival time - required time)
  Source:                 u_accel/u_pool/g_fpu[2].u_fpu/e_reg[4][add_mag][33]_srl4_srlopt/C
                            (rising edge-triggered cell FDRE clocked by clk  {rise@0.000ns fall@5.000ns period=10.000ns})
  Destination:            u_accel/u_pool/g_fpu[2].u_fpu/e_reg[4][add_mag][33]_srl4/D
                            (rising edge-triggered cell SRL16E clocked by clk  {rise@0.000ns fall@5.000ns period=10.000ns})
  Path Group:             clk
  Path Type:              Hold (Min at Slow Process Corner)
  Requirement:            0.000ns  (clk rise@0.000ns - clk rise@0.000ns)
  Data Path Delay:        0.158ns  (logic 0.058ns (36.709%)  route 0.100ns (63.291%))
  Logic Levels:           0  
  Clock Path Skew:        0.112ns (DCD - SCD - CPR)
    Destination Clock Delay (DCD):    3.783ns
    Source Clock Delay      (SCD):    2.946ns
    Clock Pessimism Removal (CPR):    0.725ns
  Clock Net Delay (Source):      2.220ns (routing 1.221ns, distribution 0.999ns)
  Clock Net Delay (Destination): 2.511ns (routing 1.343ns, distribution 1.168ns)

    Location             Delay type                Incr(ns)  Path(ns)    Netlist Resource(s)
  -------------------------------------------------------------------    -------------------
                         (clock clk rise edge)        0.000     0.000 r  
    E4                                                0.000     0.000 r  clk (IN)
                         net (fo=0)                   0.000     0.000    clk_IBUF_inst/I
    E4                   INBUF (Prop_INBUF_HDIOB_M_PAD_O)
                                                      0.533     0.533 r  clk_IBUF_inst/INBUF_INST/O
                         net (fo=1, routed)           0.000     0.533    clk_IBUF_inst/OUT
    E4                   IBUFCTRL (Prop_IBUFCTRL_HDIOB_M_I_O)
                                                      0.000     0.533 r  clk_IBUF_inst/IBUFCTRL_INST/O
                         net (fo=1, routed)           0.169     0.702    clk_IBUF
    BUFGCE_HDIO_X2Y2     BUFGCE (Prop_BUFCE_BUFGCE_HDIO_I_O)
                                                      0.024     0.726 r  clk_IBUF_BUFG_inst/O
    X1Y3 (CLOCK_ROOT)    net (fo=26562, routed)       2.220     2.946    u_accel/u_pool/g_fpu[2].u_fpu/clk
    SLICE_X84Y223        FDRE                                         r  u_accel/u_pool/g_fpu[2].u_fpu/e_reg[4][add_mag][33]_srl4_srlopt/C
  -------------------------------------------------------------------    -------------------
    SLICE_X84Y223        FDRE (Prop_EFF_SLICEM_C_Q)
                                                      0.058     3.004 r  u_accel/u_pool/g_fpu[2].u_fpu/e_reg[4][add_mag][33]_srl4_srlopt/Q
                         net (fo=1, routed)           0.100     3.104    u_accel/u_pool/g_fpu[2].u_fpu/srlopt_n_3
    SLICE_X83Y224        SRL16E                                       r  u_accel/u_pool/g_fpu[2].u_fpu/e_reg[4][add_mag][33]_srl4/D
  -------------------------------------------------------------------    -------------------

                         (clock clk rise edge)        0.000     0.000 r  
    E4                                                0.000     0.000 r  clk (IN)
                         net (fo=0)                   0.000     0.000    clk_IBUF_inst/I
    E4                   INBUF (Prop_INBUF_HDIOB_M_PAD_O)
                                                      1.040     1.040 r  clk_IBUF_inst/INBUF_INST/O
                         net (fo=1, routed)           0.000     1.040    clk_IBUF_inst/OUT
    E4                   IBUFCTRL (Prop_IBUFCTRL_HDIOB_M_I_O)
                                                      0.000     1.040 r  clk_IBUF_inst/IBUFCTRL_INST/O
                         net (fo=1, routed)           0.204     1.244    clk_IBUF
    BUFGCE_HDIO_X2Y2     BUFGCE (Prop_BUFCE_BUFGCE_HDIO_I_O)
                                                      0.028     1.272 r  clk_IBUF_BUFG_inst/O
    X1Y3 (CLOCK_ROOT)    net (fo=26562, routed)       2.511     3.783    u_accel/u_pool/g_fpu[2].u_fpu/clk
    SLICE_X83Y224        SRL16E                                       r  u_accel/u_pool/g_fpu[2].u_fpu/e_reg[4][add_mag][33]_srl4/CLK
                         clock pessimism             -0.725     3.058    
    SLICE_X83Y224        SRL16E (Hold_B6LUT_SLICEM_CLK_D)
                                                      0.029     3.087    u_accel/u_pool/g_fpu[2].u_fpu/e_reg[4][add_mag][33]_srl4
  -------------------------------------------------------------------
                         required time                         -3.087    
                         arrival time                           3.104    
  -------------------------------------------------------------------
                         slack                                  0.017    

Slack (MET) :             0.017ns  (arrival time - required time)
  Source:                 u_accel/u_pool/g_fpu[2].u_fpu/e_reg[1][cvt_s][31]/C
                            (rising edge-triggered cell FDRE clocked by clk  {rise@0.000ns fall@5.000ns period=10.000ns})
  Destination:            u_accel/u_pool/g_fpu[2].u_fpu/e_reg[4][cvt_s][31]_srl3/D
                            (rising edge-triggered cell SRL16E clocked by clk  {rise@0.000ns fall@5.000ns period=10.000ns})
  Path Group:             clk
  Path Type:              Hold (Min at Slow Process Corner)
  Requirement:            0.000ns  (clk rise@0.000ns - clk rise@0.000ns)
  Data Path Delay:        0.178ns  (logic 0.059ns (33.146%)  route 0.119ns (66.854%))
  Logic Levels:           0  
  Clock Path Skew:        0.133ns (DCD - SCD - CPR)
    Destination Clock Delay (DCD):    3.850ns
    Source Clock Delay      (SCD):    2.987ns
    Clock Pessimism Removal (CPR):    0.729ns
  Clock Net Delay (Source):      2.261ns (routing 1.221ns, distribution 1.040ns)
  Clock Net Delay (Destination): 2.577ns (routing 1.343ns, distribution 1.234ns)

    Location             Delay type                Incr(ns)  Path(ns)    Netlist Resource(s)
  -------------------------------------------------------------------    -------------------
                         (clock clk rise edge)        0.000     0.000 r  
    E4                                                0.000     0.000 r  clk (IN)
                         net (fo=0)                   0.000     0.000    clk_IBUF_inst/I
    E4                   INBUF (Prop_INBUF_HDIOB_M_PAD_O)
                                                      0.533     0.533 r  clk_IBUF_inst/INBUF_INST/O
                         net (fo=1, routed)           0.000     0.533    clk_IBUF_inst/OUT
    E4                   IBUFCTRL (Prop_IBUFCTRL_HDIOB_M_I_O)
                                                      0.000     0.533 r  clk_IBUF_inst/IBUFCTRL_INST/O
                         net (fo=1, routed)           0.169     0.702    clk_IBUF
    BUFGCE_HDIO_X2Y2     BUFGCE (Prop_BUFCE_BUFGCE_HDIO_I_O)
                                                      0.024     0.726 r  clk_IBUF_BUFG_inst/O
    X1Y3 (CLOCK_ROOT)    net (fo=26562, routed)       2.261     2.987    u_accel/u_pool/g_fpu[2].u_fpu/clk
    SLICE_X76Y242        FDRE                                         r  u_accel/u_pool/g_fpu[2].u_fpu/e_reg[1][cvt_s][31]/C
  -------------------------------------------------------------------    -------------------
    SLICE_X76Y242        FDRE (Prop_EFF_SLICEL_C_Q)
                                                      0.059     3.046 r  u_accel/u_pool/g_fpu[2].u_fpu/e_reg[1][cvt_s][31]/Q
                         net (fo=1, routed)           0.119     3.165    u_accel/u_pool/g_fpu[2].u_fpu/e_reg[1][cvt_s][31]
    SLICE_X78Y243        SRL16E                                       r  u_accel/u_pool/g_fpu[2].u_fpu/e_reg[4][cvt_s][31]_srl3/D
  -------------------------------------------------------------------    -------------------

                         (clock clk rise edge)        0.000     0.000 r  
    E4                                                0.000     0.000 r  clk (IN)
                         net (fo=0)                   0.000     0.000    clk_IBUF_inst/I
    E4                   INBUF (Prop_INBUF_HDIOB_M_PAD_O)
                                                      1.040     1.040 r  clk_IBUF_inst/INBUF_INST/O
                         net (fo=1, routed)           0.000     1.040    clk_IBUF_inst/OUT
    E4                   IBUFCTRL (Prop_IBUFCTRL_HDIOB_M_I_O)
                                                      0.000     1.040 r  clk_IBUF_inst/IBUFCTRL_INST/O
                         net (fo=1, routed)           0.204     1.244    clk_IBUF
    BUFGCE_HDIO_X2Y2     BUFGCE (Prop_BUFCE_BUFGCE_HDIO_I_O)
                                                      0.028     1.272 r  clk_IBUF_BUFG_inst/O
    X1Y3 (CLOCK_ROOT)    net (fo=26562, routed)       2.577     3.850    u_accel/u_pool/g_fpu[2].u_fpu/clk
    SLICE_X78Y243        SRL16E                                       r  u_accel/u_pool/g_fpu[2].u_fpu/e_reg[4][cvt_s][31]_srl3/CLK
                         clock pessimism             -0.729     3.120    
    SLICE_X78Y243        SRL16E (Hold_C6LUT_SLICEM_CLK_D)
                                                      0.028     3.148    u_accel/u_pool/g_fpu[2].u_fpu/e_reg[4][cvt_s][31]_srl3
  -------------------------------------------------------------------
                         required time                         -3.148    
                         arrival time                           3.165    
  -------------------------------------------------------------------
                         slack                                  0.017    





Pulse Width Checks
--------------------------------------------------------------------------------------
Clock Name:         clk
Waveform(ns):       { 0.000 5.000 }
Period(ns):         10.000
Sources:            { clk }

Check Type        Corner  Lib Pin     Reference Pin  Required(ns)  Actual(ns)  Slack(ns)  Location          Pin
Min Period        n/a     BUFGCE/I    n/a            1.290         10.000      8.710      BUFGCE_HDIO_X2Y2  clk_IBUF_BUFG_inst/I
Min Period        n/a     SRL16E/CLK  n/a            1.064         10.000      8.936      SLICE_X88Y285     u_accel/u_pool/g_fpu[0].u_fpu/e_reg[3][f_c_zero]_srl3/CLK
Min Period        n/a     SRL16E/CLK  n/a            1.064         10.000      8.936      SLICE_X88Y264     u_accel/u_pool/g_fpu[0].u_fpu/e_reg[3][f_csign]_srl3/CLK
Min Period        n/a     SRL16E/CLK  n/a            1.064         10.000      8.936      SLICE_X89Y271     u_accel/u_pool/g_fpu[0].u_fpu/e_reg[3][f_fma_spec]_srl3/CLK
Min Period        n/a     SRL16E/CLK  n/a            1.064         10.000      8.936      SLICE_X93Y304     u_accel/u_pool/g_fpu[0].u_fpu/e_reg[3][f_pos0][0]_srl2/CLK
Min Period        n/a     SRL16E/CLK  n/a            1.064         10.000      8.936      SLICE_X93Y307     u_accel/u_pool/g_fpu[0].u_fpu/e_reg[3][f_pos0][11]_srl2/CLK
Min Period        n/a     SRL16E/CLK  n/a            1.064         10.000      8.936      SLICE_X93Y304     u_accel/u_pool/g_fpu[0].u_fpu/e_reg[3][f_pos0][1]_srl2/CLK
Min Period        n/a     SRL16E/CLK  n/a            1.064         10.000      8.936      SLICE_X93Y304     u_accel/u_pool/g_fpu[0].u_fpu/e_reg[3][f_pos0][2]_srl2/CLK
Min Period        n/a     SRL16E/CLK  n/a            1.064         10.000      8.936      SLICE_X93Y304     u_accel/u_pool/g_fpu[0].u_fpu/e_reg[3][f_pos0][3]_srl2/CLK
Min Period        n/a     SRL16E/CLK  n/a            1.064         10.000      8.936      SLICE_X93Y304     u_accel/u_pool/g_fpu[0].u_fpu/e_reg[3][f_pos0][4]_srl2/CLK
Min Period        n/a     SRL16E/CLK  n/a            1.064         10.000      8.936      SLICE_X93Y304     u_accel/u_pool/g_fpu[0].u_fpu/e_reg[3][f_pos0][5]_srl2/CLK
Min Period        n/a     SRL16E/CLK  n/a            1.064         10.000      8.936      SLICE_X93Y304     u_accel/u_pool/g_fpu[0].u_fpu/e_reg[3][f_pos0][6]_srl2/CLK
Min Period        n/a     SRL16E/CLK  n/a            1.064         10.000      8.936      SLICE_X93Y304     u_accel/u_pool/g_fpu[0].u_fpu/e_reg[3][f_pos0][7]_srl2/CLK
Min Period        n/a     SRL16E/CLK  n/a            1.064         10.000      8.936      SLICE_X93Y304     u_accel/u_pool/g_fpu[0].u_fpu/e_reg[3][f_pos0][8]_srl2/CLK
Min Period        n/a     SRL16E/CLK  n/a            1.064         10.000      8.936      SLICE_X86Y268     u_accel/u_pool/g_fpu[0].u_fpu/e_reg[3][f_psign]_srl3/CLK
Min Period        n/a     SRL16E/CLK  n/a            1.064         10.000      8.936      SLICE_X86Y339     u_accel/u_pool/g_fpu[0].u_fpu/e_reg[3][f_sigc][0]_srl2/CLK
Min Period        n/a     SRL16E/CLK  n/a            1.064         10.000      8.936      SLICE_X86Y339     u_accel/u_pool/g_fpu[0].u_fpu/e_reg[3][f_sigc][10]_srl2/CLK
Min Period        n/a     SRL16E/CLK  n/a            1.064         10.000      8.936      SLICE_X86Y339     u_accel/u_pool/g_fpu[0].u_fpu/e_reg[3][f_sigc][11]_srl2/CLK
Min Period        n/a     SRL16E/CLK  n/a            1.064         10.000      8.936      SLICE_X86Y339     u_accel/u_pool/g_fpu[0].u_fpu/e_reg[3][f_sigc][12]_srl2/CLK
Min Period        n/a     SRL16E/CLK  n/a            1.064         10.000      8.936      SLICE_X86Y339     u_accel/u_pool/g_fpu[0].u_fpu/e_reg[3][f_sigc][13]_srl2/CLK
Low Pulse Width   Slow    SRL16E/CLK  n/a            0.532         5.000       4.468      SLICE_X88Y285     u_accel/u_pool/g_fpu[0].u_fpu/e_reg[3][f_c_zero]_srl3/CLK
Low Pulse Width   Fast    SRL16E/CLK  n/a            0.532         5.000       4.468      SLICE_X88Y285     u_accel/u_pool/g_fpu[0].u_fpu/e_reg[3][f_c_zero]_srl3/CLK
Low Pulse Width   Slow    SRL16E/CLK  n/a            0.532         5.000       4.468      SLICE_X88Y264     u_accel/u_pool/g_fpu[0].u_fpu/e_reg[3][f_csign]_srl3/CLK
Low Pulse Width   Fast    SRL16E/CLK  n/a            0.532         5.000       4.468      SLICE_X88Y264     u_accel/u_pool/g_fpu[0].u_fpu/e_reg[3][f_csign]_srl3/CLK
Low Pulse Width   Slow    SRL16E/CLK  n/a            0.532         5.000       4.468      SLICE_X89Y271     u_accel/u_pool/g_fpu[0].u_fpu/e_reg[3][f_fma_spec]_srl3/CLK
Low Pulse Width   Fast    SRL16E/CLK  n/a            0.532         5.000       4.468      SLICE_X89Y271     u_accel/u_pool/g_fpu[0].u_fpu/e_reg[3][f_fma_spec]_srl3/CLK
Low Pulse Width   Slow    SRL16E/CLK  n/a            0.532         5.000       4.468      SLICE_X93Y304     u_accel/u_pool/g_fpu[0].u_fpu/e_reg[3][f_pos0][0]_srl2/CLK
Low Pulse Width   Fast    SRL16E/CLK  n/a            0.532         5.000       4.468      SLICE_X93Y304     u_accel/u_pool/g_fpu[0].u_fpu/e_reg[3][f_pos0][0]_srl2/CLK
Low Pulse Width   Slow    SRL16E/CLK  n/a            0.532         5.000       4.468      SLICE_X93Y307     u_accel/u_pool/g_fpu[0].u_fpu/e_reg[3][f_pos0][11]_srl2/CLK
Low Pulse Width   Fast    SRL16E/CLK  n/a            0.532         5.000       4.468      SLICE_X93Y307     u_accel/u_pool/g_fpu[0].u_fpu/e_reg[3][f_pos0][11]_srl2/CLK
Low Pulse Width   Slow    SRL16E/CLK  n/a            0.532         5.000       4.468      SLICE_X93Y304     u_accel/u_pool/g_fpu[0].u_fpu/e_reg[3][f_pos0][1]_srl2/CLK
Low Pulse Width   Fast    SRL16E/CLK  n/a            0.532         5.000       4.468      SLICE_X93Y304     u_accel/u_pool/g_fpu[0].u_fpu/e_reg[3][f_pos0][1]_srl2/CLK
Low Pulse Width   Slow    SRL16E/CLK  n/a            0.532         5.000       4.468      SLICE_X93Y304     u_accel/u_pool/g_fpu[0].u_fpu/e_reg[3][f_pos0][2]_srl2/CLK
Low Pulse Width   Fast    SRL16E/CLK  n/a            0.532         5.000       4.468      SLICE_X93Y304     u_accel/u_pool/g_fpu[0].u_fpu/e_reg[3][f_pos0][2]_srl2/CLK
Low Pulse Width   Slow    SRL16E/CLK  n/a            0.532         5.000       4.468      SLICE_X93Y304     u_accel/u_pool/g_fpu[0].u_fpu/e_reg[3][f_pos0][3]_srl2/CLK
Low Pulse Width   Fast    SRL16E/CLK  n/a            0.532         5.000       4.468      SLICE_X93Y304     u_accel/u_pool/g_fpu[0].u_fpu/e_reg[3][f_pos0][3]_srl2/CLK
Low Pulse Width   Slow    SRL16E/CLK  n/a            0.532         5.000       4.468      SLICE_X93Y304     u_accel/u_pool/g_fpu[0].u_fpu/e_reg[3][f_pos0][4]_srl2/CLK
Low Pulse Width   Fast    SRL16E/CLK  n/a            0.532         5.000       4.468      SLICE_X93Y304     u_accel/u_pool/g_fpu[0].u_fpu/e_reg[3][f_pos0][4]_srl2/CLK
Low Pulse Width   Slow    SRL16E/CLK  n/a            0.532         5.000       4.468      SLICE_X93Y304     u_accel/u_pool/g_fpu[0].u_fpu/e_reg[3][f_pos0][5]_srl2/CLK
Low Pulse Width   Fast    SRL16E/CLK  n/a            0.532         5.000       4.468      SLICE_X93Y304     u_accel/u_pool/g_fpu[0].u_fpu/e_reg[3][f_pos0][5]_srl2/CLK
High Pulse Width  Slow    SRL16E/CLK  n/a            0.532         5.000       4.468      SLICE_X88Y285     u_accel/u_pool/g_fpu[0].u_fpu/e_reg[3][f_c_zero]_srl3/CLK
High Pulse Width  Fast    SRL16E/CLK  n/a            0.532         5.000       4.468      SLICE_X88Y285     u_accel/u_pool/g_fpu[0].u_fpu/e_reg[3][f_c_zero]_srl3/CLK
High Pulse Width  Slow    SRL16E/CLK  n/a            0.532         5.000       4.468      SLICE_X88Y264     u_accel/u_pool/g_fpu[0].u_fpu/e_reg[3][f_csign]_srl3/CLK
High Pulse Width  Fast    SRL16E/CLK  n/a            0.532         5.000       4.468      SLICE_X88Y264     u_accel/u_pool/g_fpu[0].u_fpu/e_reg[3][f_csign]_srl3/CLK
High Pulse Width  Slow    SRL16E/CLK  n/a            0.532         5.000       4.468      SLICE_X89Y271     u_accel/u_pool/g_fpu[0].u_fpu/e_reg[3][f_fma_spec]_srl3/CLK
High Pulse Width  Fast    SRL16E/CLK  n/a            0.532         5.000       4.468      SLICE_X89Y271     u_accel/u_pool/g_fpu[0].u_fpu/e_reg[3][f_fma_spec]_srl3/CLK
High Pulse Width  Slow    SRL16E/CLK  n/a            0.532         5.000       4.468      SLICE_X93Y304     u_accel/u_pool/g_fpu[0].u_fpu/e_reg[3][f_pos0][0]_srl2/CLK
High Pulse Width  Fast    SRL16E/CLK  n/a            0.532         5.000       4.468      SLICE_X93Y304     u_accel/u_pool/g_fpu[0].u_fpu/e_reg[3][f_pos0][0]_srl2/CLK
High Pulse Width  Slow    SRL16E/CLK  n/a            0.532         5.000       4.468      SLICE_X93Y307     u_accel/u_pool/g_fpu[0].u_fpu/e_reg[3][f_pos0][11]_srl2/CLK
High Pulse Width  Fast    SRL16E/CLK  n/a            0.532         5.000       4.468      SLICE_X93Y307     u_accel/u_pool/g_fpu[0].u_fpu/e_reg[3][f_pos0][11]_srl2/CLK
High Pulse Width  Slow    SRL16E/CLK  n/a            0.532         5.000       4.468      SLICE_X93Y304     u_accel/u_pool/g_fpu[0].u_fpu/e_reg[3][f_pos0][1]_srl2/CLK
High Pulse Width  Fast    SRL16E/CLK  n/a            0.532         5.000       4.468      SLICE_X93Y304     u_accel/u_pool/g_fpu[0].u_fpu/e_reg[3][f_pos0][1]_srl2/CLK
High Pulse Width  Slow    SRL16E/CLK  n/a            0.532         5.000       4.468      SLICE_X93Y304     u_accel/u_pool/g_fpu[0].u_fpu/e_reg[3][f_pos0][2]_srl2/CLK
High Pulse Width  Fast    SRL16E/CLK  n/a            0.532         5.000       4.468      SLICE_X93Y304     u_accel/u_pool/g_fpu[0].u_fpu/e_reg[3][f_pos0][2]_srl2/CLK
High Pulse Width  Slow    SRL16E/CLK  n/a            0.532         5.000       4.468      SLICE_X93Y304     u_accel/u_pool/g_fpu[0].u_fpu/e_reg[3][f_pos0][3]_srl2/CLK
High Pulse Width  Fast    SRL16E/CLK  n/a            0.532         5.000       4.468      SLICE_X93Y304     u_accel/u_pool/g_fpu[0].u_fpu/e_reg[3][f_pos0][3]_srl2/CLK
High Pulse Width  Slow    SRL16E/CLK  n/a            0.532         5.000       4.468      SLICE_X93Y304     u_accel/u_pool/g_fpu[0].u_fpu/e_reg[3][f_pos0][4]_srl2/CLK
High Pulse Width  Fast    SRL16E/CLK  n/a            0.532         5.000       4.468      SLICE_X93Y304     u_accel/u_pool/g_fpu[0].u_fpu/e_reg[3][f_pos0][4]_srl2/CLK
High Pulse Width  Slow    SRL16E/CLK  n/a            0.532         5.000       4.468      SLICE_X93Y304     u_accel/u_pool/g_fpu[0].u_fpu/e_reg[3][f_pos0][5]_srl2/CLK
High Pulse Width  Fast    SRL16E/CLK  n/a            0.532         5.000       4.468      SLICE_X93Y304     u_accel/u_pool/g_fpu[0].u_fpu/e_reg[3][f_pos0][5]_srl2/CLK



