Copyright 1986-2022 Xilinx, Inc. All Rights Reserved. Copyright 2022-2025 Advanced Micro Devices, Inc. All Rights Reserved.
--------------------------------------------------------------------------------------------------------------------------------------------------
| Tool Version      : Vivado v.2025.1 (win64) Build 6140274 Thu May 22 00:12:29 MDT 2025
| Date              : Fri Jul 17 14:43:02 2026
| Host              : Krishna_NITjsr running 64-bit major release  (build 9200)
| Command           : report_timing_summary -max_paths 10 -file {D:/Verilog Projects/simtix/fpga/reports_ai_pdot8/post_route_timing.rpt}
| Design            : simt_accel
| Device            : xczu7ev-ffvc1156
| Speed File        : -2  PRODUCTION 1.30 05-15-2022
| Design State      : Routed
| Temperature Grade : E
--------------------------------------------------------------------------------------------------------------------------------------------------

Timing Summary Report

------------------------------------------------------------------------------------------------
| Timer Settings
| --------------
------------------------------------------------------------------------------------------------

  Enable Multi Corner Analysis               :  Yes
  Enable Pessimism Removal                   :  Yes
  Pessimism Removal Resolution               :  Nearest Common Node
  Enable Input Delay Default Clock           :  No
  Enable Preset / Clear Arcs                 :  No
  Disable Flight Delays                      :  No
  Ignore I/O Paths                           :  No
  Timing Early Launch at Borrowing Latches   :  No
  Borrow Time for Max Delay Exceptions       :  Yes
  Merge Timing Exceptions                    :  Yes
  Inter-SLR Compensation                     :  Conservative

  Corner  Analyze    Analyze    
  Name    Max Paths  Min Paths  
  ------  ---------  ---------  
  Slow    Yes        Yes        
  Fast    Yes        Yes        


------------------------------------------------------------------------------------------------
| Report Methodology
| ------------------
------------------------------------------------------------------------------------------------

No report available as report_methodology has not been run prior. Run report_methodology on the current design for the summary of methodology violations.



check_timing report

Table of Contents
-----------------
1. checking no_clock (0)
2. checking constant_clock (0)
3. checking pulse_width_clock (0)
4. checking unconstrained_internal_endpoints (0)
5. checking no_input_delay (331)
6. checking no_output_delay (380)
7. checking multiple_clock (0)
8. checking generated_clocks (0)
9. checking loops (0)
10. checking partial_input_delay (0)
11. checking partial_output_delay (0)
12. checking latch_loops (0)

1. checking no_clock (0)
------------------------
 There are 0 register/latch pins with no clock.


2. checking constant_clock (0)
------------------------------
 There are 0 register/latch pins with constant_clock.


3. checking pulse_width_clock (0)
---------------------------------
 There are 0 register/latch pins which need pulse_width check


4. checking unconstrained_internal_endpoints (0)
------------------------------------------------
 There are 0 pins that are not constrained for maximum delay.

 There are 0 pins that are not constrained for maximum delay due to constant clock.


5. checking no_input_delay (331)
--------------------------------
 There are 330 input ports with no input delay specified. (HIGH)

 There is 1 input port with no input delay but user has a false path constraint. (MEDIUM)


6. checking no_output_delay (380)
---------------------------------
 There are 380 ports with no output delay specified. (HIGH)

 There are 0 ports with no output delay but user has a false path constraint

 There are 0 ports with no output delay but with a timing clock defined on it or propagating through it


7. checking multiple_clock (0)
------------------------------
 There are 0 register/latch pins with multiple clocks.


8. checking generated_clocks (0)
--------------------------------
 There are 0 generated clocks that are not connected to a clock source.


9. checking loops (0)
---------------------
 There are 0 combinational loops in the design.


10. checking partial_input_delay (0)
------------------------------------
 There are 0 input ports with partial input delay specified.


11. checking partial_output_delay (0)
-------------------------------------
 There are 0 ports with partial output delay specified.


12. checking latch_loops (0)
----------------------------
 There are 0 combinational latch loops in the design through latch input



------------------------------------------------------------------------------------------------
| Design Timing Summary
| ---------------------
------------------------------------------------------------------------------------------------

    WNS(ns)      TNS(ns)  TNS Failing Endpoints  TNS Total Endpoints      WHS(ns)      THS(ns)  THS Failing Endpoints  THS Total Endpoints     WPWS(ns)     TPWS(ns)  TPWS Failing Endpoints  TPWS Total Endpoints  
    -------      -------  ---------------------  -------------------      -------      -------  ---------------------  -------------------     --------     --------  ----------------------  --------------------  
      1.089        0.000                      0                70636        0.019        0.000                      0                70636        4.468        0.000                       0                 24083  


All user specified timing constraints are met.


------------------------------------------------------------------------------------------------
| Clock Summary
| -------------
------------------------------------------------------------------------------------------------

Clock  Waveform(ns)       Period(ns)      Frequency(MHz)
-----  ------------       ----------      --------------
clk    {0.000 5.000}      10.000          100.000         


------------------------------------------------------------------------------------------------
| Intra Clock Table
| -----------------
------------------------------------------------------------------------------------------------

Clock             WNS(ns)      TNS(ns)  TNS Failing Endpoints  TNS Total Endpoints      WHS(ns)      THS(ns)  THS Failing Endpoints  THS Total Endpoints     WPWS(ns)     TPWS(ns)  TPWS Failing Endpoints  TPWS Total Endpoints  
-----             -------      -------  ---------------------  -------------------      -------      -------  ---------------------  -------------------     --------     --------  ----------------------  --------------------  
clk                 1.089        0.000                      0                70636        0.019        0.000                      0                70636        4.468        0.000                       0                 24083  


------------------------------------------------------------------------------------------------
| Inter Clock Table
| -----------------
------------------------------------------------------------------------------------------------

From Clock    To Clock          WNS(ns)      TNS(ns)  TNS Failing Endpoints  TNS Total Endpoints      WHS(ns)      THS(ns)  THS Failing Endpoints  THS Total Endpoints  
----------    --------          -------      -------  ---------------------  -------------------      -------      -------  ---------------------  -------------------  


------------------------------------------------------------------------------------------------
| Other Path Groups Table
| -----------------------
------------------------------------------------------------------------------------------------

Path Group    From Clock    To Clock          WNS(ns)      TNS(ns)  TNS Failing Endpoints  TNS Total Endpoints      WHS(ns)      THS(ns)  THS Failing Endpoints  THS Total Endpoints  
----------    ----------    --------          -------      -------  ---------------------  -------------------      -------      -------  ---------------------  -------------------  


------------------------------------------------------------------------------------------------
| Timing Details
| --------------
------------------------------------------------------------------------------------------------


---------------------------------------------------------------------------------------------------
From Clock:  clk
  To Clock:  clk

Setup :            0  Failing Endpoints,  Worst Slack        1.089ns,  Total Violation        0.000ns
Hold  :            0  Failing Endpoints,  Worst Slack        0.019ns,  Total Violation        0.000ns
PW    :            0  Failing Endpoints,  Worst Slack        4.468ns,  Total Violation        0.000ns
---------------------------------------------------------------------------------------------------


Max Delay Paths
--------------------------------------------------------------------------------------
Slack (MET) :             1.089ns  (required time - arrival time)
  Source:                 u_pool/q_frv1_reg[4][23]/C
                            (rising edge-triggered cell FDRE clocked by clk  {rise@0.000ns fall@5.000ns period=10.000ns})
  Destination:            u_pool/g_fpu[4].u_fpu/e_reg[4][add_spec]_srl4_srlopt/D
                            (rising edge-triggered cell FDRE clocked by clk  {rise@0.000ns fall@5.000ns period=10.000ns})
  Path Group:             clk
  Path Type:              Setup (Max at Slow Process Corner)
  Requirement:            10.000ns  (clk rise@10.000ns - clk rise@0.000ns)
  Data Path Delay:        8.892ns  (logic 3.237ns (36.403%)  route 5.655ns (63.597%))
  Logic Levels:           36  (CARRY8=11 LUT2=3 LUT3=4 LUT4=6 LUT5=3 LUT6=9)
  Clock Path Skew:        -0.009ns (DCD - SCD + CPR)
    Destination Clock Delay (DCD):    0.020ns = ( 10.020 - 10.000 ) 
    Source Clock Delay      (SCD):    0.029ns
    Clock Pessimism Removal (CPR):    0.000ns
  Clock Uncertainty:      0.035ns  ((TSJ^2 + TIJ^2)^1/2 + DJ) / 2 + PE
    Total System Jitter     (TSJ):    0.071ns
    Total Input Jitter      (TIJ):    0.000ns
    Discrete Jitter          (DJ):    0.000ns
    Phase Error              (PE):    0.000ns

    Location             Delay type                Incr(ns)  Path(ns)    Netlist Resource(s)
  -------------------------------------------------------------------    -------------------
                         (clock clk rise edge)        0.000     0.000 r  
                                                      0.000     0.000 r  clk (IN)
                         net (fo=24410, unset)        0.029     0.029    u_pool/clk
    SLICE_X62Y170        FDRE                                         r  u_pool/q_frv1_reg[4][23]/C
  -------------------------------------------------------------------    -------------------
    SLICE_X62Y170        FDRE (Prop_FFF2_SLICEL_C_Q)
                                                      0.081     0.110 f  u_pool/q_frv1_reg[4][23]/Q
                         net (fo=4, routed)           0.305     0.415    u_pool/g_fpu[4].u_fpu/a[23]
    SLICE_X62Y170        LUT6 (Prop_D6LUT_SLICEL_I0_O)
                                                      0.146     0.561 f  u_pool/g_fpu[4].u_fpu/e_reg[4][sgnj_h][14]_srl4_i_7/O
                         net (fo=1, routed)           0.037     0.598    u_pool/g_fpu[4].u_fpu/e_reg[4][sgnj_h][14]_srl4_i_7_n_0
    SLICE_X62Y170        LUT2 (Prop_B6LUT_SLICEL_I0_O)
                                                      0.051     0.649 f  u_pool/g_fpu[4].u_fpu/e_reg[4][sgnj_h][14]_srl4_i_5/O
                         net (fo=5, routed)           0.099     0.748    u_pool/g_fpu[4].u_fpu/e_reg[4][sgnj_h][14]_srl4_i_5_n_0
    SLICE_X62Y172        LUT2 (Prop_F6LUT_SLICEL_I1_O)
                                                      0.035     0.783 r  u_pool/g_fpu[4].u_fpu/e[1][minmax_h][0]_i_2/O
                         net (fo=20, routed)          0.220     1.003    u_pool/g_fpu[4].u_fpu/e[1][minmax_h][0]_i_2_n_0
    SLICE_X64Y173        LUT3 (Prop_B5LUT_SLICEM_I0_O)
                                                      0.116     1.119 r  u_pool/g_fpu[4].u_fpu/e_reg[4][sgnj_h][12]_srl4_i_1/O
                         net (fo=5, routed)           0.237     1.357    u_pool/g_fpu[4].u_fpu/p_0_in[2]
    SLICE_X64Y173        LUT3 (Prop_D5LUT_SLICEM_I2_O)
                                                      0.158     1.515 f  u_pool/g_fpu[4].u_fpu/e_reg[4][opa][24]_srl4_i_5/O
                         net (fo=2, routed)           0.155     1.669    u_pool/g_fpu[4].u_fpu/e_reg[4][opa][24]_srl4_i_5_n_0
    SLICE_X63Y173        LUT6 (Prop_F6LUT_SLICEM_I1_O)
                                                      0.123     1.792 f  u_pool/g_fpu[4].u_fpu/e_reg[4][opa][24]_srl4_i_3/O
                         net (fo=18, routed)          0.169     1.962    u_pool/g_fpu[4].u_fpu/e_reg[4][opa][24]_srl4_i_3_n_0
    SLICE_X62Y171        LUT5 (Prop_F6LUT_SLICEL_I2_O)
                                                      0.089     2.051 r  u_pool/g_fpu[4].u_fpu/e[1][minmax][26]_i_2/O
                         net (fo=20, routed)          0.313     2.364    u_pool/g_fpu[4].u_fpu/e[1][mul_esum][7]_i_6_n_0
    SLICE_X61Y172        LUT4 (Prop_D5LUT_SLICEM_I3_O)
                                                      0.110     2.474 f  u_pool/g_fpu[4].u_fpu/prod2_reg_i_57/O
                         net (fo=1, routed)           0.143     2.617    u_pool/g_fpu[4].u_fpu/prod2_reg_i_57_n_0
    SLICE_X60Y172        LUT5 (Prop_E6LUT_SLICEL_I0_O)
                                                      0.147     2.764 r  u_pool/g_fpu[4].u_fpu/prod2_reg_i_42/O
                         net (fo=148, routed)         0.448     3.212    u_pool/g_fpu[4].u_fpu/siga[23]
    SLICE_X58Y183        LUT2 (Prop_D5LUT_SLICEL_I1_O)
                                                      0.157     3.369 r  u_pool/g_fpu[4].u_fpu/prod3_reg_i_2/O
                         net (fo=18, routed)          0.490     3.859    u_pool/g_fpu[4].u_fpu/siga[22]
    SLICE_X60Y172        LUT4 (Prop_D6LUT_SLICEL_I3_O)
                                                      0.099     3.958 r  u_pool/g_fpu[4].u_fpu/e_reg[4][add_ebig][7]_srl4_i_13/O
                         net (fo=1, routed)           0.009     3.967    u_pool/g_fpu[4].u_fpu/e_reg[4][add_ebig][7]_srl4_i_13_n_0
    SLICE_X60Y172        CARRY8 (Prop_CARRY8_SLICEL_S[3]_CO[3])
                                                      0.128     4.095 r  u_pool/g_fpu[4].u_fpu/e_reg[4][add_ebig][7]_srl4_i_3/CO[3]
                         net (fo=1, routed)           0.168     4.263    u_pool/g_fpu[4].u_fpu/p_73_in
    SLICE_X60Y168        LUT6 (Prop_H6LUT_SLICEL_I1_O)
                                                      0.036     4.299 r  u_pool/g_fpu[4].u_fpu/e_reg[4][add_ebig][7]_srl4_i_2/O
                         net (fo=96, routed)          0.184     4.484    u_pool/g_fpu[4].u_fpu/e_reg[4][add_ebig][7]_srl4_i_2_n_0
    SLICE_X60Y165        LUT3 (Prop_H5LUT_SLICEL_I1_O)
                                                      0.065     4.549 r  u_pool/g_fpu[4].u_fpu/e_reg[4][add_mag][47]_srl4_i_45/O
                         net (fo=1, routed)           0.184     4.733    u_pool/g_fpu[4].u_fpu/e_reg[4][add_mag][47]_srl4_i_45_n_0
    SLICE_X60Y165        LUT6 (Prop_D6LUT_SLICEL_I1_O)
                                                      0.099     4.832 r  u_pool/g_fpu[4].u_fpu/e_reg[4][add_mag][47]_srl4_i_25/O
                         net (fo=114, routed)         0.219     5.050    u_pool/g_fpu[4].u_fpu/e_reg[4][add_mag][47]_srl4_i_25_n_0
    SLICE_X57Y167        LUT3 (Prop_H5LUT_SLICEM_I0_O)
                                                      0.066     5.116 r  u_pool/g_fpu[4].u_fpu/e_reg[4][add_mag][50]_srl4_i_7/O
                         net (fo=30, routed)          0.307     5.423    u_pool/g_fpu[4].u_fpu/e_reg[4][add_mag][50]_srl4_i_7_n_0
    SLICE_X58Y161        LUT4 (Prop_A6LUT_SLICEL_I0_O)
                                                      0.098     5.521 r  u_pool/g_fpu[4].u_fpu/e_reg[4][add_mag][7]_srl4_i_142/O
                         net (fo=1, routed)           0.009     5.530    u_pool/g_fpu[4].u_fpu/e_reg[4][add_mag][7]_srl4_i_142_n_0
    SLICE_X58Y161        CARRY8 (Prop_CARRY8_SLICEL_S[0]_CO[7])
                                                      0.190     5.720 r  u_pool/g_fpu[4].u_fpu/e_reg[4][add_mag][7]_srl4_i_109/CO[7]
                         net (fo=1, routed)           0.026     5.746    u_pool/g_fpu[4].u_fpu/e_reg[4][add_mag][7]_srl4_i_109_n_0
    SLICE_X58Y162        CARRY8 (Prop_CARRY8_SLICEL_CI_CO[7])
                                                      0.015     5.761 r  u_pool/g_fpu[4].u_fpu/e_reg[4][add_mag][7]_srl4_i_92/CO[7]
                         net (fo=1, routed)           0.026     5.787    u_pool/g_fpu[4].u_fpu/e_reg[4][add_mag][7]_srl4_i_92_n_0
    SLICE_X58Y163        CARRY8 (Prop_CARRY8_SLICEL_CI_CO[7])
                                                      0.015     5.802 r  u_pool/g_fpu[4].u_fpu/e_reg[4][add_mag][7]_srl4_i_74/CO[7]
                         net (fo=1, routed)           0.026     5.828    u_pool/g_fpu[4].u_fpu/e_reg[4][add_mag][7]_srl4_i_74_n_0
    SLICE_X58Y164        CARRY8 (Prop_CARRY8_SLICEL_CI_O[4])
                                                      0.086     5.914 r  u_pool/g_fpu[4].u_fpu/e_reg[4][add_mag][7]_srl4_i_37/O[4]
                         net (fo=1, routed)           0.166     6.080    u_pool/g_fpu[4].u_fpu/e_reg[4][add_mag][7]_srl4_i_37_n_11
    SLICE_X59Y166        LUT6 (Prop_C6LUT_SLICEL_I3_O)
                                                      0.096     6.176 r  u_pool/g_fpu[4].u_fpu/e_reg[4][add_mag][7]_srl4_i_24/O
                         net (fo=1, routed)           0.256     6.432    u_pool/g_fpu[4].u_fpu/e_reg[4][add_mag][7]_srl4_i_24_n_0
    SLICE_X58Y167        LUT6 (Prop_H6LUT_SLICEL_I5_O)
                                                      0.036     6.468 r  u_pool/g_fpu[4].u_fpu/e_reg[4][add_mag][7]_srl4_i_15/O
                         net (fo=1, routed)           0.268     6.736    u_pool/g_fpu[4].u_fpu/e_reg[4][add_mag][7]_srl4_i_15_n_0
    SLICE_X56Y166        LUT6 (Prop_G6LUT_SLICEM_I2_O)
                                                      0.150     6.886 r  u_pool/g_fpu[4].u_fpu/e_reg[4][add_mag][7]_srl4_i_14/O
                         net (fo=1, routed)           0.227     7.113    u_pool/g_fpu[4].u_fpu/e_reg[4][add_mag][7]_srl4_i_14_n_0
    SLICE_X55Y162        LUT4 (Prop_A6LUT_SLICEL_I3_O)
                                                      0.050     7.163 r  u_pool/g_fpu[4].u_fpu/e_reg[4][add_mag][7]_srl4_i_10/O
                         net (fo=1, routed)           0.009     7.172    u_pool/g_fpu[4].u_fpu/e_reg[4][add_mag][7]_srl4_i_10_n_0
    SLICE_X55Y162        CARRY8 (Prop_CARRY8_SLICEL_S[0]_CO[7])
                                                      0.190     7.362 r  u_pool/g_fpu[4].u_fpu/e_reg[4][add_mag][7]_srl4_i_1/CO[7]
                         net (fo=1, routed)           0.026     7.388    u_pool/g_fpu[4].u_fpu/e_reg[4][add_mag][7]_srl4_i_1_n_0
    SLICE_X55Y163        CARRY8 (Prop_CARRY8_SLICEL_CI_CO[7])
                                                      0.015     7.403 r  u_pool/g_fpu[4].u_fpu/e_reg[4][add_mag][15]_srl4_i_1/CO[7]
                         net (fo=1, routed)           0.026     7.429    u_pool/g_fpu[4].u_fpu/e_reg[4][add_mag][15]_srl4_i_1_n_0
    SLICE_X55Y164        CARRY8 (Prop_CARRY8_SLICEL_CI_CO[7])
                                                      0.015     7.444 r  u_pool/g_fpu[4].u_fpu/e_reg[4][add_mag][23]_srl4_i_1/CO[7]
                         net (fo=1, routed)           0.026     7.470    u_pool/g_fpu[4].u_fpu/e_reg[4][add_mag][23]_srl4_i_1_n_0
    SLICE_X55Y165        CARRY8 (Prop_CARRY8_SLICEL_CI_CO[7])
                                                      0.015     7.485 r  u_pool/g_fpu[4].u_fpu/e_reg[4][add_mag][31]_srl4_i_1/CO[7]
                         net (fo=1, routed)           0.026     7.511    u_pool/g_fpu[4].u_fpu/e_reg[4][add_mag][31]_srl4_i_1_n_0
    SLICE_X55Y166        CARRY8 (Prop_CARRY8_SLICEL_CI_CO[7])
                                                      0.015     7.526 r  u_pool/g_fpu[4].u_fpu/e_reg[4][add_mag][39]_srl4_i_1/CO[7]
                         net (fo=1, routed)           0.026     7.552    u_pool/g_fpu[4].u_fpu/e_reg[4][add_mag][39]_srl4_i_1_n_0
    SLICE_X55Y167        CARRY8 (Prop_CARRY8_SLICEL_CI_O[3])
                                                      0.082     7.634 f  u_pool/g_fpu[4].u_fpu/e_reg[4][add_mag][47]_srl4_i_1/O[3]
                         net (fo=2, routed)           0.267     7.901    u_pool/g_fpu[4].u_fpu/e_reg[4][add_mag][47]_srl4_i_1_n_12
    SLICE_X54Y163        LUT4 (Prop_E6LUT_SLICEM_I0_O)
                                                      0.124     8.025 f  u_pool/g_fpu[4].u_fpu/e_reg[4][add_spec]_srl4_i_15/O
                         net (fo=1, routed)           0.087     8.112    u_pool/g_fpu[4].u_fpu/e_reg[4][add_spec]_srl4_i_15_n_0
    SLICE_X54Y163        LUT5 (Prop_F6LUT_SLICEM_I4_O)
                                                      0.037     8.149 f  u_pool/g_fpu[4].u_fpu/e_reg[4][add_spec]_srl4_i_13/O
                         net (fo=1, routed)           0.043     8.192    u_pool/g_fpu[4].u_fpu/e_reg[4][add_spec]_srl4_i_13_n_0
    SLICE_X54Y163        LUT6 (Prop_H6LUT_SLICEM_I5_O)
                                                      0.090     8.282 f  u_pool/g_fpu[4].u_fpu/e_reg[4][add_spec]_srl4_i_8/O
                         net (fo=1, routed)           0.107     8.389    u_pool/g_fpu[4].u_fpu/e_reg[4][add_spec]_srl4_i_8_n_0
    SLICE_X56Y163        LUT6 (Prop_D6LUT_SLICEM_I5_O)
                                                      0.122     8.511 r  u_pool/g_fpu[4].u_fpu/e_reg[4][add_spec]_srl4_i_4/O
                         net (fo=1, routed)           0.271     8.782    u_pool/g_fpu[4].u_fpu/e_reg[4][add_spec]_srl4_i_4_n_0
    SLICE_X60Y169        LUT4 (Prop_H6LUT_SLICEL_I3_O)
                                                      0.090     8.872 r  u_pool/g_fpu[4].u_fpu/e_reg[4][add_spec]_srl4_i_1/O
                         net (fo=1, routed)           0.049     8.921    u_pool/g_fpu[4].u_fpu/e_reg[4][add_spec]_srl4_i_1_n_0
    SLICE_X60Y169        FDRE                                         r  u_pool/g_fpu[4].u_fpu/e_reg[4][add_spec]_srl4_srlopt/D
  -------------------------------------------------------------------    -------------------

                         (clock clk rise edge)       10.000    10.000 r  
                                                      0.000    10.000 r  clk (IN)
                         net (fo=24410, unset)        0.020    10.020    u_pool/g_fpu[4].u_fpu/clk
    SLICE_X60Y169        FDRE                                         r  u_pool/g_fpu[4].u_fpu/e_reg[4][add_spec]_srl4_srlopt/C
                         clock pessimism              0.000    10.020    
                         clock uncertainty           -0.035     9.985    
    SLICE_X60Y169        FDRE (Setup_HFF2_SLICEL_C_D)
                                                      0.025    10.010    u_pool/g_fpu[4].u_fpu/e_reg[4][add_spec]_srl4_srlopt
  -------------------------------------------------------------------
                         required time                         10.010    
                         arrival time                          -8.921    
  -------------------------------------------------------------------
                         slack                                  1.089    

Slack (MET) :             1.106ns  (required time - arrival time)
  Source:                 u_pool/q_fp_funct5_reg[0]/C
                            (rising edge-triggered cell FDRE clocked by clk  {rise@0.000ns fall@5.000ns period=10.000ns})
  Destination:            u_pool/g_fpu[7].u_fpu/e_reg[4][add_spec]_srl4_srlopt/D
                            (rising edge-triggered cell FDRE clocked by clk  {rise@0.000ns fall@5.000ns period=10.000ns})
  Path Group:             clk
  Path Type:              Setup (Max at Slow Process Corner)
  Requirement:            10.000ns  (clk rise@10.000ns - clk rise@0.000ns)
  Data Path Delay:        8.874ns  (logic 2.968ns (33.445%)  route 5.906ns (66.555%))
  Logic Levels:           31  (CARRY8=11 LUT3=3 LUT4=6 LUT5=4 LUT6=7)
  Clock Path Skew:        -0.009ns (DCD - SCD + CPR)
    Destination Clock Delay (DCD):    0.021ns = ( 10.021 - 10.000 ) 
    Source Clock Delay      (SCD):    0.030ns
    Clock Pessimism Removal (CPR):    0.000ns
  Clock Uncertainty:      0.035ns  ((TSJ^2 + TIJ^2)^1/2 + DJ) / 2 + PE
    Total System Jitter     (TSJ):    0.071ns
    Total Input Jitter      (TIJ):    0.000ns
    Discrete Jitter          (DJ):    0.000ns
    Phase Error              (PE):    0.000ns

    Location             Delay type                Incr(ns)  Path(ns)    Netlist Resource(s)
  -------------------------------------------------------------------    -------------------
                         (clock clk rise edge)        0.000     0.000 r  
                                                      0.000     0.000 r  clk (IN)
                         net (fo=24410, unset)        0.030     0.030    u_pool/clk
    SLICE_X81Y147        FDRE                                         r  u_pool/q_fp_funct5_reg[0]/C
  -------------------------------------------------------------------    -------------------
    SLICE_X81Y147        FDRE (Prop_AFF_SLICEM_C_Q)
                                                      0.077     0.107 f  u_pool/q_fp_funct5_reg[0]/Q
                         net (fo=24, routed)          0.640     0.747    u_pool/g_fpu[7].u_fpu/funct5[0]
    SLICE_X70Y127        LUT6 (Prop_F6LUT_SLICEM_I4_O)
                                                      0.148     0.895 r  u_pool/g_fpu[7].u_fpu/e_reg[4][op_is_h]_srl4_i_2/O
                         net (fo=2, routed)           0.207     1.102    u_pool/g_fpu[7].u_fpu/e_reg[4][op_is_h]_srl4_i_2_n_0
    SLICE_X66Y127        LUT4 (Prop_G6LUT_SLICEL_I1_O)
                                                      0.050     1.152 r  u_pool/g_fpu[7].u_fpu/e_reg[4][op_is_h]_srl4_i_1/O
                         net (fo=182, routed)         0.716     1.868    u_pool/g_fpu[7].u_fpu/e_reg[4][op_is_h]_srl4_i_1_n_0
    SLICE_X63Y118        LUT5 (Prop_E6LUT_SLICEM_I1_O)
                                                      0.100     1.968 f  u_pool/g_fpu[7].u_fpu/e[1][minmax][30]_i_2/O
                         net (fo=13, routed)          0.404     2.372    u_pool/g_fpu[7].u_fpu/e[1][minmax][30]_i_2_n_0
    SLICE_X60Y119        LUT4 (Prop_B5LUT_SLICEL_I3_O)
                                                      0.116     2.488 r  u_pool/g_fpu[7].u_fpu/prod2_reg_i_58/O
                         net (fo=1, routed)           0.165     2.653    u_pool/g_fpu[7].u_fpu/prod2_reg_i_58_n_0
    SLICE_X60Y119        LUT5 (Prop_G6LUT_SLICEL_I4_O)
                                                      0.050     2.703 r  u_pool/g_fpu[7].u_fpu/prod2_reg_i_46/O
                         net (fo=84, routed)          0.305     3.009    u_pool/g_fpu[7].u_fpu/sigb[23]
    SLICE_X62Y118        LUT3 (Prop_B5LUT_SLICEL_I2_O)
                                                      0.165     3.174 r  u_pool/g_fpu[7].u_fpu/prod2_reg_i_38/O
                         net (fo=9, routed)           0.437     3.611    u_pool/g_fpu[7].u_fpu/sigb[3]
    SLICE_X61Y116        LUT6 (Prop_B6LUT_SLICEM_I5_O)
                                                      0.125     3.736 r  u_pool/g_fpu[7].u_fpu/e_reg[4][add_ebig][7]_srl4_i_31/O
                         net (fo=1, routed)           0.016     3.752    u_pool/g_fpu[7].u_fpu/e_reg[4][add_ebig][7]_srl4_i_31_n_0
    SLICE_X61Y116        CARRY8 (Prop_CARRY8_SLICEM_S[1]_CO[7])
                                                      0.190     3.942 r  u_pool/g_fpu[7].u_fpu/e_reg[4][add_ebig][7]_srl4_i_8/CO[7]
                         net (fo=1, routed)           0.026     3.968    u_pool/g_fpu[7].u_fpu/e_reg[4][add_ebig][7]_srl4_i_8_n_0
    SLICE_X61Y117        CARRY8 (Prop_CARRY8_SLICEM_CI_CO[3])
                                                      0.060     4.028 r  u_pool/g_fpu[7].u_fpu/e_reg[4][add_ebig][7]_srl4_i_3/CO[3]
                         net (fo=1, routed)           0.181     4.209    u_pool/g_fpu[7].u_fpu/p_73_in
    SLICE_X59Y114        LUT6 (Prop_H6LUT_SLICEL_I1_O)
                                                      0.036     4.245 r  u_pool/g_fpu[7].u_fpu/e_reg[4][add_ebig][7]_srl4_i_2/O
                         net (fo=96, routed)          0.151     4.396    u_pool/g_fpu[7].u_fpu/e_reg[4][add_ebig][7]_srl4_i_2_n_0
    SLICE_X58Y115        LUT3 (Prop_D5LUT_SLICEL_I1_O)
                                                      0.110     4.506 r  u_pool/g_fpu[7].u_fpu/e_reg[4][add_mag][47]_srl4_i_47/O
                         net (fo=1, routed)           0.158     4.664    u_pool/g_fpu[7].u_fpu/e_reg[4][add_mag][47]_srl4_i_47_n_0
    SLICE_X58Y115        LUT6 (Prop_H6LUT_SLICEL_I5_O)
                                                      0.036     4.700 f  u_pool/g_fpu[7].u_fpu/e_reg[4][add_mag][47]_srl4_i_25/O
                         net (fo=114, routed)         0.290     4.990    u_pool/g_fpu[7].u_fpu/e_reg[4][add_mag][47]_srl4_i_25_n_0
    SLICE_X57Y112        LUT3 (Prop_C6LUT_SLICEM_I2_O)
                                                      0.088     5.078 r  u_pool/g_fpu[7].u_fpu/e_reg[4][add_mag][15]_srl4_i_15/O
                         net (fo=17, routed)          0.198     5.276    u_pool/g_fpu[7].u_fpu/e_reg[4][add_mag][15]_srl4_i_15_n_0
    SLICE_X57Y117        LUT4 (Prop_F6LUT_SLICEM_I3_O)
                                                      0.148     5.424 r  u_pool/g_fpu[7].u_fpu/e_reg[4][add_mag][7]_srl4_i_48/O
                         net (fo=1, routed)           0.022     5.446    u_pool/g_fpu[7].u_fpu/e_reg[4][add_mag][7]_srl4_i_48_n_0
    SLICE_X57Y117        CARRY8 (Prop_CARRY8_SLICEM_S[5]_CO[7])
                                                      0.159     5.605 r  u_pool/g_fpu[7].u_fpu/e_reg[4][add_mag][7]_srl4_i_21/CO[7]
                         net (fo=1, routed)           0.026     5.631    u_pool/g_fpu[7].u_fpu/e_reg[4][add_mag][7]_srl4_i_21_n_0
    SLICE_X57Y118        CARRY8 (Prop_CARRY8_SLICEM_CI_O[3])
                                                      0.082     5.713 r  u_pool/g_fpu[7].u_fpu/e_reg[4][add_mag][7]_srl4_i_25/O[3]
                         net (fo=1, routed)           0.170     5.883    u_pool/g_fpu[7].u_fpu/e_reg[4][add_mag][7]_srl4_i_25_n_12
    SLICE_X58Y118        LUT6 (Prop_D6LUT_SLICEL_I5_O)
                                                      0.089     5.972 r  u_pool/g_fpu[7].u_fpu/e_reg[4][add_mag][7]_srl4_i_28/O
                         net (fo=1, routed)           0.141     6.113    u_pool/g_fpu[7].u_fpu/e_reg[4][add_mag][7]_srl4_i_28_n_0
    SLICE_X57Y119        LUT5 (Prop_B6LUT_SLICEM_I4_O)
                                                      0.125     6.238 r  u_pool/g_fpu[7].u_fpu/e_reg[4][add_mag][7]_srl4_i_16/O
                         net (fo=1, routed)           0.158     6.396    u_pool/g_fpu[7].u_fpu/e_reg[4][add_mag][7]_srl4_i_16_n_0
    SLICE_X56Y117        LUT6 (Prop_G6LUT_SLICEM_I3_O)
                                                      0.100     6.496 r  u_pool/g_fpu[7].u_fpu/e_reg[4][add_mag][7]_srl4_i_14/O
                         net (fo=1, routed)           0.214     6.710    u_pool/g_fpu[7].u_fpu/e_reg[4][add_mag][7]_srl4_i_14_n_0
    SLICE_X56Y110        LUT4 (Prop_A6LUT_SLICEM_I3_O)
                                                      0.125     6.835 r  u_pool/g_fpu[7].u_fpu/e_reg[4][add_mag][7]_srl4_i_10/O
                         net (fo=1, routed)           0.013     6.848    u_pool/g_fpu[7].u_fpu/e_reg[4][add_mag][7]_srl4_i_10_n_0
    SLICE_X56Y110        CARRY8 (Prop_CARRY8_SLICEM_S[0]_CO[7])
                                                      0.192     7.040 r  u_pool/g_fpu[7].u_fpu/e_reg[4][add_mag][7]_srl4_i_1/CO[7]
                         net (fo=1, routed)           0.026     7.066    u_pool/g_fpu[7].u_fpu/e_reg[4][add_mag][7]_srl4_i_1_n_0
    SLICE_X56Y111        CARRY8 (Prop_CARRY8_SLICEM_CI_CO[7])
                                                      0.015     7.081 r  u_pool/g_fpu[7].u_fpu/e_reg[4][add_mag][15]_srl4_i_1/CO[7]
                         net (fo=1, routed)           0.026     7.107    u_pool/g_fpu[7].u_fpu/e_reg[4][add_mag][15]_srl4_i_1_n_0
    SLICE_X56Y112        CARRY8 (Prop_CARRY8_SLICEM_CI_CO[7])
                                                      0.015     7.122 r  u_pool/g_fpu[7].u_fpu/e_reg[4][add_mag][23]_srl4_i_1/CO[7]
                         net (fo=1, routed)           0.026     7.148    u_pool/g_fpu[7].u_fpu/e_reg[4][add_mag][23]_srl4_i_1_n_0
    SLICE_X56Y113        CARRY8 (Prop_CARRY8_SLICEM_CI_CO[7])
                                                      0.015     7.163 r  u_pool/g_fpu[7].u_fpu/e_reg[4][add_mag][31]_srl4_i_1/CO[7]
                         net (fo=1, routed)           0.026     7.189    u_pool/g_fpu[7].u_fpu/e_reg[4][add_mag][31]_srl4_i_1_n_0
    SLICE_X56Y114        CARRY8 (Prop_CARRY8_SLICEM_CI_CO[7])
                                                      0.015     7.204 r  u_pool/g_fpu[7].u_fpu/e_reg[4][add_mag][39]_srl4_i_1/CO[7]
                         net (fo=1, routed)           0.026     7.230    u_pool/g_fpu[7].u_fpu/e_reg[4][add_mag][39]_srl4_i_1_n_0
    SLICE_X56Y115        CARRY8 (Prop_CARRY8_SLICEM_CI_CO[7])
                                                      0.015     7.245 r  u_pool/g_fpu[7].u_fpu/e_reg[4][add_mag][47]_srl4_i_1/CO[7]
                         net (fo=1, routed)           0.026     7.271    u_pool/g_fpu[7].u_fpu/e_reg[4][add_mag][47]_srl4_i_1_n_0
    SLICE_X56Y116        CARRY8 (Prop_CARRY8_SLICEM_CI_CO[3])
                                                      0.060     7.331 r  u_pool/g_fpu[7].u_fpu/e_reg[4][add_mag][50]_srl4_i_1/CO[3]
                         net (fo=2, routed)           0.278     7.609    u_pool/g_fpu[7].u_fpu/e_reg[4][add_mag][50]_srl4_i_1_n_4
    SLICE_X54Y113        LUT4 (Prop_D5LUT_SLICEM_I2_O)
                                                      0.135     7.744 f  u_pool/g_fpu[7].u_fpu/e_reg[4][add_spec]_srl4_i_9/O
                         net (fo=1, routed)           0.175     7.919    u_pool/g_fpu[7].u_fpu/e_reg[4][add_spec]_srl4_i_9_n_0
    SLICE_X54Y113        LUT5 (Prop_F6LUT_SLICEM_I4_O)
                                                      0.088     8.007 f  u_pool/g_fpu[7].u_fpu/e_reg[4][add_spec]_srl4_i_5/O
                         net (fo=1, routed)           0.095     8.102    u_pool/g_fpu[7].u_fpu/e_reg[4][add_spec]_srl4_i_5_n_0
    SLICE_X55Y113        LUT6 (Prop_C6LUT_SLICEL_I0_O)
                                                      0.123     8.225 f  u_pool/g_fpu[7].u_fpu/e_reg[4][add_spec]_srl4_i_3/O
                         net (fo=1, routed)           0.241     8.466    u_pool/g_fpu[7].u_fpu/e_reg[4][add_spec]_srl4_i_3_n_0
    SLICE_X56Y119        LUT4 (Prop_B5LUT_SLICEM_I2_O)
                                                      0.116     8.582 r  u_pool/g_fpu[7].u_fpu/e_reg[4][add_spec]_srl4_i_1/O
                         net (fo=1, routed)           0.322     8.904    u_pool/g_fpu[7].u_fpu/e_reg[4][add_spec]_srl4_i_1_n_0
    SLICE_X56Y119        FDRE                                         r  u_pool/g_fpu[7].u_fpu/e_reg[4][add_spec]_srl4_srlopt/D
  -------------------------------------------------------------------    -------------------

                         (clock clk rise edge)       10.000    10.000 r  
                                                      0.000    10.000 r  clk (IN)
                         net (fo=24410, unset)        0.021    10.021    u_pool/g_fpu[7].u_fpu/clk
    SLICE_X56Y119        FDRE                                         r  u_pool/g_fpu[7].u_fpu/e_reg[4][add_spec]_srl4_srlopt/C
                         clock pessimism              0.000    10.021    
                         clock uncertainty           -0.035     9.986    
    SLICE_X56Y119        FDRE (Setup_EFF_SLICEM_C_D)
                                                      0.025    10.011    u_pool/g_fpu[7].u_fpu/e_reg[4][add_spec]_srl4_srlopt
  -------------------------------------------------------------------
                         required time                         10.011    
                         arrival time                          -8.904    
  -------------------------------------------------------------------
                         slack                                  1.106    

Slack (MET) :             1.135ns  (required time - arrival time)
  Source:                 u_pool/g_fpu[5].u_fpu/r2_fma_mag_reg[51]/C
                            (rising edge-triggered cell FDRE clocked by clk  {rise@0.000ns fall@5.000ns period=10.000ns})
  Destination:            u_pool/fpc_data_reg[5][14]/D
                            (rising edge-triggered cell FDRE clocked by clk  {rise@0.000ns fall@5.000ns period=10.000ns})
  Path Group:             clk
  Path Type:              Setup (Max at Slow Process Corner)
  Requirement:            10.000ns  (clk rise@10.000ns - clk rise@0.000ns)
  Data Path Delay:        8.847ns  (logic 2.293ns (25.917%)  route 6.554ns (74.083%))
  Logic Levels:           20  (CARRY8=1 LUT2=2 LUT3=1 LUT4=3 LUT5=2 LUT6=11)
  Clock Path Skew:        -0.007ns (DCD - SCD + CPR)
    Destination Clock Delay (DCD):    0.021ns = ( 10.021 - 10.000 ) 
    Source Clock Delay      (SCD):    0.028ns
    Clock Pessimism Removal (CPR):    0.000ns
  Clock Uncertainty:      0.035ns  ((TSJ^2 + TIJ^2)^1/2 + DJ) / 2 + PE
    Total System Jitter     (TSJ):    0.071ns
    Total Input Jitter      (TIJ):    0.000ns
    Discrete Jitter          (DJ):    0.000ns
    Phase Error              (PE):    0.000ns

    Location             Delay type                Incr(ns)  Path(ns)    Netlist Resource(s)
  -------------------------------------------------------------------    -------------------
                         (clock clk rise edge)        0.000     0.000 r  
                                                      0.000     0.000 r  clk (IN)
                         net (fo=24410, unset)        0.028     0.028    u_pool/g_fpu[5].u_fpu/clk
    SLICE_X69Y204        FDRE                                         r  u_pool/g_fpu[5].u_fpu/r2_fma_mag_reg[51]/C
  -------------------------------------------------------------------    -------------------
    SLICE_X69Y204        FDRE (Prop_BFF_SLICEL_C_Q)
                                                      0.079     0.107 f  u_pool/g_fpu[5].u_fpu/r2_fma_mag_reg[51]/Q
                         net (fo=6, routed)           0.383     0.490    u_pool/g_fpu[5].u_fpu/r2_fma_mag[51]
    SLICE_X74Y207        LUT4 (Prop_D5LUT_SLICEM_I0_O)
                                                      0.097     0.587 f  u_pool/g_fpu[5].u_fpu/res[28]_INST_0_i_31/O
                         net (fo=2, routed)           0.247     0.834    u_pool/g_fpu[5].u_fpu/res[28]_INST_0_i_31_n_0
    SLICE_X74Y207        LUT4 (Prop_C5LUT_SLICEM_I3_O)
                                                      0.099     0.933 r  u_pool/g_fpu[5].u_fpu/res[30]_INST_0_i_138/O
                         net (fo=6, routed)           0.254     1.187    u_pool/g_fpu[5].u_fpu/res[30]_INST_0_i_138_n_0
    SLICE_X74Y207        LUT5 (Prop_B5LUT_SLICEM_I3_O)
                                                      0.143     1.330 r  u_pool/g_fpu[5].u_fpu/res[30]_INST_0_i_89/O
                         net (fo=5, routed)           0.248     1.578    u_pool/g_fpu[5].u_fpu/res[30]_INST_0_i_89_n_0
    SLICE_X75Y207        LUT6 (Prop_D6LUT_SLICEL_I0_O)
                                                      0.089     1.667 f  u_pool/g_fpu[5].u_fpu/res[25]_INST_0_i_60/O
                         net (fo=83, routed)          0.386     2.053    u_pool/g_fpu[5].u_fpu/res[25]_INST_0_i_60_n_0
    SLICE_X71Y205        LUT6 (Prop_F6LUT_SLICEM_I2_O)
                                                      0.098     2.151 r  u_pool/g_fpu[5].u_fpu/res[25]_INST_0_i_34/O
                         net (fo=2, routed)           0.291     2.442    u_pool/g_fpu[5].u_fpu/res[25]_INST_0_i_34_n_0
    SLICE_X69Y205        LUT6 (Prop_C6LUT_SLICEL_I2_O)
                                                      0.123     2.565 r  u_pool/g_fpu[5].u_fpu/res[25]_INST_0_i_16/O
                         net (fo=1, routed)           0.146     2.711    u_pool/g_fpu[5].u_fpu/res[25]_INST_0_i_16_n_0
    SLICE_X68Y205        LUT6 (Prop_H6LUT_SLICEL_I3_O)
                                                      0.150     2.861 f  u_pool/g_fpu[5].u_fpu/res[25]_INST_0_i_10/O
                         net (fo=59, routed)          0.574     3.435    u_pool/g_fpu[5].u_fpu/res[25]_INST_0_i_10_n_0
    SLICE_X64Y206        LUT2 (Prop_D5LUT_SLICEM_I0_O)
                                                      0.135     3.570 f  u_pool/g_fpu[5].u_fpu/res[27]_INST_0_i_50/O
                         net (fo=1, routed)           0.440     4.010    u_pool/g_fpu[5].u_fpu/res[27]_INST_0_i_50_n_0
    SLICE_X66Y206        LUT6 (Prop_H6LUT_SLICEL_I5_O)
                                                      0.150     4.160 f  u_pool/g_fpu[5].u_fpu/res[27]_INST_0_i_24/O
                         net (fo=1, routed)           0.399     4.559    u_pool/g_fpu[5].u_fpu/res[27]_INST_0_i_24_n_0
    SLICE_X64Y205        LUT6 (Prop_F6LUT_SLICEM_I2_O)
                                                      0.088     4.647 f  u_pool/g_fpu[5].u_fpu/res[27]_INST_0_i_9/O
                         net (fo=29, routed)          0.108     4.755    u_pool/g_fpu[5].u_fpu/res[27]_INST_0_i_9_n_0
    SLICE_X64Y204        LUT2 (Prop_C5LUT_SLICEM_I1_O)
                                                      0.137     4.892 r  u_pool/g_fpu[5].u_fpu/res[30]_INST_0_i_13/O
                         net (fo=18, routed)          0.150     5.042    u_pool/g_fpu[5].u_fpu/res[30]_INST_0_i_13_n_0
    SLICE_X64Y203        LUT5 (Prop_C5LUT_SLICEM_I3_O)
                                                      0.137     5.179 r  u_pool/g_fpu[5].u_fpu/res[30]_INST_0_i_83/O
                         net (fo=1, routed)           0.684     5.863    u_pool/g_fpu[5].u_fpu/res[30]_INST_0_i_83_n_0
    SLICE_X66Y205        CARRY8 (Prop_CARRY8_SLICEL_S[0]_CO[4])
                                                      0.214     6.077 r  u_pool/g_fpu[5].u_fpu/res[30]_INST_0_i_27/CO[4]
                         net (fo=2, routed)           0.585     6.662    u_pool/g_fpu[5].u_fpu/pack_round01
    SLICE_X64Y200        LUT3 (Prop_D6LUT_SLICEM_I1_O)
                                                      0.099     6.761 r  u_pool/g_fpu[5].u_fpu/res[22]_INST_0_i_9/O
                         net (fo=23, routed)          0.144     6.905    u_pool/g_fpu[5].u_fpu/res[22]_INST_0_i_9_n_0
    SLICE_X64Y198        LUT6 (Prop_G6LUT_SLICEM_I2_O)
                                                      0.052     6.957 f  u_pool/g_fpu[5].u_fpu/res[16]_INST_0_i_3/O
                         net (fo=5, routed)           0.401     7.357    u_pool/g_fpu[5].u_fpu/res[16]_INST_0_i_3_n_0
    SLICE_X65Y193        LUT6 (Prop_G6LUT_SLICEL_I0_O)
                                                      0.050     7.407 r  u_pool/g_fpu[5].u_fpu/res[6]_INST_0_i_6/O
                         net (fo=6, routed)           0.148     7.555    u_pool/g_fpu[5].u_fpu/res[6]_INST_0_i_6_n_0
    SLICE_X64Y192        LUT6 (Prop_F6LUT_SLICEM_I1_O)
                                                      0.098     7.653 r  u_pool/g_fpu[5].u_fpu/res[14]_INST_0_i_34/O
                         net (fo=5, routed)           0.178     7.831    u_pool/g_fpu[5].u_fpu/res[14]_INST_0_i_34_n_0
    SLICE_X64Y192        LUT6 (Prop_G6LUT_SLICEM_I1_O)
                                                      0.150     7.981 f  u_pool/g_fpu[5].u_fpu/res[14]_INST_0_i_18/O
                         net (fo=1, routed)           0.597     8.578    u_pool/g_fpu[5].u_fpu/res[14]_INST_0_i_18_n_0
    SLICE_X63Y147        LUT4 (Prop_C5LUT_SLICEM_I3_O)
                                                      0.068     8.646 r  u_pool/g_fpu[5].u_fpu/res[14]_INST_0_i_5/O
                         net (fo=1, routed)           0.133     8.779    u_pool/g_fpu[5].u_fpu/res[14]_INST_0_i_5_n_0
    SLICE_X63Y145        LUT6 (Prop_G6LUT_SLICEM_I5_O)
                                                      0.037     8.816 r  u_pool/g_fpu[5].u_fpu/res[14]_INST_0/O
                         net (fo=1, routed)           0.059     8.875    u_pool/fpu_res[5][14]
    SLICE_X63Y145        FDRE                                         r  u_pool/fpc_data_reg[5][14]/D
  -------------------------------------------------------------------    -------------------

                         (clock clk rise edge)       10.000    10.000 r  
                                                      0.000    10.000 r  clk (IN)
                         net (fo=24410, unset)        0.021    10.021    u_pool/clk
    SLICE_X63Y145        FDRE                                         r  u_pool/fpc_data_reg[5][14]/C
                         clock pessimism              0.000    10.021    
                         clock uncertainty           -0.035     9.986    
    SLICE_X63Y145        FDRE (Setup_GFF_SLICEM_C_D)
                                                      0.025    10.011    u_pool/fpc_data_reg[5][14]
  -------------------------------------------------------------------
                         required time                         10.011    
                         arrival time                          -8.875    
  -------------------------------------------------------------------
                         slack                                  1.135    

Slack (MET) :             1.150ns  (required time - arrival time)
  Source:                 u_pool/q_frv1_reg[1][17]/C
                            (rising edge-triggered cell FDRE clocked by clk  {rise@0.000ns fall@5.000ns period=10.000ns})
  Destination:            u_pool/g_fpu[1].u_fpu/e_reg[4][add_spec]_srl4/D
                            (rising edge-triggered cell SRL16E clocked by clk  {rise@0.000ns fall@5.000ns period=10.000ns})
  Path Group:             clk
  Path Type:              Setup (Max at Slow Process Corner)
  Requirement:            10.000ns  (clk rise@10.000ns - clk rise@0.000ns)
  Data Path Delay:        8.761ns  (logic 3.176ns (36.250%)  route 5.585ns (63.750%))
  Logic Levels:           37  (CARRY8=13 LUT2=3 LUT3=4 LUT4=5 LUT5=3 LUT6=9)
  Clock Path Skew:        0.014ns (DCD - SCD + CPR)
    Destination Clock Delay (DCD):    0.043ns = ( 10.043 - 10.000 ) 
    Source Clock Delay      (SCD):    0.029ns
    Clock Pessimism Removal (CPR):    0.000ns
  Clock Uncertainty:      0.035ns  ((TSJ^2 + TIJ^2)^1/2 + DJ) / 2 + PE
    Total System Jitter     (TSJ):    0.071ns
    Total Input Jitter      (TIJ):    0.000ns
    Discrete Jitter          (DJ):    0.000ns
    Phase Error              (PE):    0.000ns

    Location             Delay type                Incr(ns)  Path(ns)    Netlist Resource(s)
  -------------------------------------------------------------------    -------------------
                         (clock clk rise edge)        0.000     0.000 r  
                                                      0.000     0.000 r  clk (IN)
                         net (fo=24410, unset)        0.029     0.029    u_pool/clk
    SLICE_X72Y98         FDRE                                         r  u_pool/q_frv1_reg[1][17]/C
  -------------------------------------------------------------------    -------------------
    SLICE_X72Y98         FDRE (Prop_FFF_SLICEL_C_Q)
                                                      0.079     0.108 f  u_pool/q_frv1_reg[1][17]/Q
                         net (fo=9, routed)           0.332     0.440    u_pool/g_fpu[1].u_fpu/a[17]
    SLICE_X71Y98         LUT6 (Prop_C6LUT_SLICEM_I3_O)
                                                      0.088     0.528 f  u_pool/g_fpu[1].u_fpu/e_reg[4][sgnj_h][14]_srl4_i_7/O
                         net (fo=1, routed)           0.040     0.568    u_pool/g_fpu[1].u_fpu/e_reg[4][sgnj_h][14]_srl4_i_7_n_0
    SLICE_X71Y98         LUT2 (Prop_A6LUT_SLICEM_I0_O)
                                                      0.090     0.658 f  u_pool/g_fpu[1].u_fpu/e_reg[4][sgnj_h][14]_srl4_i_5/O
                         net (fo=5, routed)           0.053     0.711    u_pool/g_fpu[1].u_fpu/e_reg[4][sgnj_h][14]_srl4_i_5_n_0
    SLICE_X71Y97         LUT2 (Prop_F6LUT_SLICEM_I1_O)
                                                      0.088     0.799 r  u_pool/g_fpu[1].u_fpu/e[1][minmax_h][0]_i_2/O
                         net (fo=20, routed)          0.069     0.868    u_pool/g_fpu[1].u_fpu/e[1][minmax_h][0]_i_2_n_0
    SLICE_X71Y97         LUT3 (Prop_H5LUT_SLICEM_I0_O)
                                                      0.135     1.003 r  u_pool/g_fpu[1].u_fpu/e_reg[4][sgnj_h][12]_srl4_i_1/O
                         net (fo=5, routed)           0.365     1.368    u_pool/g_fpu[1].u_fpu/p_0_in[2]
    SLICE_X72Y97         LUT3 (Prop_H5LUT_SLICEL_I2_O)
                                                      0.096     1.464 f  u_pool/g_fpu[1].u_fpu/e_reg[4][opa][24]_srl4_i_5/O
                         net (fo=2, routed)           0.164     1.628    u_pool/g_fpu[1].u_fpu/e_reg[4][opa][24]_srl4_i_5_n_0
    SLICE_X72Y97         LUT6 (Prop_G6LUT_SLICEL_I1_O)
                                                      0.035     1.663 f  u_pool/g_fpu[1].u_fpu/e_reg[4][opa][24]_srl4_i_3/O
                         net (fo=18, routed)          0.070     1.734    u_pool/g_fpu[1].u_fpu/e_reg[4][opa][24]_srl4_i_3_n_0
    SLICE_X72Y97         LUT5 (Prop_E6LUT_SLICEL_I2_O)
                                                      0.099     1.833 r  u_pool/g_fpu[1].u_fpu/e[1][minmax][23]_i_2/O
                         net (fo=84, routed)          0.284     2.117    u_pool/g_fpu[1].u_fpu/e[1][mul_esum][7]_i_8_n_0
    SLICE_X73Y95         LUT4 (Prop_D5LUT_SLICEM_I1_O)
                                                      0.158     2.275 f  u_pool/g_fpu[1].u_fpu/prod2_reg_i_57/O
                         net (fo=1, routed)           0.174     2.449    u_pool/g_fpu[1].u_fpu/prod2_reg_i_57_n_0
    SLICE_X73Y95         LUT5 (Prop_F6LUT_SLICEM_I0_O)
                                                      0.088     2.537 r  u_pool/g_fpu[1].u_fpu/prod2_reg_i_42/O
                         net (fo=148, routed)         0.285     2.822    u_pool/g_fpu[1].u_fpu/siga[23]
    SLICE_X74Y98         LUT2 (Prop_B6LUT_SLICEM_I0_O)
                                                      0.149     2.971 r  u_pool/g_fpu[1].u_fpu/prod2_reg_i_45/O
                         net (fo=16, routed)          0.204     3.175    u_pool/g_fpu[1].u_fpu/siga[13]
    SLICE_X74Y95         LUT6 (Prop_H6LUT_SLICEM_I4_O)
                                                      0.039     3.214 r  u_pool/g_fpu[1].u_fpu/e_reg[4][add_ebig][7]_srl4_i_18/O
                         net (fo=2, routed)           0.239     3.453    u_pool/g_fpu[1].u_fpu/e_reg[4][add_ebig][7]_srl4_i_18_n_0
    SLICE_X73Y96         CARRY8 (Prop_CARRY8_SLICEM_DI[6]_CO[7])
                                                      0.060     3.513 r  u_pool/g_fpu[1].u_fpu/e_reg[4][add_ebig][7]_srl4_i_8/CO[7]
                         net (fo=1, routed)           0.026     3.539    u_pool/g_fpu[1].u_fpu/e_reg[4][add_ebig][7]_srl4_i_8_n_0
    SLICE_X73Y97         CARRY8 (Prop_CARRY8_SLICEM_CI_CO[3])
                                                      0.060     3.599 r  u_pool/g_fpu[1].u_fpu/e_reg[4][add_ebig][7]_srl4_i_3/CO[3]
                         net (fo=1, routed)           0.243     3.842    u_pool/g_fpu[1].u_fpu/p_73_in
    SLICE_X74Y92         LUT6 (Prop_H6LUT_SLICEM_I1_O)
                                                      0.039     3.881 r  u_pool/g_fpu[1].u_fpu/e_reg[4][add_ebig][7]_srl4_i_2/O
                         net (fo=96, routed)          0.171     4.051    u_pool/g_fpu[1].u_fpu/e_reg[4][add_ebig][7]_srl4_i_2_n_0
    SLICE_X74Y90         LUT3 (Prop_D5LUT_SLICEM_I1_O)
                                                      0.066     4.117 r  u_pool/g_fpu[1].u_fpu/e_reg[4][add_mag][47]_srl4_i_45/O
                         net (fo=1, routed)           0.251     4.368    u_pool/g_fpu[1].u_fpu/e_reg[4][add_mag][47]_srl4_i_45_n_0
    SLICE_X74Y90         LUT6 (Prop_H6LUT_SLICEM_I1_O)
                                                      0.090     4.458 r  u_pool/g_fpu[1].u_fpu/e_reg[4][add_mag][47]_srl4_i_25/O
                         net (fo=114, routed)         0.413     4.872    u_pool/g_fpu[1].u_fpu/e_reg[4][add_mag][47]_srl4_i_25_n_0
    SLICE_X77Y95         LUT3 (Prop_H5LUT_SLICEL_I0_O)
                                                      0.158     5.030 r  u_pool/g_fpu[1].u_fpu/e_reg[4][add_mag][50]_srl4_i_7/O
                         net (fo=30, routed)          0.332     5.362    u_pool/g_fpu[1].u_fpu/e_reg[4][add_mag][50]_srl4_i_7_n_0
    SLICE_X76Y87         LUT4 (Prop_F6LUT_SLICEL_I3_O)
                                                      0.123     5.485 r  u_pool/g_fpu[1].u_fpu/e_reg[4][add_mag][7]_srl4_i_137/O
                         net (fo=1, routed)           0.011     5.496    u_pool/g_fpu[1].u_fpu/e_reg[4][add_mag][7]_srl4_i_137_n_0
    SLICE_X76Y87         CARRY8 (Prop_CARRY8_SLICEL_S[5]_CO[7])
                                                      0.155     5.651 r  u_pool/g_fpu[1].u_fpu/e_reg[4][add_mag][7]_srl4_i_109/CO[7]
                         net (fo=1, routed)           0.026     5.677    u_pool/g_fpu[1].u_fpu/e_reg[4][add_mag][7]_srl4_i_109_n_0
    SLICE_X76Y88         CARRY8 (Prop_CARRY8_SLICEL_CI_CO[7])
                                                      0.015     5.692 r  u_pool/g_fpu[1].u_fpu/e_reg[4][add_mag][7]_srl4_i_92/CO[7]
                         net (fo=1, routed)           0.026     5.718    u_pool/g_fpu[1].u_fpu/e_reg[4][add_mag][7]_srl4_i_92_n_0
    SLICE_X76Y89         CARRY8 (Prop_CARRY8_SLICEL_CI_CO[7])
                                                      0.015     5.733 r  u_pool/g_fpu[1].u_fpu/e_reg[4][add_mag][7]_srl4_i_74/CO[7]
                         net (fo=1, routed)           0.052     5.785    u_pool/g_fpu[1].u_fpu/e_reg[4][add_mag][7]_srl4_i_74_n_0
    SLICE_X76Y90         CARRY8 (Prop_CARRY8_SLICEL_CI_O[7])
                                                      0.116     5.901 r  u_pool/g_fpu[1].u_fpu/e_reg[4][add_mag][7]_srl4_i_37/O[7]
                         net (fo=1, routed)           0.259     6.160    u_pool/g_fpu[1].u_fpu/e_reg[4][add_mag][7]_srl4_i_37_n_8
    SLICE_X77Y92         LUT6 (Prop_G6LUT_SLICEL_I0_O)
                                                      0.089     6.249 r  u_pool/g_fpu[1].u_fpu/e_reg[4][add_mag][7]_srl4_i_22/O
                         net (fo=1, routed)           0.087     6.336    u_pool/g_fpu[1].u_fpu/e_reg[4][add_mag][7]_srl4_i_22_n_0
    SLICE_X77Y92         LUT6 (Prop_D6LUT_SLICEL_I3_O)
                                                      0.089     6.425 r  u_pool/g_fpu[1].u_fpu/e_reg[4][add_mag][7]_srl4_i_15/O
                         net (fo=1, routed)           0.101     6.526    u_pool/g_fpu[1].u_fpu/e_reg[4][add_mag][7]_srl4_i_15_n_0
    SLICE_X77Y93         LUT6 (Prop_B6LUT_SLICEL_I2_O)
                                                      0.148     6.674 r  u_pool/g_fpu[1].u_fpu/e_reg[4][add_mag][7]_srl4_i_14/O
                         net (fo=1, routed)           0.152     6.826    u_pool/g_fpu[1].u_fpu/e_reg[4][add_mag][7]_srl4_i_14_n_0
    SLICE_X78Y91         LUT4 (Prop_A6LUT_SLICEM_I3_O)
                                                      0.125     6.951 r  u_pool/g_fpu[1].u_fpu/e_reg[4][add_mag][7]_srl4_i_10/O
                         net (fo=1, routed)           0.013     6.964    u_pool/g_fpu[1].u_fpu/e_reg[4][add_mag][7]_srl4_i_10_n_0
    SLICE_X78Y91         CARRY8 (Prop_CARRY8_SLICEM_S[0]_CO[7])
                                                      0.192     7.156 r  u_pool/g_fpu[1].u_fpu/e_reg[4][add_mag][7]_srl4_i_1/CO[7]
                         net (fo=1, routed)           0.026     7.182    u_pool/g_fpu[1].u_fpu/e_reg[4][add_mag][7]_srl4_i_1_n_0
    SLICE_X78Y92         CARRY8 (Prop_CARRY8_SLICEM_CI_CO[7])
                                                      0.015     7.197 r  u_pool/g_fpu[1].u_fpu/e_reg[4][add_mag][15]_srl4_i_1/CO[7]
                         net (fo=1, routed)           0.026     7.223    u_pool/g_fpu[1].u_fpu/e_reg[4][add_mag][15]_srl4_i_1_n_0
    SLICE_X78Y93         CARRY8 (Prop_CARRY8_SLICEM_CI_CO[7])
                                                      0.015     7.238 r  u_pool/g_fpu[1].u_fpu/e_reg[4][add_mag][23]_srl4_i_1/CO[7]
                         net (fo=1, routed)           0.026     7.264    u_pool/g_fpu[1].u_fpu/e_reg[4][add_mag][23]_srl4_i_1_n_0
    SLICE_X78Y94         CARRY8 (Prop_CARRY8_SLICEM_CI_CO[7])
                                                      0.015     7.279 r  u_pool/g_fpu[1].u_fpu/e_reg[4][add_mag][31]_srl4_i_1/CO[7]
                         net (fo=1, routed)           0.026     7.305    u_pool/g_fpu[1].u_fpu/e_reg[4][add_mag][31]_srl4_i_1_n_0
    SLICE_X78Y95         CARRY8 (Prop_CARRY8_SLICEM_CI_CO[7])
                                                      0.015     7.320 r  u_pool/g_fpu[1].u_fpu/e_reg[4][add_mag][39]_srl4_i_1/CO[7]
                         net (fo=1, routed)           0.026     7.346    u_pool/g_fpu[1].u_fpu/e_reg[4][add_mag][39]_srl4_i_1_n_0
    SLICE_X78Y96         CARRY8 (Prop_CARRY8_SLICEM_CI_CO[7])
                                                      0.015     7.361 r  u_pool/g_fpu[1].u_fpu/e_reg[4][add_mag][47]_srl4_i_1/CO[7]
                         net (fo=1, routed)           0.026     7.387    u_pool/g_fpu[1].u_fpu/e_reg[4][add_mag][47]_srl4_i_1_n_0
    SLICE_X78Y97         CARRY8 (Prop_CARRY8_SLICEM_CI_CO[3])
                                                      0.060     7.447 r  u_pool/g_fpu[1].u_fpu/e_reg[4][add_mag][50]_srl4_i_1/CO[3]
                         net (fo=2, routed)           0.308     7.755    u_pool/g_fpu[1].u_fpu/e_reg[4][add_mag][50]_srl4_i_1_n_4
    SLICE_X78Y90         LUT4 (Prop_D5LUT_SLICEM_I2_O)
                                                      0.110     7.865 f  u_pool/g_fpu[1].u_fpu/e_reg[4][add_spec]_srl4_i_9/O
                         net (fo=1, routed)           0.144     8.009    u_pool/g_fpu[1].u_fpu/e_reg[4][add_spec]_srl4_i_9_n_0
    SLICE_X79Y90         LUT5 (Prop_B6LUT_SLICEM_I4_O)
                                                      0.100     8.109 f  u_pool/g_fpu[1].u_fpu/e_reg[4][add_spec]_srl4_i_5/O
                         net (fo=1, routed)           0.095     8.204    u_pool/g_fpu[1].u_fpu/e_reg[4][add_spec]_srl4_i_5_n_0
    SLICE_X79Y90         LUT6 (Prop_D6LUT_SLICEM_I0_O)
                                                      0.051     8.255 f  u_pool/g_fpu[1].u_fpu/e_reg[4][add_spec]_srl4_i_3/O
                         net (fo=1, routed)           0.196     8.451    u_pool/g_fpu[1].u_fpu/e_reg[4][add_spec]_srl4_i_3_n_0
    SLICE_X77Y91         LUT4 (Prop_D5LUT_SLICEL_I2_O)
                                                      0.096     8.547 r  u_pool/g_fpu[1].u_fpu/e_reg[4][add_spec]_srl4_i_1/O
                         net (fo=1, routed)           0.243     8.790    u_pool/g_fpu[1].u_fpu/e_reg[4][add_spec]_srl4_i_1_n_0
    SLICE_X78Y90         SRL16E                                       r  u_pool/g_fpu[1].u_fpu/e_reg[4][add_spec]_srl4/D
  -------------------------------------------------------------------    -------------------

                         (clock clk rise edge)       10.000    10.000 r  
                                                      0.000    10.000 r  clk (IN)
                         net (fo=24410, unset)        0.043    10.043    u_pool/g_fpu[1].u_fpu/clk
    SLICE_X78Y90         SRL16E                                       r  u_pool/g_fpu[1].u_fpu/e_reg[4][add_spec]_srl4/CLK
                         clock pessimism              0.000    10.043    
                         clock uncertainty           -0.035    10.008    
    SLICE_X78Y90         SRL16E (Setup_G6LUT_SLICEM_CLK_D)
                                                     -0.067     9.941    u_pool/g_fpu[1].u_fpu/e_reg[4][add_spec]_srl4
  -------------------------------------------------------------------
                         required time                          9.941    
                         arrival time                          -8.790    
  -------------------------------------------------------------------
                         slack                                  1.150    

Slack (MET) :             1.159ns  (required time - arrival time)
  Source:                 u_pool/g_fpu[5].u_fpu/r2_add_mag_reg[36]/C
                            (rising edge-triggered cell FDRE clocked by clk  {rise@0.000ns fall@5.000ns period=10.000ns})
  Destination:            u_pool/fpc_data_reg[5][0]/D
                            (rising edge-triggered cell FDRE clocked by clk  {rise@0.000ns fall@5.000ns period=10.000ns})
  Path Group:             clk
  Path Type:              Setup (Max at Slow Process Corner)
  Requirement:            10.000ns  (clk rise@10.000ns - clk rise@0.000ns)
  Data Path Delay:        8.821ns  (logic 2.640ns (29.927%)  route 6.181ns (70.073%))
  Logic Levels:           23  (CARRY8=4 LUT2=2 LUT3=2 LUT4=2 LUT5=3 LUT6=9 MUXF7=1)
  Clock Path Skew:        -0.009ns (DCD - SCD + CPR)
    Destination Clock Delay (DCD):    0.021ns = ( 10.021 - 10.000 ) 
    Source Clock Delay      (SCD):    0.030ns
    Clock Pessimism Removal (CPR):    0.000ns
  Clock Uncertainty:      0.035ns  ((TSJ^2 + TIJ^2)^1/2 + DJ) / 2 + PE
    Total System Jitter     (TSJ):    0.071ns
    Total Input Jitter      (TIJ):    0.000ns
    Discrete Jitter          (DJ):    0.000ns
    Phase Error              (PE):    0.000ns

    Location             Delay type                Incr(ns)  Path(ns)    Netlist Resource(s)
  -------------------------------------------------------------------    -------------------
                         (clock clk rise edge)        0.000     0.000 r  
                                                      0.000     0.000 r  clk (IN)
                         net (fo=24410, unset)        0.030     0.030    u_pool/g_fpu[5].u_fpu/clk
    SLICE_X57Y108        FDRE                                         r  u_pool/g_fpu[5].u_fpu/r2_add_mag_reg[36]/C
  -------------------------------------------------------------------    -------------------
    SLICE_X57Y108        FDRE (Prop_FFF2_SLICEM_C_Q)
                                                      0.079     0.109 r  u_pool/g_fpu[5].u_fpu/r2_add_mag_reg[36]/Q
                         net (fo=9, routed)           0.247     0.356    u_pool/g_fpu[5].u_fpu/r2_add_mag[36]
    SLICE_X57Y108        LUT5 (Prop_C5LUT_SLICEM_I4_O)
                                                      0.111     0.467 r  u_pool/g_fpu[5].u_fpu/res[30]_INST_0_i_123/O
                         net (fo=5, routed)           0.310     0.776    u_pool/g_fpu[5].u_fpu/res[30]_INST_0_i_123_n_0
    SLICE_X55Y108        LUT6 (Prop_C6LUT_SLICEL_I4_O)
                                                      0.096     0.872 r  u_pool/g_fpu[5].u_fpu/res[25]_INST_0_i_72/O
                         net (fo=3, routed)           0.183     1.055    u_pool/g_fpu[5].u_fpu/res[25]_INST_0_i_72_n_0
    SLICE_X58Y108        LUT6 (Prop_H6LUT_SLICEL_I2_O)
                                                      0.150     1.205 r  u_pool/g_fpu[5].u_fpu/res[25]_INST_0_i_51/O
                         net (fo=1, routed)           0.273     1.478    u_pool/g_fpu[5].u_fpu/res[25]_INST_0_i_51_n_0
    SLICE_X55Y105        LUT5 (Prop_E6LUT_SLICEL_I0_O)
                                                      0.147     1.625 r  u_pool/g_fpu[5].u_fpu/res[25]_INST_0_i_21/O
                         net (fo=80, routed)          0.239     1.865    u_pool/g_fpu[5].u_fpu/res[25]_INST_0_i_21_n_0
    SLICE_X54Y102        LUT6 (Prop_D6LUT_SLICEM_I1_O)
                                                      0.145     2.010 r  u_pool/g_fpu[5].u_fpu/res[22]_INST_0_i_34/O
                         net (fo=57, routed)          0.386     2.395    u_pool/g_fpu[5].u_fpu/res[22]_INST_0_i_34_n_0
    SLICE_X57Y109        LUT4 (Prop_D5LUT_SLICEM_I2_O)
                                                      0.135     2.530 r  u_pool/g_fpu[5].u_fpu/res[2]_INST_0_i_27/O
                         net (fo=4, routed)           0.321     2.851    u_pool/g_fpu[5].u_fpu/res[2]_INST_0_i_27_n_0
    SLICE_X54Y109        LUT6 (Prop_H6LUT_SLICEM_I3_O)
                                                      0.152     3.003 r  u_pool/g_fpu[5].u_fpu/res[8]_INST_0_i_36/O
                         net (fo=1, routed)           0.234     3.237    u_pool/g_fpu[5].u_fpu/res[8]_INST_0_i_36_n_0
    SLICE_X55Y109        CARRY8 (Prop_CARRY8_SLICEL_S[0]_CO[7])
                                                      0.190     3.427 f  u_pool/g_fpu[5].u_fpu/res[8]_INST_0_i_20/CO[7]
                         net (fo=1, routed)           0.026     3.453    u_pool/g_fpu[5].u_fpu/res[8]_INST_0_i_20_n_0
    SLICE_X55Y110        CARRY8 (Prop_CARRY8_SLICEL_CI_CO[7])
                                                      0.015     3.468 f  u_pool/g_fpu[5].u_fpu/res[16]_INST_0_i_11/CO[7]
                         net (fo=1, routed)           0.026     3.494    u_pool/g_fpu[5].u_fpu/res[16]_INST_0_i_11_n_0
    SLICE_X55Y111        CARRY8 (Prop_CARRY8_SLICEL_CI_CO[6])
                                                      0.092     3.586 f  u_pool/g_fpu[5].u_fpu/res[30]_INST_0_i_19/CO[6]
                         net (fo=42, routed)          0.333     3.919    u_pool/g_fpu[5].u_fpu/res[30]_INST_0_i_19_n_1
    SLICE_X55Y120        LUT2 (Prop_A6LUT_SLICEL_I1_O)
                                                      0.090     4.009 r  u_pool/g_fpu[5].u_fpu/res[29]_INST_0_i_38/O
                         net (fo=10, routed)          0.172     4.181    u_pool/g_fpu[5].u_fpu/res[29]_INST_0_i_38_n_0
    SLICE_X56Y124        LUT4 (Prop_C6LUT_SLICEM_I0_O)
                                                      0.098     4.279 r  u_pool/g_fpu[5].u_fpu/res[29]_INST_0_i_41/O
                         net (fo=6, routed)           0.159     4.437    u_pool/g_fpu[5].u_fpu/res[29]_INST_0_i_41_n_0
    SLICE_X54Y123        LUT6 (Prop_G6LUT_SLICEM_I4_O)
                                                      0.037     4.474 f  u_pool/g_fpu[5].u_fpu/res[29]_INST_0_i_26/O
                         net (fo=1, routed)           0.187     4.661    u_pool/g_fpu[5].u_fpu/res[29]_INST_0_i_26_n_0
    SLICE_X54Y123        CARRY8 (Prop_CARRY8_SLICEM_DI[3]_CO[4])
                                                      0.157     4.818 f  u_pool/g_fpu[5].u_fpu/res[29]_INST_0_i_14/CO[4]
                         net (fo=7, routed)           0.251     5.069    u_pool/g_fpu[5].u_fpu/pack_round010_in
    SLICE_X55Y128        LUT3 (Prop_D5LUT_SLICEL_I2_O)
                                                      0.133     5.202 f  u_pool/g_fpu[5].u_fpu/res[30]_INST_0_i_22/O
                         net (fo=12, routed)          0.231     5.433    u_pool/g_fpu[5].u_fpu/res[30]_INST_0_i_22_n_0
    SLICE_X55Y123        LUT6 (Prop_H6LUT_SLICEL_I0_O)
                                                      0.150     5.583 r  u_pool/g_fpu[5].u_fpu/res[27]_INST_0_i_5/O
                         net (fo=10, routed)          0.317     5.900    u_pool/g_fpu[5].u_fpu/res[27]_INST_0_i_5_n_0
    SLICE_X56Y138        LUT3 (Prop_C5LUT_SLICEM_I0_O)
                                                      0.137     6.037 r  u_pool/g_fpu[5].u_fpu/res[14]_INST_0_i_28/O
                         net (fo=2, routed)           0.370     6.407    u_pool/g_fpu[5].u_fpu/res[14]_INST_0_i_28_n_0
    SLICE_X55Y128        LUT6 (Prop_G6LUT_SLICEL_I1_O)
                                                      0.123     6.530 r  u_pool/g_fpu[5].u_fpu/res[14]_INST_0_i_15/O
                         net (fo=9, routed)           0.336     6.866    u_pool/g_fpu[5].u_fpu/res[14]_INST_0_i_15_n_0
    SLICE_X56Y140        LUT2 (Prop_H6LUT_SLICEM_I1_O)
                                                      0.101     6.967 f  u_pool/g_fpu[5].u_fpu/res[14]_INST_0_i_14/O
                         net (fo=8, routed)           0.324     7.291    u_pool/g_fpu[5].u_fpu/res[14]_INST_0_i_14_n_0
    SLICE_X56Y130        LUT6 (Prop_G6LUT_SLICEM_I0_O)
                                                      0.090     7.381 r  u_pool/g_fpu[5].u_fpu/res[0]_INST_0_i_10/O
                         net (fo=2, routed)           0.361     7.742    u_pool/g_fpu[5].u_fpu/res[0]_INST_0_i_10_n_0
    SLICE_X52Y140        LUT5 (Prop_D6LUT_SLICEL_I4_O)
                                                      0.050     7.792 r  u_pool/g_fpu[5].u_fpu/res[0]_INST_0_i_6/O
                         net (fo=1, routed)           0.009     7.801    u_pool/g_fpu[5].u_fpu/res[0]_INST_0_i_6_n_0
    SLICE_X52Y140        MUXF7 (Prop_F7MUX_CD_SLICEL_I0_O)
                                                      0.063     7.864 r  u_pool/g_fpu[5].u_fpu/res[0]_INST_0_i_2/O
                         net (fo=1, routed)           0.816     8.680    u_pool/g_fpu[5].u_fpu/res[0]_INST_0_i_2_n_0
    SLICE_X64Y183        LUT6 (Prop_D6LUT_SLICEM_I4_O)
                                                      0.099     8.779 r  u_pool/g_fpu[5].u_fpu/res[0]_INST_0/O
                         net (fo=1, routed)           0.072     8.851    u_pool/fpu_res[5][0]
    SLICE_X64Y183        FDRE                                         r  u_pool/fpc_data_reg[5][0]/D
  -------------------------------------------------------------------    -------------------

                         (clock clk rise edge)       10.000    10.000 r  
                                                      0.000    10.000 r  clk (IN)
                         net (fo=24410, unset)        0.021    10.021    u_pool/clk
    SLICE_X64Y183        FDRE                                         r  u_pool/fpc_data_reg[5][0]/C
                         clock pessimism              0.000    10.021    
                         clock uncertainty           -0.035     9.986    
    SLICE_X64Y183        FDRE (Setup_DFF_SLICEM_C_D)
                                                      0.025    10.011    u_pool/fpc_data_reg[5][0]
  -------------------------------------------------------------------
                         required time                         10.011    
                         arrival time                          -8.851    
  -------------------------------------------------------------------
                         slack                                  1.159    

Slack (MET) :             1.166ns  (required time - arrival time)
  Source:                 u_pool/q_is_fma_op_reg/C
                            (rising edge-triggered cell FDRE clocked by clk  {rise@0.000ns fall@5.000ns period=10.000ns})
  Destination:            u_pool/g_fpu[5].u_fpu/e_reg[4][add_spec]_srl4_srlopt/D
                            (rising edge-triggered cell FDRE clocked by clk  {rise@0.000ns fall@5.000ns period=10.000ns})
  Path Group:             clk
  Path Type:              Setup (Max at Slow Process Corner)
  Requirement:            10.000ns  (clk rise@10.000ns - clk rise@0.000ns)
  Data Path Delay:        8.815ns  (logic 2.908ns (32.990%)  route 5.907ns (67.010%))
  Logic Levels:           33  (CARRY8=13 LUT3=3 LUT4=6 LUT5=2 LUT6=9)
  Clock Path Skew:        -0.009ns (DCD - SCD + CPR)
    Destination Clock Delay (DCD):    0.021ns = ( 10.021 - 10.000 ) 
    Source Clock Delay      (SCD):    0.030ns
    Clock Pessimism Removal (CPR):    0.000ns
  Clock Uncertainty:      0.035ns  ((TSJ^2 + TIJ^2)^1/2 + DJ) / 2 + PE
    Total System Jitter     (TSJ):    0.071ns
    Total Input Jitter      (TIJ):    0.000ns
    Discrete Jitter          (DJ):    0.000ns
    Phase Error              (PE):    0.000ns

    Location             Delay type                Incr(ns)  Path(ns)    Netlist Resource(s)
  -------------------------------------------------------------------    -------------------
                         (clock clk rise edge)        0.000     0.000 r  
                                                      0.000     0.000 r  clk (IN)
                         net (fo=24410, unset)        0.030     0.030    u_pool/clk
    SLICE_X81Y153        FDRE                                         r  u_pool/q_is_fma_op_reg/C
  -------------------------------------------------------------------    -------------------
    SLICE_X81Y153        FDRE (Prop_AFF_SLICEM_C_Q)
                                                      0.077     0.107 f  u_pool/q_is_fma_op_reg/Q
                         net (fo=16, routed)          1.064     1.171    u_pool/g_fpu[5].u_fpu/is_fma
    SLICE_X65Y144        LUT6 (Prop_H6LUT_SLICEL_I5_O)
                                                      0.124     1.295 r  u_pool/g_fpu[5].u_fpu/e_reg[4][op_is_h]_srl4_i_2/O
                         net (fo=2, routed)           0.342     1.637    u_pool/g_fpu[5].u_fpu/e_reg[4][op_is_h]_srl4_i_2_n_0
    SLICE_X65Y144        LUT4 (Prop_A6LUT_SLICEL_I1_O)
                                                      0.149     1.786 r  u_pool/g_fpu[5].u_fpu/e_reg[4][op_is_h]_srl4_i_1/O
                         net (fo=182, routed)         0.272     2.058    u_pool/g_fpu[5].u_fpu/e_reg[4][op_is_h]_srl4_i_1_n_0
    SLICE_X64Y145        LUT5 (Prop_F6LUT_SLICEM_I1_O)
                                                      0.098     2.156 r  u_pool/g_fpu[5].u_fpu/e[1][minmax][29]_i_3/O
                         net (fo=13, routed)          0.112     2.268    u_pool/g_fpu[5].u_fpu/e[1][minmax][29]_i_3_n_0
    SLICE_X64Y147        LUT4 (Prop_C5LUT_SLICEM_I2_O)
                                                      0.137     2.405 f  u_pool/g_fpu[5].u_fpu/prod2_reg_i_58/O
                         net (fo=1, routed)           0.168     2.573    u_pool/g_fpu[5].u_fpu/prod2_reg_i_58_n_0
    SLICE_X64Y147        LUT5 (Prop_E6LUT_SLICEM_I4_O)
                                                      0.091     2.664 f  u_pool/g_fpu[5].u_fpu/prod2_reg_i_46/O
                         net (fo=84, routed)          0.507     3.172    u_pool/g_fpu[5].u_fpu/sigb[23]
    SLICE_X59Y146        LUT3 (Prop_B6LUT_SLICEL_I2_O)
                                                      0.124     3.296 f  u_pool/g_fpu[5].u_fpu/prod2_reg_i_36/O
                         net (fo=9, routed)           0.263     3.559    u_pool/g_fpu[5].u_fpu/sigb[5]
    SLICE_X61Y145        LUT6 (Prop_G6LUT_SLICEM_I4_O)
                                                      0.052     3.611 r  u_pool/g_fpu[5].u_fpu/e_reg[4][add_ebig][7]_srl4_i_22/O
                         net (fo=2, routed)           0.316     3.927    u_pool/g_fpu[5].u_fpu/e_reg[4][add_ebig][7]_srl4_i_22_n_0
    SLICE_X61Y147        CARRY8 (Prop_CARRY8_SLICEM_DI[2]_CO[7])
                                                      0.110     4.037 r  u_pool/g_fpu[5].u_fpu/e_reg[4][add_ebig][7]_srl4_i_8/CO[7]
                         net (fo=1, routed)           0.026     4.063    u_pool/g_fpu[5].u_fpu/e_reg[4][add_ebig][7]_srl4_i_8_n_0
    SLICE_X61Y148        CARRY8 (Prop_CARRY8_SLICEM_CI_CO[3])
                                                      0.060     4.123 r  u_pool/g_fpu[5].u_fpu/e_reg[4][add_ebig][7]_srl4_i_3/CO[3]
                         net (fo=1, routed)           0.175     4.298    u_pool/g_fpu[5].u_fpu/p_73_in
    SLICE_X58Y148        LUT6 (Prop_A6LUT_SLICEL_I1_O)
                                                      0.035     4.333 r  u_pool/g_fpu[5].u_fpu/e_reg[4][add_ebig][7]_srl4_i_2/O
                         net (fo=96, routed)          0.279     4.612    u_pool/g_fpu[5].u_fpu/e_reg[4][add_ebig][7]_srl4_i_2_n_0
    SLICE_X56Y147        LUT3 (Prop_B6LUT_SLICEM_I1_O)
                                                      0.149     4.761 r  u_pool/g_fpu[5].u_fpu/e_reg[4][add_mag][47]_srl4_i_45/O
                         net (fo=1, routed)           0.045     4.806    u_pool/g_fpu[5].u_fpu/e_reg[4][add_mag][47]_srl4_i_45_n_0
    SLICE_X56Y147        LUT6 (Prop_G6LUT_SLICEM_I1_O)
                                                      0.100     4.906 r  u_pool/g_fpu[5].u_fpu/e_reg[4][add_mag][47]_srl4_i_25/O
                         net (fo=114, routed)         0.274     5.180    u_pool/g_fpu[5].u_fpu/e_reg[4][add_mag][47]_srl4_i_25_n_0
    SLICE_X54Y147        LUT3 (Prop_E6LUT_SLICEM_I0_O)
                                                      0.100     5.280 r  u_pool/g_fpu[5].u_fpu/e_reg[4][add_mag][50]_srl4_i_7/O
                         net (fo=30, routed)          0.288     5.568    u_pool/g_fpu[5].u_fpu/e_reg[4][add_mag][50]_srl4_i_7_n_0
    SLICE_X52Y144        LUT4 (Prop_A6LUT_SLICEL_I0_O)
                                                      0.124     5.692 r  u_pool/g_fpu[5].u_fpu/e_reg[4][add_mag][7]_srl4_i_142/O
                         net (fo=1, routed)           0.009     5.701    u_pool/g_fpu[5].u_fpu/e_reg[4][add_mag][7]_srl4_i_142_n_0
    SLICE_X52Y144        CARRY8 (Prop_CARRY8_SLICEL_S[0]_CO[7])
                                                      0.190     5.891 r  u_pool/g_fpu[5].u_fpu/e_reg[4][add_mag][7]_srl4_i_109/CO[7]
                         net (fo=1, routed)           0.026     5.917    u_pool/g_fpu[5].u_fpu/e_reg[4][add_mag][7]_srl4_i_109_n_0
    SLICE_X52Y145        CARRY8 (Prop_CARRY8_SLICEL_CI_CO[7])
                                                      0.015     5.932 r  u_pool/g_fpu[5].u_fpu/e_reg[4][add_mag][7]_srl4_i_92/CO[7]
                         net (fo=1, routed)           0.026     5.958    u_pool/g_fpu[5].u_fpu/e_reg[4][add_mag][7]_srl4_i_92_n_0
    SLICE_X52Y146        CARRY8 (Prop_CARRY8_SLICEL_CI_CO[7])
                                                      0.015     5.973 r  u_pool/g_fpu[5].u_fpu/e_reg[4][add_mag][7]_srl4_i_74/CO[7]
                         net (fo=1, routed)           0.026     5.999    u_pool/g_fpu[5].u_fpu/e_reg[4][add_mag][7]_srl4_i_74_n_0
    SLICE_X52Y147        CARRY8 (Prop_CARRY8_SLICEL_CI_O[7])
                                                      0.116     6.115 r  u_pool/g_fpu[5].u_fpu/e_reg[4][add_mag][7]_srl4_i_37/O[7]
                         net (fo=1, routed)           0.285     6.400    u_pool/g_fpu[5].u_fpu/e_reg[4][add_mag][7]_srl4_i_37_n_8
    SLICE_X54Y148        LUT6 (Prop_G6LUT_SLICEM_I0_O)
                                                      0.100     6.500 r  u_pool/g_fpu[5].u_fpu/e_reg[4][add_mag][7]_srl4_i_22/O
                         net (fo=1, routed)           0.191     6.691    u_pool/g_fpu[5].u_fpu/e_reg[4][add_mag][7]_srl4_i_22_n_0
    SLICE_X53Y148        LUT6 (Prop_H6LUT_SLICEM_I3_O)
                                                      0.101     6.792 r  u_pool/g_fpu[5].u_fpu/e_reg[4][add_mag][7]_srl4_i_15/O
                         net (fo=1, routed)           0.088     6.880    u_pool/g_fpu[5].u_fpu/e_reg[4][add_mag][7]_srl4_i_15_n_0
    SLICE_X53Y148        LUT6 (Prop_D6LUT_SLICEM_I2_O)
                                                      0.088     6.968 r  u_pool/g_fpu[5].u_fpu/e_reg[4][add_mag][7]_srl4_i_14/O
                         net (fo=1, routed)           0.204     7.172    u_pool/g_fpu[5].u_fpu/e_reg[4][add_mag][7]_srl4_i_14_n_0
    SLICE_X53Y141        LUT4 (Prop_A6LUT_SLICEM_I3_O)
                                                      0.090     7.262 r  u_pool/g_fpu[5].u_fpu/e_reg[4][add_mag][7]_srl4_i_10/O
                         net (fo=1, routed)           0.013     7.275    u_pool/g_fpu[5].u_fpu/e_reg[4][add_mag][7]_srl4_i_10_n_0
    SLICE_X53Y141        CARRY8 (Prop_CARRY8_SLICEM_S[0]_CO[7])
                                                      0.192     7.467 r  u_pool/g_fpu[5].u_fpu/e_reg[4][add_mag][7]_srl4_i_1/CO[7]
                         net (fo=1, routed)           0.026     7.493    u_pool/g_fpu[5].u_fpu/e_reg[4][add_mag][7]_srl4_i_1_n_0
    SLICE_X53Y142        CARRY8 (Prop_CARRY8_SLICEM_CI_CO[7])
                                                      0.015     7.508 r  u_pool/g_fpu[5].u_fpu/e_reg[4][add_mag][15]_srl4_i_1/CO[7]
                         net (fo=1, routed)           0.026     7.534    u_pool/g_fpu[5].u_fpu/e_reg[4][add_mag][15]_srl4_i_1_n_0
    SLICE_X53Y143        CARRY8 (Prop_CARRY8_SLICEM_CI_CO[7])
                                                      0.015     7.549 r  u_pool/g_fpu[5].u_fpu/e_reg[4][add_mag][23]_srl4_i_1/CO[7]
                         net (fo=1, routed)           0.026     7.575    u_pool/g_fpu[5].u_fpu/e_reg[4][add_mag][23]_srl4_i_1_n_0
    SLICE_X53Y144        CARRY8 (Prop_CARRY8_SLICEM_CI_CO[7])
                                                      0.015     7.590 r  u_pool/g_fpu[5].u_fpu/e_reg[4][add_mag][31]_srl4_i_1/CO[7]
                         net (fo=1, routed)           0.026     7.616    u_pool/g_fpu[5].u_fpu/e_reg[4][add_mag][31]_srl4_i_1_n_0
    SLICE_X53Y145        CARRY8 (Prop_CARRY8_SLICEM_CI_CO[7])
                                                      0.015     7.631 r  u_pool/g_fpu[5].u_fpu/e_reg[4][add_mag][39]_srl4_i_1/CO[7]
                         net (fo=1, routed)           0.026     7.657    u_pool/g_fpu[5].u_fpu/e_reg[4][add_mag][39]_srl4_i_1_n_0
    SLICE_X53Y146        CARRY8 (Prop_CARRY8_SLICEM_CI_CO[7])
                                                      0.015     7.672 r  u_pool/g_fpu[5].u_fpu/e_reg[4][add_mag][47]_srl4_i_1/CO[7]
                         net (fo=1, routed)           0.026     7.698    u_pool/g_fpu[5].u_fpu/e_reg[4][add_mag][47]_srl4_i_1_n_0
    SLICE_X53Y147        CARRY8 (Prop_CARRY8_SLICEM_CI_O[0])
                                                      0.056     7.754 f  u_pool/g_fpu[5].u_fpu/e_reg[4][add_mag][50]_srl4_i_1/O[0]
                         net (fo=2, routed)           0.297     8.051    u_pool/g_fpu[5].u_fpu/e_reg[4][add_mag][50]_srl4_i_1_n_15
    SLICE_X52Y141        LUT4 (Prop_B6LUT_SLICEL_I0_O)
                                                      0.051     8.102 f  u_pool/g_fpu[5].u_fpu/e_reg[4][add_spec]_srl4_i_10/O
                         net (fo=1, routed)           0.092     8.194    u_pool/g_fpu[5].u_fpu/e_reg[4][add_spec]_srl4_i_10_n_0
    SLICE_X52Y141        LUT6 (Prop_D6LUT_SLICEL_I0_O)
                                                      0.099     8.293 f  u_pool/g_fpu[5].u_fpu/e_reg[4][add_spec]_srl4_i_6/O
                         net (fo=1, routed)           0.092     8.385    u_pool/g_fpu[5].u_fpu/e_reg[4][add_spec]_srl4_i_6_n_0
    SLICE_X52Y142        LUT6 (Prop_B6LUT_SLICEL_I5_O)
                                                      0.124     8.509 f  u_pool/g_fpu[5].u_fpu/e_reg[4][add_spec]_srl4_i_3/O
                         net (fo=1, routed)           0.240     8.749    u_pool/g_fpu[5].u_fpu/e_reg[4][add_spec]_srl4_i_3_n_0
    SLICE_X54Y144        LUT4 (Prop_D5LUT_SLICEM_I2_O)
                                                      0.066     8.815 r  u_pool/g_fpu[5].u_fpu/e_reg[4][add_spec]_srl4_i_1/O
                         net (fo=1, routed)           0.030     8.845    u_pool/g_fpu[5].u_fpu/e_reg[4][add_spec]_srl4_i_1_n_0
    SLICE_X54Y144        FDRE                                         r  u_pool/g_fpu[5].u_fpu/e_reg[4][add_spec]_srl4_srlopt/D
  -------------------------------------------------------------------    -------------------

                         (clock clk rise edge)       10.000    10.000 r  
                                                      0.000    10.000 r  clk (IN)
                         net (fo=24410, unset)        0.021    10.021    u_pool/g_fpu[5].u_fpu/clk
    SLICE_X54Y144        FDRE                                         r  u_pool/g_fpu[5].u_fpu/e_reg[4][add_spec]_srl4_srlopt/C
                         clock pessimism              0.000    10.021    
                         clock uncertainty           -0.035     9.986    
    SLICE_X54Y144        FDRE (Setup_DFF2_SLICEM_C_D)
                                                      0.025    10.011    u_pool/g_fpu[5].u_fpu/e_reg[4][add_spec]_srl4_srlopt
  -------------------------------------------------------------------
                         required time                         10.011    
                         arrival time                          -8.845    
  -------------------------------------------------------------------
                         slack                                  1.166    

Slack (MET) :             1.269ns  (required time - arrival time)
  Source:                 u_pool/g_fpu[5].u_fpu/r2_fma_mag_reg[51]/C
                            (rising edge-triggered cell FDRE clocked by clk  {rise@0.000ns fall@5.000ns period=10.000ns})
  Destination:            u_pool/fpc_data_reg[5][11]/D
                            (rising edge-triggered cell FDRE clocked by clk  {rise@0.000ns fall@5.000ns period=10.000ns})
  Path Group:             clk
  Path Type:              Setup (Max at Slow Process Corner)
  Requirement:            10.000ns  (clk rise@10.000ns - clk rise@0.000ns)
  Data Path Delay:        8.712ns  (logic 2.545ns (29.212%)  route 6.167ns (70.788%))
  Logic Levels:           20  (CARRY8=1 LUT2=3 LUT4=4 LUT5=2 LUT6=10)
  Clock Path Skew:        -0.008ns (DCD - SCD + CPR)
    Destination Clock Delay (DCD):    0.020ns = ( 10.020 - 10.000 ) 
    Source Clock Delay      (SCD):    0.028ns
    Clock Pessimism Removal (CPR):    0.000ns
  Clock Uncertainty:      0.035ns  ((TSJ^2 + TIJ^2)^1/2 + DJ) / 2 + PE
    Total System Jitter     (TSJ):    0.071ns
    Total Input Jitter      (TIJ):    0.000ns
    Discrete Jitter          (DJ):    0.000ns
    Phase Error              (PE):    0.000ns

    Location             Delay type                Incr(ns)  Path(ns)    Netlist Resource(s)
  -------------------------------------------------------------------    -------------------
                         (clock clk rise edge)        0.000     0.000 r  
                                                      0.000     0.000 r  clk (IN)
                         net (fo=24410, unset)        0.028     0.028    u_pool/g_fpu[5].u_fpu/clk
    SLICE_X69Y204        FDRE                                         r  u_pool/g_fpu[5].u_fpu/r2_fma_mag_reg[51]/C
  -------------------------------------------------------------------    -------------------
    SLICE_X69Y204        FDRE (Prop_BFF_SLICEL_C_Q)
                                                      0.079     0.107 f  u_pool/g_fpu[5].u_fpu/r2_fma_mag_reg[51]/Q
                         net (fo=6, routed)           0.383     0.490    u_pool/g_fpu[5].u_fpu/r2_fma_mag[51]
    SLICE_X74Y207        LUT4 (Prop_D5LUT_SLICEM_I0_O)
                                                      0.097     0.587 f  u_pool/g_fpu[5].u_fpu/res[28]_INST_0_i_31/O
                         net (fo=2, routed)           0.247     0.834    u_pool/g_fpu[5].u_fpu/res[28]_INST_0_i_31_n_0
    SLICE_X74Y207        LUT4 (Prop_C5LUT_SLICEM_I3_O)
                                                      0.099     0.933 r  u_pool/g_fpu[5].u_fpu/res[30]_INST_0_i_138/O
                         net (fo=6, routed)           0.254     1.187    u_pool/g_fpu[5].u_fpu/res[30]_INST_0_i_138_n_0
    SLICE_X74Y207        LUT5 (Prop_B5LUT_SLICEM_I3_O)
                                                      0.143     1.330 r  u_pool/g_fpu[5].u_fpu/res[30]_INST_0_i_89/O
                         net (fo=5, routed)           0.248     1.578    u_pool/g_fpu[5].u_fpu/res[30]_INST_0_i_89_n_0
    SLICE_X75Y207        LUT6 (Prop_D6LUT_SLICEL_I0_O)
                                                      0.089     1.667 f  u_pool/g_fpu[5].u_fpu/res[25]_INST_0_i_60/O
                         net (fo=83, routed)          0.386     2.053    u_pool/g_fpu[5].u_fpu/res[25]_INST_0_i_60_n_0
    SLICE_X71Y205        LUT6 (Prop_F6LUT_SLICEM_I2_O)
                                                      0.098     2.151 r  u_pool/g_fpu[5].u_fpu/res[25]_INST_0_i_34/O
                         net (fo=2, routed)           0.291     2.442    u_pool/g_fpu[5].u_fpu/res[25]_INST_0_i_34_n_0
    SLICE_X69Y205        LUT6 (Prop_C6LUT_SLICEL_I2_O)
                                                      0.123     2.565 r  u_pool/g_fpu[5].u_fpu/res[25]_INST_0_i_16/O
                         net (fo=1, routed)           0.146     2.711    u_pool/g_fpu[5].u_fpu/res[25]_INST_0_i_16_n_0
    SLICE_X68Y205        LUT6 (Prop_H6LUT_SLICEL_I3_O)
                                                      0.150     2.861 f  u_pool/g_fpu[5].u_fpu/res[25]_INST_0_i_10/O
                         net (fo=59, routed)          0.574     3.435    u_pool/g_fpu[5].u_fpu/res[25]_INST_0_i_10_n_0
    SLICE_X64Y206        LUT2 (Prop_D5LUT_SLICEM_I0_O)
                                                      0.135     3.570 f  u_pool/g_fpu[5].u_fpu/res[27]_INST_0_i_50/O
                         net (fo=1, routed)           0.440     4.010    u_pool/g_fpu[5].u_fpu/res[27]_INST_0_i_50_n_0
    SLICE_X66Y206        LUT6 (Prop_H6LUT_SLICEL_I5_O)
                                                      0.150     4.160 f  u_pool/g_fpu[5].u_fpu/res[27]_INST_0_i_24/O
                         net (fo=1, routed)           0.399     4.559    u_pool/g_fpu[5].u_fpu/res[27]_INST_0_i_24_n_0
    SLICE_X64Y205        LUT6 (Prop_F6LUT_SLICEM_I2_O)
                                                      0.088     4.647 f  u_pool/g_fpu[5].u_fpu/res[27]_INST_0_i_9/O
                         net (fo=29, routed)          0.108     4.755    u_pool/g_fpu[5].u_fpu/res[27]_INST_0_i_9_n_0
    SLICE_X64Y204        LUT2 (Prop_C5LUT_SLICEM_I1_O)
                                                      0.137     4.892 r  u_pool/g_fpu[5].u_fpu/res[30]_INST_0_i_13/O
                         net (fo=18, routed)          0.150     5.042    u_pool/g_fpu[5].u_fpu/res[30]_INST_0_i_13_n_0
    SLICE_X64Y203        LUT5 (Prop_C5LUT_SLICEM_I3_O)
                                                      0.137     5.179 r  u_pool/g_fpu[5].u_fpu/res[30]_INST_0_i_83/O
                         net (fo=1, routed)           0.684     5.863    u_pool/g_fpu[5].u_fpu/res[30]_INST_0_i_83_n_0
    SLICE_X66Y205        CARRY8 (Prop_CARRY8_SLICEL_S[0]_CO[4])
                                                      0.214     6.077 r  u_pool/g_fpu[5].u_fpu/res[30]_INST_0_i_27/CO[4]
                         net (fo=2, routed)           0.493     6.570    u_pool/g_fpu[5].u_fpu/pack_round01
    SLICE_X65Y200        LUT2 (Prop_C5LUT_SLICEL_I1_O)
                                                      0.136     6.706 r  u_pool/g_fpu[5].u_fpu/res[30]_INST_0_i_11/O
                         net (fo=8, routed)           0.216     6.922    u_pool/g_fpu[5].u_fpu/res[30]_INST_0_i_11_n_0
    SLICE_X64Y202        LUT6 (Prop_H6LUT_SLICEM_I1_O)
                                                      0.039     6.961 r  u_pool/g_fpu[5].u_fpu/res[26]_INST_0_i_3/O
                         net (fo=5, routed)           0.310     7.271    u_pool/g_fpu[5].u_fpu/res[26]_INST_0_i_3_n_0
    SLICE_X64Y194        LUT4 (Prop_H5LUT_SLICEM_I3_O)
                                                      0.135     7.406 r  u_pool/g_fpu[5].u_fpu/res[5]_INST_0_i_14/O
                         net (fo=1, routed)           0.207     7.613    u_pool/g_fpu[5].u_fpu/res[5]_INST_0_i_14_n_0
    SLICE_X64Y194        LUT6 (Prop_C6LUT_SLICEM_I5_O)
                                                      0.098     7.711 f  u_pool/g_fpu[5].u_fpu/res[5]_INST_0_i_6/O
                         net (fo=9, routed)           0.129     7.840    u_pool/g_fpu[5].u_fpu/res[5]_INST_0_i_6_n_0
    SLICE_X64Y192        LUT6 (Prop_H6LUT_SLICEM_I5_O)
                                                      0.152     7.992 f  u_pool/g_fpu[5].u_fpu/res[11]_INST_0_i_13/O
                         net (fo=1, routed)           0.310     8.302    u_pool/g_fpu[5].u_fpu/res[11]_INST_0_i_13_n_0
    SLICE_X62Y176        LUT4 (Prop_H6LUT_SLICEL_I3_O)
                                                      0.124     8.426 r  u_pool/g_fpu[5].u_fpu/res[11]_INST_0_i_5/O
                         net (fo=1, routed)           0.143     8.569    u_pool/g_fpu[5].u_fpu/res[11]_INST_0_i_5_n_0
    SLICE_X62Y173        LUT6 (Prop_D6LUT_SLICEL_I5_O)
                                                      0.122     8.691 r  u_pool/g_fpu[5].u_fpu/res[11]_INST_0/O
                         net (fo=1, routed)           0.049     8.740    u_pool/fpu_res[5][11]
    SLICE_X62Y173        FDRE                                         r  u_pool/fpc_data_reg[5][11]/D
  -------------------------------------------------------------------    -------------------

                         (clock clk rise edge)       10.000    10.000 r  
                                                      0.000    10.000 r  clk (IN)
                         net (fo=24410, unset)        0.020    10.020    u_pool/clk
    SLICE_X62Y173        FDRE                                         r  u_pool/fpc_data_reg[5][11]/C
                         clock pessimism              0.000    10.020    
                         clock uncertainty           -0.035     9.985    
    SLICE_X62Y173        FDRE (Setup_DFF_SLICEL_C_D)
                                                      0.025    10.010    u_pool/fpc_data_reg[5][11]
  -------------------------------------------------------------------
                         required time                         10.010    
                         arrival time                          -8.740    
  -------------------------------------------------------------------
                         slack                                  1.269    

Slack (MET) :             1.271ns  (required time - arrival time)
  Source:                 u_pool/q_frv1_reg[0][24]/C
                            (rising edge-triggered cell FDRE clocked by clk  {rise@0.000ns fall@5.000ns period=10.000ns})
  Destination:            u_pool/g_fpu[0].u_fpu/e_reg[4][add_spec]_srl4_srlopt/D
                            (rising edge-triggered cell FDRE clocked by clk  {rise@0.000ns fall@5.000ns period=10.000ns})
  Path Group:             clk
  Path Type:              Setup (Max at Slow Process Corner)
  Requirement:            10.000ns  (clk rise@10.000ns - clk rise@0.000ns)
  Data Path Delay:        8.709ns  (logic 3.412ns (39.179%)  route 5.297ns (60.821%))
  Logic Levels:           36  (CARRY8=13 LUT2=1 LUT3=1 LUT4=8 LUT5=5 LUT6=8)
  Clock Path Skew:        -0.010ns (DCD - SCD + CPR)
    Destination Clock Delay (DCD):    0.020ns = ( 10.020 - 10.000 ) 
    Source Clock Delay      (SCD):    0.030ns
    Clock Pessimism Removal (CPR):    0.000ns
  Clock Uncertainty:      0.035ns  ((TSJ^2 + TIJ^2)^1/2 + DJ) / 2 + PE
    Total System Jitter     (TSJ):    0.071ns
    Total Input Jitter      (TIJ):    0.000ns
    Discrete Jitter          (DJ):    0.000ns
    Phase Error              (PE):    0.000ns

    Location             Delay type                Incr(ns)  Path(ns)    Netlist Resource(s)
  -------------------------------------------------------------------    -------------------
                         (clock clk rise edge)        0.000     0.000 r  
                                                      0.000     0.000 r  clk (IN)
                         net (fo=24410, unset)        0.030     0.030    u_pool/clk
    SLICE_X84Y131        FDRE                                         r  u_pool/q_frv1_reg[0][24]/C
  -------------------------------------------------------------------    -------------------
    SLICE_X84Y131        FDRE (Prop_AFF2_SLICEM_C_Q)
                                                      0.080     0.110 r  u_pool/q_frv1_reg[0][24]/Q
                         net (fo=4, routed)           0.233     0.343    u_pool/g_fpu[0].u_fpu/a[24]
    SLICE_X84Y131        LUT4 (Prop_B6LUT_SLICEM_I1_O)
                                                      0.125     0.468 f  u_pool/g_fpu[0].u_fpu/e_reg[4][sgnj_h][14]_srl4_i_6/O
                         net (fo=1, routed)           0.161     0.629    u_pool/g_fpu[0].u_fpu/e_reg[4][sgnj_h][14]_srl4_i_6_n_0
    SLICE_X84Y131        LUT5 (Prop_C6LUT_SLICEM_I4_O)
                                                      0.051     0.680 f  u_pool/g_fpu[0].u_fpu/e_reg[4][sgnj_h][14]_srl4_i_4/O
                         net (fo=7, routed)           0.161     0.841    u_pool/g_fpu[0].u_fpu/e_reg[4][sgnj_h][14]_srl4_i_4_n_0
    SLICE_X84Y129        LUT6 (Prop_G6LUT_SLICEM_I4_O)
                                                      0.090     0.931 f  u_pool/g_fpu[0].u_fpu/e_reg[4][sgnj_h][10]_srl4_i_1/O
                         net (fo=5, routed)           0.166     1.097    u_pool/g_fpu[0].u_fpu/p_0_in[0]
    SLICE_X84Y128        LUT4 (Prop_E6LUT_SLICEM_I3_O)
                                                      0.148     1.245 r  u_pool/g_fpu[0].u_fpu/e_reg[4][opa][24]_srl4_i_4/O
                         net (fo=2, routed)           0.117     1.362    u_pool/g_fpu[0].u_fpu/e_reg[4][opa][24]_srl4_i_4_n_0
    SLICE_X84Y128        LUT6 (Prop_G6LUT_SLICEM_I0_O)
                                                      0.150     1.512 f  u_pool/g_fpu[0].u_fpu/e_reg[4][opa][24]_srl4_i_3/O
                         net (fo=18, routed)          0.106     1.618    u_pool/g_fpu[0].u_fpu/e_reg[4][opa][24]_srl4_i_3_n_0
    SLICE_X84Y129        LUT5 (Prop_E6LUT_SLICEM_I2_O)
                                                      0.037     1.655 r  u_pool/g_fpu[0].u_fpu/e[1][minmax][25]_i_2/O
                         net (fo=23, routed)          0.208     1.863    u_pool/g_fpu[0].u_fpu/e[1][mul_esum][7]_i_7_n_0
    SLICE_X85Y130        LUT4 (Prop_E6LUT_SLICEL_I2_O)
                                                      0.147     2.010 f  u_pool/g_fpu[0].u_fpu/prod2_reg_i_57/O
                         net (fo=1, routed)           0.057     2.067    u_pool/g_fpu[0].u_fpu/prod2_reg_i_57_n_0
    SLICE_X85Y130        LUT5 (Prop_F6LUT_SLICEL_I0_O)
                                                      0.148     2.215 r  u_pool/g_fpu[0].u_fpu/prod2_reg_i_42/O
                         net (fo=148, routed)         0.416     2.631    u_pool/g_fpu[0].u_fpu/siga[23]
    SLICE_X88Y127        LUT2 (Prop_H5LUT_SLICEM_I1_O)
                                                      0.096     2.727 r  u_pool/g_fpu[0].u_fpu/prod3_reg_i_2/O
                         net (fo=18, routed)          0.317     3.044    u_pool/g_fpu[0].u_fpu/siga[22]
    SLICE_X85Y124        LUT4 (Prop_D6LUT_SLICEL_I3_O)
                                                      0.089     3.133 r  u_pool/g_fpu[0].u_fpu/e_reg[4][add_ebig][7]_srl4_i_13/O
                         net (fo=1, routed)           0.009     3.142    u_pool/g_fpu[0].u_fpu/e_reg[4][add_ebig][7]_srl4_i_13_n_0
    SLICE_X85Y124        CARRY8 (Prop_CARRY8_SLICEL_S[3]_CO[3])
                                                      0.128     3.270 r  u_pool/g_fpu[0].u_fpu/e_reg[4][add_ebig][7]_srl4_i_3/CO[3]
                         net (fo=1, routed)           0.240     3.510    u_pool/g_fpu[0].u_fpu/p_73_in
    SLICE_X86Y118        LUT6 (Prop_C6LUT_SLICEM_I1_O)
                                                      0.098     3.608 r  u_pool/g_fpu[0].u_fpu/e_reg[4][add_ebig][7]_srl4_i_2/O
                         net (fo=96, routed)          0.165     3.773    u_pool/g_fpu[0].u_fpu/e_reg[4][add_ebig][7]_srl4_i_2_n_0
    SLICE_X86Y118        LUT6 (Prop_H6LUT_SLICEM_I4_O)
                                                      0.152     3.925 r  u_pool/g_fpu[0].u_fpu/e_reg[4][add_mag][47]_srl4_i_46/O
                         net (fo=4, routed)           0.200     4.125    u_pool/g_fpu[0].u_fpu/e_reg[4][add_mag][47]_srl4_i_46_n_0
    SLICE_X85Y115        LUT5 (Prop_G6LUT_SLICEL_I4_O)
                                                      0.050     4.175 r  u_pool/g_fpu[0].u_fpu/e_reg[4][add_mag][47]_srl4_i_27/O
                         net (fo=109, routed)         0.541     4.716    u_pool/g_fpu[0].u_fpu/e_reg[4][add_mag][47]_srl4_i_27_n_0
    SLICE_X87Y107        LUT3 (Prop_A5LUT_SLICEL_I1_O)
                                                      0.112     4.828 r  u_pool/g_fpu[0].u_fpu/e_reg[4][add_mag][50]_srl4_i_7/O
                         net (fo=30, routed)          0.274     5.102    u_pool/g_fpu[0].u_fpu/e_reg[4][add_mag][50]_srl4_i_7_n_0
    SLICE_X84Y105        LUT4 (Prop_B6LUT_SLICEM_I3_O)
                                                      0.125     5.227 r  u_pool/g_fpu[0].u_fpu/e_reg[4][add_mag][7]_srl4_i_141/O
                         net (fo=1, routed)           0.016     5.243    u_pool/g_fpu[0].u_fpu/e_reg[4][add_mag][7]_srl4_i_141_n_0
    SLICE_X84Y105        CARRY8 (Prop_CARRY8_SLICEM_S[1]_CO[7])
                                                      0.190     5.433 r  u_pool/g_fpu[0].u_fpu/e_reg[4][add_mag][7]_srl4_i_109/CO[7]
                         net (fo=1, routed)           0.026     5.459    u_pool/g_fpu[0].u_fpu/e_reg[4][add_mag][7]_srl4_i_109_n_0
    SLICE_X84Y106        CARRY8 (Prop_CARRY8_SLICEM_CI_CO[7])
                                                      0.015     5.474 r  u_pool/g_fpu[0].u_fpu/e_reg[4][add_mag][7]_srl4_i_92/CO[7]
                         net (fo=1, routed)           0.026     5.500    u_pool/g_fpu[0].u_fpu/e_reg[4][add_mag][7]_srl4_i_92_n_0
    SLICE_X84Y107        CARRY8 (Prop_CARRY8_SLICEM_CI_CO[7])
                                                      0.015     5.515 r  u_pool/g_fpu[0].u_fpu/e_reg[4][add_mag][7]_srl4_i_74/CO[7]
                         net (fo=1, routed)           0.026     5.541    u_pool/g_fpu[0].u_fpu/e_reg[4][add_mag][7]_srl4_i_74_n_0
    SLICE_X84Y108        CARRY8 (Prop_CARRY8_SLICEM_CI_CO[7])
                                                      0.015     5.556 r  u_pool/g_fpu[0].u_fpu/e_reg[4][add_mag][7]_srl4_i_37/CO[7]
                         net (fo=1, routed)           0.026     5.582    u_pool/g_fpu[0].u_fpu/e_reg[4][add_mag][7]_srl4_i_37_n_0
    SLICE_X84Y109        CARRY8 (Prop_CARRY8_SLICEM_CI_O[7])
                                                      0.116     5.698 r  u_pool/g_fpu[0].u_fpu/e_reg[4][add_mag][7]_srl4_i_21/O[7]
                         net (fo=1, routed)           0.179     5.877    u_pool/g_fpu[0].u_fpu/e_reg[4][add_mag][7]_srl4_i_21_n_8
    SLICE_X84Y113        LUT6 (Prop_H6LUT_SLICEM_I3_O)
                                                      0.101     5.978 r  u_pool/g_fpu[0].u_fpu/e_reg[4][add_mag][7]_srl4_i_33/O
                         net (fo=1, routed)           0.119     6.097    u_pool/g_fpu[0].u_fpu/e_reg[4][add_mag][7]_srl4_i_33_n_0
    SLICE_X84Y114        LUT6 (Prop_H6LUT_SLICEM_I1_O)
                                                      0.152     6.249 r  u_pool/g_fpu[0].u_fpu/e_reg[4][add_mag][7]_srl4_i_18/O
                         net (fo=1, routed)           0.265     6.514    u_pool/g_fpu[0].u_fpu/e_reg[4][add_mag][7]_srl4_i_18_n_0
    SLICE_X86Y111        LUT6 (Prop_D6LUT_SLICEM_I5_O)
                                                      0.037     6.551 r  u_pool/g_fpu[0].u_fpu/e_reg[4][add_mag][7]_srl4_i_14/O
                         net (fo=1, routed)           0.216     6.767    u_pool/g_fpu[0].u_fpu/e_reg[4][add_mag][7]_srl4_i_14_n_0
    SLICE_X86Y103        LUT4 (Prop_A6LUT_SLICEM_I3_O)
                                                      0.125     6.892 r  u_pool/g_fpu[0].u_fpu/e_reg[4][add_mag][7]_srl4_i_10/O
                         net (fo=1, routed)           0.013     6.905    u_pool/g_fpu[0].u_fpu/e_reg[4][add_mag][7]_srl4_i_10_n_0
    SLICE_X86Y103        CARRY8 (Prop_CARRY8_SLICEM_S[0]_CO[7])
                                                      0.192     7.097 r  u_pool/g_fpu[0].u_fpu/e_reg[4][add_mag][7]_srl4_i_1/CO[7]
                         net (fo=1, routed)           0.026     7.123    u_pool/g_fpu[0].u_fpu/e_reg[4][add_mag][7]_srl4_i_1_n_0
    SLICE_X86Y104        CARRY8 (Prop_CARRY8_SLICEM_CI_CO[7])
                                                      0.015     7.138 r  u_pool/g_fpu[0].u_fpu/e_reg[4][add_mag][15]_srl4_i_1/CO[7]
                         net (fo=1, routed)           0.026     7.164    u_pool/g_fpu[0].u_fpu/e_reg[4][add_mag][15]_srl4_i_1_n_0
    SLICE_X86Y105        CARRY8 (Prop_CARRY8_SLICEM_CI_CO[7])
                                                      0.015     7.179 r  u_pool/g_fpu[0].u_fpu/e_reg[4][add_mag][23]_srl4_i_1/CO[7]
                         net (fo=1, routed)           0.026     7.205    u_pool/g_fpu[0].u_fpu/e_reg[4][add_mag][23]_srl4_i_1_n_0
    SLICE_X86Y106        CARRY8 (Prop_CARRY8_SLICEM_CI_CO[7])
                                                      0.015     7.220 r  u_pool/g_fpu[0].u_fpu/e_reg[4][add_mag][31]_srl4_i_1/CO[7]
                         net (fo=1, routed)           0.026     7.246    u_pool/g_fpu[0].u_fpu/e_reg[4][add_mag][31]_srl4_i_1_n_0
    SLICE_X86Y107        CARRY8 (Prop_CARRY8_SLICEM_CI_CO[7])
                                                      0.015     7.261 r  u_pool/g_fpu[0].u_fpu/e_reg[4][add_mag][39]_srl4_i_1/CO[7]
                         net (fo=1, routed)           0.026     7.287    u_pool/g_fpu[0].u_fpu/e_reg[4][add_mag][39]_srl4_i_1_n_0
    SLICE_X86Y108        CARRY8 (Prop_CARRY8_SLICEM_CI_CO[7])
                                                      0.015     7.302 r  u_pool/g_fpu[0].u_fpu/e_reg[4][add_mag][47]_srl4_i_1/CO[7]
                         net (fo=1, routed)           0.026     7.328    u_pool/g_fpu[0].u_fpu/e_reg[4][add_mag][47]_srl4_i_1_n_0
    SLICE_X86Y109        CARRY8 (Prop_CARRY8_SLICEM_CI_CO[3])
                                                      0.060     7.388 r  u_pool/g_fpu[0].u_fpu/e_reg[4][add_mag][50]_srl4_i_1/CO[3]
                         net (fo=2, routed)           0.314     7.703    u_pool/g_fpu[0].u_fpu/e_reg[4][add_mag][50]_srl4_i_1_n_4
    SLICE_X87Y103        LUT4 (Prop_F6LUT_SLICEL_I2_O)
                                                      0.123     7.826 f  u_pool/g_fpu[0].u_fpu/e_reg[4][add_spec]_srl4_i_9/O
                         net (fo=1, routed)           0.058     7.884    u_pool/g_fpu[0].u_fpu/e_reg[4][add_spec]_srl4_i_9_n_0
    SLICE_X87Y103        LUT5 (Prop_B6LUT_SLICEL_I4_O)
                                                      0.148     8.032 f  u_pool/g_fpu[0].u_fpu/e_reg[4][add_spec]_srl4_i_5/O
                         net (fo=1, routed)           0.091     8.123    u_pool/g_fpu[0].u_fpu/e_reg[4][add_spec]_srl4_i_5_n_0
    SLICE_X87Y103        LUT6 (Prop_D6LUT_SLICEL_I0_O)
                                                      0.089     8.212 f  u_pool/g_fpu[0].u_fpu/e_reg[4][add_spec]_srl4_i_3/O
                         net (fo=1, routed)           0.377     8.589    u_pool/g_fpu[0].u_fpu/e_reg[4][add_spec]_srl4_i_3_n_0
    SLICE_X91Y118        LUT4 (Prop_H5LUT_SLICEL_I2_O)
                                                      0.133     8.722 r  u_pool/g_fpu[0].u_fpu/e_reg[4][add_spec]_srl4_i_1/O
                         net (fo=1, routed)           0.017     8.739    u_pool/g_fpu[0].u_fpu/e_reg[4][add_spec]_srl4_i_1_n_0
    SLICE_X91Y118        FDRE                                         r  u_pool/g_fpu[0].u_fpu/e_reg[4][add_spec]_srl4_srlopt/D
  -------------------------------------------------------------------    -------------------

                         (clock clk rise edge)       10.000    10.000 r  
                                                      0.000    10.000 r  clk (IN)
                         net (fo=24410, unset)        0.020    10.020    u_pool/g_fpu[0].u_fpu/clk
    SLICE_X91Y118        FDRE                                         r  u_pool/g_fpu[0].u_fpu/e_reg[4][add_spec]_srl4_srlopt/C
                         clock pessimism              0.000    10.020    
                         clock uncertainty           -0.035     9.985    
    SLICE_X91Y118        FDRE (Setup_HFF_SLICEL_C_D)
                                                      0.025    10.010    u_pool/g_fpu[0].u_fpu/e_reg[4][add_spec]_srl4_srlopt
  -------------------------------------------------------------------
                         required time                         10.010    
                         arrival time                          -8.739    
  -------------------------------------------------------------------
                         slack                                  1.271    

Slack (MET) :             1.307ns  (required time - arrival time)
  Source:                 u_pool/g_fpu[6].u_fpu/e_reg[4][f_pos0][1]/C
                            (rising edge-triggered cell FDRE clocked by clk  {rise@0.000ns fall@5.000ns period=10.000ns})
  Destination:            u_pool/g_fpu[6].u_fpu/r2_fma_mag_reg[123]/R
                            (rising edge-triggered cell FDRE clocked by clk  {rise@0.000ns fall@5.000ns period=10.000ns})
  Path Group:             clk
  Path Type:              Setup (Max at Slow Process Corner)
  Requirement:            10.000ns  (clk rise@10.000ns - clk rise@0.000ns)
  Data Path Delay:        8.576ns  (logic 2.035ns (23.730%)  route 6.541ns (76.270%))
  Logic Levels:           30  (CARRY8=17 LUT2=3 LUT3=2 LUT4=1 LUT5=4 LUT6=3)
  Clock Path Skew:        -0.008ns (DCD - SCD + CPR)
    Destination Clock Delay (DCD):    0.021ns = ( 10.021 - 10.000 ) 
    Source Clock Delay      (SCD):    0.029ns
    Clock Pessimism Removal (CPR):    0.000ns
  Clock Uncertainty:      0.035ns  ((TSJ^2 + TIJ^2)^1/2 + DJ) / 2 + PE
    Total System Jitter     (TSJ):    0.071ns
    Total Input Jitter      (TIJ):    0.000ns
    Discrete Jitter          (DJ):    0.000ns
    Phase Error              (PE):    0.000ns

    Location             Delay type                Incr(ns)  Path(ns)    Netlist Resource(s)
  -------------------------------------------------------------------    -------------------
                         (clock clk rise edge)        0.000     0.000 r  
                                                      0.000     0.000 r  clk (IN)
                         net (fo=24410, unset)        0.029     0.029    u_pool/g_fpu[6].u_fpu/clk
    SLICE_X65Y173        FDRE                                         r  u_pool/g_fpu[6].u_fpu/e_reg[4][f_pos0][1]/C
  -------------------------------------------------------------------    -------------------
    SLICE_X65Y173        FDRE (Prop_EFF_SLICEL_C_Q)
                                                      0.079     0.108 r  u_pool/g_fpu[6].u_fpu/e_reg[4][f_pos0][1]/Q
                         net (fo=112, routed)         0.689     0.797    u_pool/g_fpu[6].u_fpu/e_reg[4][f_pos_n_0_0][1]
    SLICE_X66Y180        LUT2 (Prop_D6LUT_SLICEL_I0_O)
                                                      0.099     0.896 r  u_pool/g_fpu[6].u_fpu/r2_fma_mag[0]_i_3/O
                         net (fo=6, routed)           0.350     1.246    u_pool/g_fpu[6].u_fpu/r2_fma_mag[0]_i_3_n_0
    SLICE_X69Y177        LUT6 (Prop_B6LUT_SLICEL_I5_O)
                                                      0.051     1.297 r  u_pool/g_fpu[6].u_fpu/r2_fma_mag[23]_i_27/O
                         net (fo=1, routed)           0.184     1.481    u_pool/g_fpu[6].u_fpu/r2_fma_mag[23]_i_27_n_0
    SLICE_X68Y177        CARRY8 (Prop_CARRY8_SLICEL_DI[3]_CO[5])
                                                      0.139     1.620 r  u_pool/g_fpu[6].u_fpu/r2_fma_mag_reg[23]_i_24/CO[5]
                         net (fo=73, routed)          0.568     2.188    u_pool/g_fpu[6].u_fpu/add_acc3
    SLICE_X65Y174        LUT5 (Prop_D5LUT_SLICEL_I4_O)
                                                      0.096     2.284 r  u_pool/g_fpu[6].u_fpu/r2_fma_mag[7]_i_26/O
                         net (fo=6, routed)           0.649     2.933    u_pool/g_fpu[6].u_fpu/r2_fma_mag[7]_i_26_n_0
    SLICE_X68Y181        LUT4 (Prop_E6LUT_SLICEL_I2_O)
                                                      0.147     3.080 r  u_pool/g_fpu[6].u_fpu/r2_fma_mag[3]_i_6/O
                         net (fo=3, routed)           0.188     3.268    u_pool/g_fpu[6].u_fpu/r2_fma_mag[3]_i_6_n_0
    SLICE_X70Y181        LUT5 (Prop_F6LUT_SLICEM_I1_O)
                                                      0.037     3.305 r  u_pool/g_fpu[6].u_fpu/r2_fma_mag[5]_i_5/O
                         net (fo=1, routed)           0.040     3.345    u_pool/g_fpu[6].u_fpu/r2_fma_mag[5]_i_5_n_0
    SLICE_X70Y181        LUT5 (Prop_G6LUT_SLICEM_I0_O)
                                                      0.037     3.382 r  u_pool/g_fpu[6].u_fpu/r2_fma_mag[5]_i_4/O
                         net (fo=2, routed)           0.196     3.578    u_pool/g_fpu[6].u_fpu/r2_fma_mag[5]_i_4_n_0
    SLICE_X69Y180        LUT6 (Prop_E6LUT_SLICEL_I3_O)
                                                      0.123     3.701 r  u_pool/g_fpu[6].u_fpu/r2_fma_mag[5]_i_2/O
                         net (fo=6, routed)           0.394     4.096    u_pool/g_fpu[6].u_fpu/add_acc__0[5]
    SLICE_X71Y160        LUT2 (Prop_E6LUT_SLICEM_I1_O)
                                                      0.124     4.220 r  u_pool/g_fpu[6].u_fpu/r2_fma_fs_i_193/O
                         net (fo=1, routed)           0.182     4.402    u_pool/g_fpu[6].u_fpu/r2_fma_fs_i_193_n_0
    SLICE_X71Y164        CARRY8 (Prop_CARRY8_SLICEM_DI[2]_CO[7])
                                                      0.110     4.512 r  u_pool/g_fpu[6].u_fpu/r2_fma_fs_reg_i_172/CO[7]
                         net (fo=1, routed)           0.026     4.538    u_pool/g_fpu[6].u_fpu/r2_fma_fs_reg_i_172_n_0
    SLICE_X71Y165        CARRY8 (Prop_CARRY8_SLICEM_CI_CO[7])
                                                      0.015     4.553 r  u_pool/g_fpu[6].u_fpu/r2_fma_fs_reg_i_155/CO[7]
                         net (fo=1, routed)           0.026     4.579    u_pool/g_fpu[6].u_fpu/r2_fma_fs_reg_i_155_n_0
    SLICE_X71Y166        CARRY8 (Prop_CARRY8_SLICEM_CI_CO[7])
                                                      0.015     4.594 r  u_pool/g_fpu[6].u_fpu/r2_fma_fs_reg_i_138/CO[7]
                         net (fo=1, routed)           0.026     4.620    u_pool/g_fpu[6].u_fpu/r2_fma_fs_reg_i_138_n_0
    SLICE_X71Y167        CARRY8 (Prop_CARRY8_SLICEM_CI_CO[7])
                                                      0.015     4.635 r  u_pool/g_fpu[6].u_fpu/r2_fma_fs_reg_i_120/CO[7]
                         net (fo=1, routed)           0.026     4.661    u_pool/g_fpu[6].u_fpu/r2_fma_fs_reg_i_120_n_0
    SLICE_X71Y168        CARRY8 (Prop_CARRY8_SLICEM_CI_CO[7])
                                                      0.015     4.676 r  u_pool/g_fpu[6].u_fpu/r2_fma_fs_reg_i_64/CO[7]
                         net (fo=1, routed)           0.026     4.702    u_pool/g_fpu[6].u_fpu/r2_fma_fs_reg_i_64_n_0
    SLICE_X71Y169        CARRY8 (Prop_CARRY8_SLICEM_CI_CO[7])
                                                      0.015     4.717 r  u_pool/g_fpu[6].u_fpu/r2_fma_fs_reg_i_26/CO[7]
                         net (fo=1, routed)           0.026     4.743    u_pool/g_fpu[6].u_fpu/r2_fma_fs_reg_i_26_n_0
    SLICE_X71Y170        CARRY8 (Prop_CARRY8_SLICEM_CI_CO[7])
                                                      0.015     4.758 r  u_pool/g_fpu[6].u_fpu/r2_fma_fs_reg_i_4/CO[7]
                         net (fo=1, routed)           0.026     4.784    u_pool/g_fpu[6].u_fpu/r2_fma_fs_reg_i_4_n_0
    SLICE_X71Y171        CARRY8 (Prop_CARRY8_SLICEM_CI_CO[7])
                                                      0.022     4.806 r  u_pool/g_fpu[6].u_fpu/r2_fma_fs_reg_i_2/CO[7]
                         net (fo=230, routed)         0.502     5.308    u_pool/g_fpu[6].u_fpu/p_0_in0
    SLICE_X74Y163        LUT3 (Prop_D5LUT_SLICEM_I1_O)
                                                      0.066     5.374 r  u_pool/g_fpu[6].u_fpu/r2_fma_mag[39]_i_20/O
                         net (fo=2, routed)           0.473     5.847    u_pool/g_fpu[6].u_fpu/r2_fma_mag[39]_i_20_n_0
    SLICE_X68Y163        LUT6 (Prop_G6LUT_SLICEL_I0_O)
                                                      0.149     5.996 r  u_pool/g_fpu[6].u_fpu/r2_fma_mag[39]_i_12/O
                         net (fo=1, routed)           0.008     6.004    u_pool/g_fpu[6].u_fpu/r2_fma_mag[39]_i_12_n_0
    SLICE_X68Y163        CARRY8 (Prop_CARRY8_SLICEL_S[6]_CO[7])
                                                      0.115     6.119 r  u_pool/g_fpu[6].u_fpu/r2_fma_mag_reg[39]_i_2/CO[7]
                         net (fo=1, routed)           0.026     6.145    u_pool/g_fpu[6].u_fpu/r2_fma_mag_reg[39]_i_2_n_0
    SLICE_X68Y164        CARRY8 (Prop_CARRY8_SLICEL_CI_CO[7])
                                                      0.015     6.160 r  u_pool/g_fpu[6].u_fpu/r2_fma_mag_reg[47]_i_2/CO[7]
                         net (fo=1, routed)           0.026     6.186    u_pool/g_fpu[6].u_fpu/r2_fma_mag_reg[47]_i_2_n_0
    SLICE_X68Y165        CARRY8 (Prop_CARRY8_SLICEL_CI_CO[7])
                                                      0.015     6.201 r  u_pool/g_fpu[6].u_fpu/r2_fma_mag_reg[55]_i_2/CO[7]
                         net (fo=1, routed)           0.026     6.227    u_pool/g_fpu[6].u_fpu/r2_fma_mag_reg[55]_i_2_n_0
    SLICE_X68Y166        CARRY8 (Prop_CARRY8_SLICEL_CI_O[0])
                                                      0.056     6.283 f  u_pool/g_fpu[6].u_fpu/r2_fma_mag_reg[63]_i_2/O[0]
                         net (fo=2, routed)           0.497     6.780    u_pool/g_fpu[6].u_fpu/mag[56]
    SLICE_X73Y165        LUT3 (Prop_D6LUT_SLICEM_I0_O)
                                                      0.051     6.831 r  u_pool/g_fpu[6].u_fpu/r2_fma_mag[127]_i_100/O
                         net (fo=1, routed)           0.336     7.167    u_pool/g_fpu[6].u_fpu/r2_fma_mag[127]_i_100_n_0
    SLICE_X69Y167        LUT5 (Prop_C6LUT_SLICEL_I4_O)
                                                      0.050     7.217 r  u_pool/g_fpu[6].u_fpu/r2_fma_mag[127]_i_75/O
                         net (fo=1, routed)           0.010     7.227    u_pool/g_fpu[6].u_fpu/r2_fma_mag[127]_i_75_n_0
    SLICE_X69Y167        CARRY8 (Prop_CARRY8_SLICEL_S[2]_CO[7])
                                                      0.155     7.382 r  u_pool/g_fpu[6].u_fpu/r2_fma_mag_reg[127]_i_52/CO[7]
                         net (fo=1, routed)           0.026     7.408    u_pool/g_fpu[6].u_fpu/r2_fma_mag_reg[127]_i_52_n_0
    SLICE_X69Y168        CARRY8 (Prop_CARRY8_SLICEL_CI_CO[7])
                                                      0.015     7.423 r  u_pool/g_fpu[6].u_fpu/r2_fma_mag_reg[127]_i_31/CO[7]
                         net (fo=1, routed)           0.026     7.449    u_pool/g_fpu[6].u_fpu/r2_fma_mag_reg[127]_i_31_n_0
    SLICE_X69Y169        CARRY8 (Prop_CARRY8_SLICEL_CI_CO[7])
                                                      0.015     7.464 r  u_pool/g_fpu[6].u_fpu/r2_fma_mag_reg[127]_i_7/CO[7]
                         net (fo=1, routed)           0.026     7.490    u_pool/g_fpu[6].u_fpu/r2_fma_mag_reg[127]_i_7_n_0
    SLICE_X69Y170        CARRY8 (Prop_CARRY8_SLICEL_CI_CO[2])
                                                      0.057     7.547 r  u_pool/g_fpu[6].u_fpu/r2_fma_mag_reg[127]_i_3/CO[2]
                         net (fo=2, routed)           0.264     7.811    u_pool/g_fpu[6].u_fpu/r2_fma_mag_reg[127]_i_3_n_5
    SLICE_X69Y160        LUT2 (Prop_D6LUT_SLICEL_I1_O)
                                                      0.122     7.933 r  u_pool/g_fpu[6].u_fpu/r2_fma_mag[127]_i_1/O
                         net (fo=129, routed)         0.672     8.605    u_pool/g_fpu[6].u_fpu/s2_fma_spec
    SLICE_X67Y171        FDRE                                         r  u_pool/g_fpu[6].u_fpu/r2_fma_mag_reg[123]/R
  -------------------------------------------------------------------    -------------------

                         (clock clk rise edge)       10.000    10.000 r  
                                                      0.000    10.000 r  clk (IN)
                         net (fo=24410, unset)        0.021    10.021    u_pool/g_fpu[6].u_fpu/clk
    SLICE_X67Y171        FDRE                                         r  u_pool/g_fpu[6].u_fpu/r2_fma_mag_reg[123]/C
                         clock pessimism              0.000    10.021    
                         clock uncertainty           -0.035     9.986    
    SLICE_X67Y171        FDRE (Setup_DFF_SLICEM_C_R)
                                                     -0.074     9.912    u_pool/g_fpu[6].u_fpu/r2_fma_mag_reg[123]
  -------------------------------------------------------------------
                         required time                          9.912    
                         arrival time                          -8.605    
  -------------------------------------------------------------------
                         slack                                  1.307    

Slack (MET) :             1.307ns  (required time - arrival time)
  Source:                 u_pool/g_fpu[6].u_fpu/e_reg[4][f_pos0][1]/C
                            (rising edge-triggered cell FDRE clocked by clk  {rise@0.000ns fall@5.000ns period=10.000ns})
  Destination:            u_pool/g_fpu[6].u_fpu/r2_fma_mag_reg[124]/R
                            (rising edge-triggered cell FDRE clocked by clk  {rise@0.000ns fall@5.000ns period=10.000ns})
  Path Group:             clk
  Path Type:              Setup (Max at Slow Process Corner)
  Requirement:            10.000ns  (clk rise@10.000ns - clk rise@0.000ns)
  Data Path Delay:        8.576ns  (logic 2.035ns (23.730%)  route 6.541ns (76.270%))
  Logic Levels:           30  (CARRY8=17 LUT2=3 LUT3=2 LUT4=1 LUT5=4 LUT6=3)
  Clock Path Skew:        -0.008ns (DCD - SCD + CPR)
    Destination Clock Delay (DCD):    0.021ns = ( 10.021 - 10.000 ) 
    Source Clock Delay      (SCD):    0.029ns
    Clock Pessimism Removal (CPR):    0.000ns
  Clock Uncertainty:      0.035ns  ((TSJ^2 + TIJ^2)^1/2 + DJ) / 2 + PE
    Total System Jitter     (TSJ):    0.071ns
    Total Input Jitter      (TIJ):    0.000ns
    Discrete Jitter          (DJ):    0.000ns
    Phase Error              (PE):    0.000ns

    Location             Delay type                Incr(ns)  Path(ns)    Netlist Resource(s)
  -------------------------------------------------------------------    -------------------
                         (clock clk rise edge)        0.000     0.000 r  
                                                      0.000     0.000 r  clk (IN)
                         net (fo=24410, unset)        0.029     0.029    u_pool/g_fpu[6].u_fpu/clk
    SLICE_X65Y173        FDRE                                         r  u_pool/g_fpu[6].u_fpu/e_reg[4][f_pos0][1]/C
  -------------------------------------------------------------------    -------------------
    SLICE_X65Y173        FDRE (Prop_EFF_SLICEL_C_Q)
                                                      0.079     0.108 r  u_pool/g_fpu[6].u_fpu/e_reg[4][f_pos0][1]/Q
                         net (fo=112, routed)         0.689     0.797    u_pool/g_fpu[6].u_fpu/e_reg[4][f_pos_n_0_0][1]
    SLICE_X66Y180        LUT2 (Prop_D6LUT_SLICEL_I0_O)
                                                      0.099     0.896 r  u_pool/g_fpu[6].u_fpu/r2_fma_mag[0]_i_3/O
                         net (fo=6, routed)           0.350     1.246    u_pool/g_fpu[6].u_fpu/r2_fma_mag[0]_i_3_n_0
    SLICE_X69Y177        LUT6 (Prop_B6LUT_SLICEL_I5_O)
                                                      0.051     1.297 r  u_pool/g_fpu[6].u_fpu/r2_fma_mag[23]_i_27/O
                         net (fo=1, routed)           0.184     1.481    u_pool/g_fpu[6].u_fpu/r2_fma_mag[23]_i_27_n_0
    SLICE_X68Y177        CARRY8 (Prop_CARRY8_SLICEL_DI[3]_CO[5])
                                                      0.139     1.620 r  u_pool/g_fpu[6].u_fpu/r2_fma_mag_reg[23]_i_24/CO[5]
                         net (fo=73, routed)          0.568     2.188    u_pool/g_fpu[6].u_fpu/add_acc3
    SLICE_X65Y174        LUT5 (Prop_D5LUT_SLICEL_I4_O)
                                                      0.096     2.284 r  u_pool/g_fpu[6].u_fpu/r2_fma_mag[7]_i_26/O
                         net (fo=6, routed)           0.649     2.933    u_pool/g_fpu[6].u_fpu/r2_fma_mag[7]_i_26_n_0
    SLICE_X68Y181        LUT4 (Prop_E6LUT_SLICEL_I2_O)
                                                      0.147     3.080 r  u_pool/g_fpu[6].u_fpu/r2_fma_mag[3]_i_6/O
                         net (fo=3, routed)           0.188     3.268    u_pool/g_fpu[6].u_fpu/r2_fma_mag[3]_i_6_n_0
    SLICE_X70Y181        LUT5 (Prop_F6LUT_SLICEM_I1_O)
                                                      0.037     3.305 r  u_pool/g_fpu[6].u_fpu/r2_fma_mag[5]_i_5/O
                         net (fo=1, routed)           0.040     3.345    u_pool/g_fpu[6].u_fpu/r2_fma_mag[5]_i_5_n_0
    SLICE_X70Y181        LUT5 (Prop_G6LUT_SLICEM_I0_O)
                                                      0.037     3.382 r  u_pool/g_fpu[6].u_fpu/r2_fma_mag[5]_i_4/O
                         net (fo=2, routed)           0.196     3.578    u_pool/g_fpu[6].u_fpu/r2_fma_mag[5]_i_4_n_0
    SLICE_X69Y180        LUT6 (Prop_E6LUT_SLICEL_I3_O)
                                                      0.123     3.701 r  u_pool/g_fpu[6].u_fpu/r2_fma_mag[5]_i_2/O
                         net (fo=6, routed)           0.394     4.096    u_pool/g_fpu[6].u_fpu/add_acc__0[5]
    SLICE_X71Y160        LUT2 (Prop_E6LUT_SLICEM_I1_O)
                                                      0.124     4.220 r  u_pool/g_fpu[6].u_fpu/r2_fma_fs_i_193/O
                         net (fo=1, routed)           0.182     4.402    u_pool/g_fpu[6].u_fpu/r2_fma_fs_i_193_n_0
    SLICE_X71Y164        CARRY8 (Prop_CARRY8_SLICEM_DI[2]_CO[7])
                                                      0.110     4.512 r  u_pool/g_fpu[6].u_fpu/r2_fma_fs_reg_i_172/CO[7]
                         net (fo=1, routed)           0.026     4.538    u_pool/g_fpu[6].u_fpu/r2_fma_fs_reg_i_172_n_0
    SLICE_X71Y165        CARRY8 (Prop_CARRY8_SLICEM_CI_CO[7])
                                                      0.015     4.553 r  u_pool/g_fpu[6].u_fpu/r2_fma_fs_reg_i_155/CO[7]
                         net (fo=1, routed)           0.026     4.579    u_pool/g_fpu[6].u_fpu/r2_fma_fs_reg_i_155_n_0
    SLICE_X71Y166        CARRY8 (Prop_CARRY8_SLICEM_CI_CO[7])
                                                      0.015     4.594 r  u_pool/g_fpu[6].u_fpu/r2_fma_fs_reg_i_138/CO[7]
                         net (fo=1, routed)           0.026     4.620    u_pool/g_fpu[6].u_fpu/r2_fma_fs_reg_i_138_n_0
    SLICE_X71Y167        CARRY8 (Prop_CARRY8_SLICEM_CI_CO[7])
                                                      0.015     4.635 r  u_pool/g_fpu[6].u_fpu/r2_fma_fs_reg_i_120/CO[7]
                         net (fo=1, routed)           0.026     4.661    u_pool/g_fpu[6].u_fpu/r2_fma_fs_reg_i_120_n_0
    SLICE_X71Y168        CARRY8 (Prop_CARRY8_SLICEM_CI_CO[7])
                                                      0.015     4.676 r  u_pool/g_fpu[6].u_fpu/r2_fma_fs_reg_i_64/CO[7]
                         net (fo=1, routed)           0.026     4.702    u_pool/g_fpu[6].u_fpu/r2_fma_fs_reg_i_64_n_0
    SLICE_X71Y169        CARRY8 (Prop_CARRY8_SLICEM_CI_CO[7])
                                                      0.015     4.717 r  u_pool/g_fpu[6].u_fpu/r2_fma_fs_reg_i_26/CO[7]
                         net (fo=1, routed)           0.026     4.743    u_pool/g_fpu[6].u_fpu/r2_fma_fs_reg_i_26_n_0
    SLICE_X71Y170        CARRY8 (Prop_CARRY8_SLICEM_CI_CO[7])
                                                      0.015     4.758 r  u_pool/g_fpu[6].u_fpu/r2_fma_fs_reg_i_4/CO[7]
                         net (fo=1, routed)           0.026     4.784    u_pool/g_fpu[6].u_fpu/r2_fma_fs_reg_i_4_n_0
    SLICE_X71Y171        CARRY8 (Prop_CARRY8_SLICEM_CI_CO[7])
                                                      0.022     4.806 r  u_pool/g_fpu[6].u_fpu/r2_fma_fs_reg_i_2/CO[7]
                         net (fo=230, routed)         0.502     5.308    u_pool/g_fpu[6].u_fpu/p_0_in0
    SLICE_X74Y163        LUT3 (Prop_D5LUT_SLICEM_I1_O)
                                                      0.066     5.374 r  u_pool/g_fpu[6].u_fpu/r2_fma_mag[39]_i_20/O
                         net (fo=2, routed)           0.473     5.847    u_pool/g_fpu[6].u_fpu/r2_fma_mag[39]_i_20_n_0
    SLICE_X68Y163        LUT6 (Prop_G6LUT_SLICEL_I0_O)
                                                      0.149     5.996 r  u_pool/g_fpu[6].u_fpu/r2_fma_mag[39]_i_12/O
                         net (fo=1, routed)           0.008     6.004    u_pool/g_fpu[6].u_fpu/r2_fma_mag[39]_i_12_n_0
    SLICE_X68Y163        CARRY8 (Prop_CARRY8_SLICEL_S[6]_CO[7])
                                                      0.115     6.119 r  u_pool/g_fpu[6].u_fpu/r2_fma_mag_reg[39]_i_2/CO[7]
                         net (fo=1, routed)           0.026     6.145    u_pool/g_fpu[6].u_fpu/r2_fma_mag_reg[39]_i_2_n_0
    SLICE_X68Y164        CARRY8 (Prop_CARRY8_SLICEL_CI_CO[7])
                                                      0.015     6.160 r  u_pool/g_fpu[6].u_fpu/r2_fma_mag_reg[47]_i_2/CO[7]
                         net (fo=1, routed)           0.026     6.186    u_pool/g_fpu[6].u_fpu/r2_fma_mag_reg[47]_i_2_n_0
    SLICE_X68Y165        CARRY8 (Prop_CARRY8_SLICEL_CI_CO[7])
                                                      0.015     6.201 r  u_pool/g_fpu[6].u_fpu/r2_fma_mag_reg[55]_i_2/CO[7]
                         net (fo=1, routed)           0.026     6.227    u_pool/g_fpu[6].u_fpu/r2_fma_mag_reg[55]_i_2_n_0
    SLICE_X68Y166        CARRY8 (Prop_CARRY8_SLICEL_CI_O[0])
                                                      0.056     6.283 f  u_pool/g_fpu[6].u_fpu/r2_fma_mag_reg[63]_i_2/O[0]
                         net (fo=2, routed)           0.497     6.780    u_pool/g_fpu[6].u_fpu/mag[56]
    SLICE_X73Y165        LUT3 (Prop_D6LUT_SLICEM_I0_O)
                                                      0.051     6.831 r  u_pool/g_fpu[6].u_fpu/r2_fma_mag[127]_i_100/O
                         net (fo=1, routed)           0.336     7.167    u_pool/g_fpu[6].u_fpu/r2_fma_mag[127]_i_100_n_0
    SLICE_X69Y167        LUT5 (Prop_C6LUT_SLICEL_I4_O)
                                                      0.050     7.217 r  u_pool/g_fpu[6].u_fpu/r2_fma_mag[127]_i_75/O
                         net (fo=1, routed)           0.010     7.227    u_pool/g_fpu[6].u_fpu/r2_fma_mag[127]_i_75_n_0
    SLICE_X69Y167        CARRY8 (Prop_CARRY8_SLICEL_S[2]_CO[7])
                                                      0.155     7.382 r  u_pool/g_fpu[6].u_fpu/r2_fma_mag_reg[127]_i_52/CO[7]
                         net (fo=1, routed)           0.026     7.408    u_pool/g_fpu[6].u_fpu/r2_fma_mag_reg[127]_i_52_n_0
    SLICE_X69Y168        CARRY8 (Prop_CARRY8_SLICEL_CI_CO[7])
                                                      0.015     7.423 r  u_pool/g_fpu[6].u_fpu/r2_fma_mag_reg[127]_i_31/CO[7]
                         net (fo=1, routed)           0.026     7.449    u_pool/g_fpu[6].u_fpu/r2_fma_mag_reg[127]_i_31_n_0
    SLICE_X69Y169        CARRY8 (Prop_CARRY8_SLICEL_CI_CO[7])
                                                      0.015     7.464 r  u_pool/g_fpu[6].u_fpu/r2_fma_mag_reg[127]_i_7/CO[7]
                         net (fo=1, routed)           0.026     7.490    u_pool/g_fpu[6].u_fpu/r2_fma_mag_reg[127]_i_7_n_0
    SLICE_X69Y170        CARRY8 (Prop_CARRY8_SLICEL_CI_CO[2])
                                                      0.057     7.547 r  u_pool/g_fpu[6].u_fpu/r2_fma_mag_reg[127]_i_3/CO[2]
                         net (fo=2, routed)           0.264     7.811    u_pool/g_fpu[6].u_fpu/r2_fma_mag_reg[127]_i_3_n_5
    SLICE_X69Y160        LUT2 (Prop_D6LUT_SLICEL_I1_O)
                                                      0.122     7.933 r  u_pool/g_fpu[6].u_fpu/r2_fma_mag[127]_i_1/O
                         net (fo=129, routed)         0.672     8.605    u_pool/g_fpu[6].u_fpu/s2_fma_spec
    SLICE_X67Y171        FDRE                                         r  u_pool/g_fpu[6].u_fpu/r2_fma_mag_reg[124]/R
  -------------------------------------------------------------------    -------------------

                         (clock clk rise edge)       10.000    10.000 r  
                                                      0.000    10.000 r  clk (IN)
                         net (fo=24410, unset)        0.021    10.021    u_pool/g_fpu[6].u_fpu/clk
    SLICE_X67Y171        FDRE                                         r  u_pool/g_fpu[6].u_fpu/r2_fma_mag_reg[124]/C
                         clock pessimism              0.000    10.021    
                         clock uncertainty           -0.035     9.986    
    SLICE_X67Y171        FDRE (Setup_DFF2_SLICEM_C_R)
                                                     -0.074     9.912    u_pool/g_fpu[6].u_fpu/r2_fma_mag_reg[124]
  -------------------------------------------------------------------
                         required time                          9.912    
                         arrival time                          -8.605    
  -------------------------------------------------------------------
                         slack                                  1.307    





Min Delay Paths
--------------------------------------------------------------------------------------
Slack (MET) :             0.019ns  (arrival time - required time)
  Source:                 u_pool/g_idot[1].dsum_reg[31]/C
                            (rising edge-triggered cell FDRE clocked by clk  {rise@0.000ns fall@5.000ns period=10.000ns})
  Destination:            u_pool/dot_data_reg[1][31]/D
                            (rising edge-triggered cell FDRE clocked by clk  {rise@0.000ns fall@5.000ns period=10.000ns})
  Path Group:             clk
  Path Type:              Hold (Min at Fast Process Corner)
  Requirement:            0.000ns  (clk rise@0.000ns - clk rise@0.000ns)
  Data Path Delay:        0.072ns  (logic 0.039ns (54.167%)  route 0.033ns (45.833%))
  Logic Levels:           0  
  Clock Path Skew:        0.006ns (DCD - SCD - CPR)
    Destination Clock Delay (DCD):    0.018ns
    Source Clock Delay      (SCD):    0.012ns
    Clock Pessimism Removal (CPR):    -0.000ns

    Location             Delay type                Incr(ns)  Path(ns)    Netlist Resource(s)
  -------------------------------------------------------------------    -------------------
                         (clock clk rise edge)        0.000     0.000 r  
                                                      0.000     0.000 r  clk (IN)
                         net (fo=24410, unset)        0.012     0.012    u_pool/clk
    SLICE_X90Y80         FDRE                                         r  u_pool/g_idot[1].dsum_reg[31]/C
  -------------------------------------------------------------------    -------------------
    SLICE_X90Y80         FDRE (Prop_DFF_SLICEL_C_Q)
                                                      0.039     0.051 r  u_pool/g_idot[1].dsum_reg[31]/Q
                         net (fo=1, routed)           0.033     0.084    u_pool/g_idot[1].dsum[31]
    SLICE_X90Y80         FDRE                                         r  u_pool/dot_data_reg[1][31]/D
  -------------------------------------------------------------------    -------------------

                         (clock clk rise edge)        0.000     0.000 r  
                                                      0.000     0.000 r  clk (IN)
                         net (fo=24410, unset)        0.018     0.018    u_pool/clk
    SLICE_X90Y80         FDRE                                         r  u_pool/dot_data_reg[1][31]/C
                         clock pessimism              0.000     0.018    
    SLICE_X90Y80         FDRE (Hold_CFF2_SLICEL_C_D)
                                                      0.047     0.065    u_pool/dot_data_reg[1][31]
  -------------------------------------------------------------------
                         required time                         -0.065    
                         arrival time                           0.084    
  -------------------------------------------------------------------
                         slack                                  0.019    

Slack (MET) :             0.019ns  (arrival time - required time)
  Source:                 u_pool/g_imul[6].lo_r_reg[11]/C
                            (rising edge-triggered cell FDRE clocked by clk  {rise@0.000ns fall@5.000ns period=10.000ns})
  Destination:            u_pool/mul_data_reg[6][11]/D
                            (rising edge-triggered cell FDRE clocked by clk  {rise@0.000ns fall@5.000ns period=10.000ns})
  Path Group:             clk
  Path Type:              Hold (Min at Fast Process Corner)
  Requirement:            0.000ns  (clk rise@0.000ns - clk rise@0.000ns)
  Data Path Delay:        0.072ns  (logic 0.039ns (54.167%)  route 0.033ns (45.833%))
  Logic Levels:           0  
  Clock Path Skew:        0.006ns (DCD - SCD - CPR)
    Destination Clock Delay (DCD):    0.019ns
    Source Clock Delay      (SCD):    0.013ns
    Clock Pessimism Removal (CPR):    -0.000ns

    Location             Delay type                Incr(ns)  Path(ns)    Netlist Resource(s)
  -------------------------------------------------------------------    -------------------
                         (clock clk rise edge)        0.000     0.000 r  
                                                      0.000     0.000 r  clk (IN)
                         net (fo=24410, unset)        0.013     0.013    u_pool/clk
    SLICE_X85Y88         FDRE                                         r  u_pool/g_imul[6].lo_r_reg[11]/C
  -------------------------------------------------------------------    -------------------
    SLICE_X85Y88         FDRE (Prop_HFF_SLICEL_C_Q)
                                                      0.039     0.052 r  u_pool/g_imul[6].lo_r_reg[11]/Q
                         net (fo=1, routed)           0.033     0.085    u_pool/g_imul[6].lo_r[11]
    SLICE_X85Y88         FDRE                                         r  u_pool/mul_data_reg[6][11]/D
  -------------------------------------------------------------------    -------------------

                         (clock clk rise edge)        0.000     0.000 r  
                                                      0.000     0.000 r  clk (IN)
                         net (fo=24410, unset)        0.019     0.019    u_pool/clk
    SLICE_X85Y88         FDRE                                         r  u_pool/mul_data_reg[6][11]/C
                         clock pessimism              0.000     0.019    
    SLICE_X85Y88         FDRE (Hold_HFF2_SLICEL_C_D)
                                                      0.047     0.066    u_pool/mul_data_reg[6][11]
  -------------------------------------------------------------------
                         required time                         -0.066    
                         arrival time                           0.085    
  -------------------------------------------------------------------
                         slack                                  0.019    

Slack (MET) :             0.019ns  (arrival time - required time)
  Source:                 u_pool/g_imul[6].lo_r_reg[14]/C
                            (rising edge-triggered cell FDRE clocked by clk  {rise@0.000ns fall@5.000ns period=10.000ns})
  Destination:            u_pool/mul_data_reg[6][14]/D
                            (rising edge-triggered cell FDRE clocked by clk  {rise@0.000ns fall@5.000ns period=10.000ns})
  Path Group:             clk
  Path Type:              Hold (Min at Fast Process Corner)
  Requirement:            0.000ns  (clk rise@0.000ns - clk rise@0.000ns)
  Data Path Delay:        0.072ns  (logic 0.039ns (54.167%)  route 0.033ns (45.833%))
  Logic Levels:           0  
  Clock Path Skew:        0.006ns (DCD - SCD - CPR)
    Destination Clock Delay (DCD):    0.019ns
    Source Clock Delay      (SCD):    0.013ns
    Clock Pessimism Removal (CPR):    -0.000ns

    Location             Delay type                Incr(ns)  Path(ns)    Netlist Resource(s)
  -------------------------------------------------------------------    -------------------
                         (clock clk rise edge)        0.000     0.000 r  
                                                      0.000     0.000 r  clk (IN)
                         net (fo=24410, unset)        0.013     0.013    u_pool/clk
    SLICE_X85Y87         FDRE                                         r  u_pool/g_imul[6].lo_r_reg[14]/C
  -------------------------------------------------------------------    -------------------
    SLICE_X85Y87         FDRE (Prop_HFF_SLICEL_C_Q)
                                                      0.039     0.052 r  u_pool/g_imul[6].lo_r_reg[14]/Q
                         net (fo=1, routed)           0.033     0.085    u_pool/g_imul[6].lo_r[14]
    SLICE_X85Y87         FDRE                                         r  u_pool/mul_data_reg[6][14]/D
  -------------------------------------------------------------------    -------------------

                         (clock clk rise edge)        0.000     0.000 r  
                                                      0.000     0.000 r  clk (IN)
                         net (fo=24410, unset)        0.019     0.019    u_pool/clk
    SLICE_X85Y87         FDRE                                         r  u_pool/mul_data_reg[6][14]/C
                         clock pessimism              0.000     0.019    
    SLICE_X85Y87         FDRE (Hold_HFF2_SLICEL_C_D)
                                                      0.047     0.066    u_pool/mul_data_reg[6][14]
  -------------------------------------------------------------------
                         required time                         -0.066    
                         arrival time                           0.085    
  -------------------------------------------------------------------
                         slack                                  0.019    

Slack (MET) :             0.021ns  (arrival time - required time)
  Source:                 u_pool/g_fpu[4].u_fpu/e_reg[1][minmax_h][9]/C
                            (rising edge-triggered cell FDSE clocked by clk  {rise@0.000ns fall@5.000ns period=10.000ns})
  Destination:            u_pool/g_fpu[4].u_fpu/e_reg[4][minmax_h][9]_srl3/D
                            (rising edge-triggered cell SRL16E clocked by clk  {rise@0.000ns fall@5.000ns period=10.000ns})
  Path Group:             clk
  Path Type:              Hold (Min at Fast Process Corner)
  Requirement:            0.000ns  (clk rise@0.000ns - clk rise@0.000ns)
  Data Path Delay:        0.092ns  (logic 0.039ns (42.391%)  route 0.053ns (57.609%))
  Logic Levels:           0  
  Clock Path Skew:        0.026ns (DCD - SCD - CPR)
    Destination Clock Delay (DCD):    0.039ns
    Source Clock Delay      (SCD):    0.013ns
    Clock Pessimism Removal (CPR):    -0.000ns

    Location             Delay type                Incr(ns)  Path(ns)    Netlist Resource(s)
  -------------------------------------------------------------------    -------------------
                         (clock clk rise edge)        0.000     0.000 r  
                                                      0.000     0.000 r  clk (IN)
                         net (fo=24410, unset)        0.013     0.013    u_pool/g_fpu[4].u_fpu/clk
    SLICE_X63Y174        FDSE                                         r  u_pool/g_fpu[4].u_fpu/e_reg[1][minmax_h][9]/C
  -------------------------------------------------------------------    -------------------
    SLICE_X63Y174        FDSE (Prop_HFF_SLICEM_C_Q)
                                                      0.039     0.052 r  u_pool/g_fpu[4].u_fpu/e_reg[1][minmax_h][9]/Q
                         net (fo=1, routed)           0.053     0.105    u_pool/g_fpu[4].u_fpu/e_reg[1][minmax_h][9]
    SLICE_X63Y175        SRL16E                                       r  u_pool/g_fpu[4].u_fpu/e_reg[4][minmax_h][9]_srl3/D
  -------------------------------------------------------------------    -------------------

                         (clock clk rise edge)        0.000     0.000 r  
                                                      0.000     0.000 r  clk (IN)
                         net (fo=24410, unset)        0.039     0.039    u_pool/g_fpu[4].u_fpu/clk
    SLICE_X63Y175        SRL16E                                       r  u_pool/g_fpu[4].u_fpu/e_reg[4][minmax_h][9]_srl3/CLK
                         clock pessimism              0.000     0.039    
    SLICE_X63Y175        SRL16E (Hold_B5LUT_SLICEM_CLK_D)
                                                      0.045     0.084    u_pool/g_fpu[4].u_fpu/e_reg[4][minmax_h][9]_srl3
  -------------------------------------------------------------------
                         required time                         -0.084    
                         arrival time                           0.105    
  -------------------------------------------------------------------
                         slack                                  0.021    

Slack (MET) :             0.022ns  (arrival time - required time)
  Source:                 u_pool/g_fpu[2].u_fpu/e_reg[1][f_sigc][10]/C
                            (rising edge-triggered cell FDRE clocked by clk  {rise@0.000ns fall@5.000ns period=10.000ns})
  Destination:            u_pool/g_fpu[2].u_fpu/e_reg[3][f_sigc][10]_srl2/D
                            (rising edge-triggered cell SRL16E clocked by clk  {rise@0.000ns fall@5.000ns period=10.000ns})
  Path Group:             clk
  Path Type:              Hold (Min at Fast Process Corner)
  Requirement:            0.000ns  (clk rise@0.000ns - clk rise@0.000ns)
  Data Path Delay:        0.094ns  (logic 0.038ns (40.426%)  route 0.056ns (59.574%))
  Logic Levels:           0  
  Clock Path Skew:        0.026ns (DCD - SCD - CPR)
    Destination Clock Delay (DCD):    0.039ns
    Source Clock Delay      (SCD):    0.013ns
    Clock Pessimism Removal (CPR):    -0.000ns

    Location             Delay type                Incr(ns)  Path(ns)    Netlist Resource(s)
  -------------------------------------------------------------------    -------------------
                         (clock clk rise edge)        0.000     0.000 r  
                                                      0.000     0.000 r  clk (IN)
                         net (fo=24410, unset)        0.013     0.013    u_pool/g_fpu[2].u_fpu/clk
    SLICE_X109Y230       FDRE                                         r  u_pool/g_fpu[2].u_fpu/e_reg[1][f_sigc][10]/C
  -------------------------------------------------------------------    -------------------
    SLICE_X109Y230       FDRE (Prop_AFF_SLICEM_C_Q)
                                                      0.038     0.051 r  u_pool/g_fpu[2].u_fpu/e_reg[1][f_sigc][10]/Q
                         net (fo=1, routed)           0.056     0.107    u_pool/g_fpu[2].u_fpu/e_reg[1][f_sigc][10]
    SLICE_X109Y231       SRL16E                                       r  u_pool/g_fpu[2].u_fpu/e_reg[3][f_sigc][10]_srl2/D
  -------------------------------------------------------------------    -------------------

                         (clock clk rise edge)        0.000     0.000 r  
                                                      0.000     0.000 r  clk (IN)
                         net (fo=24410, unset)        0.039     0.039    u_pool/g_fpu[2].u_fpu/clk
    SLICE_X109Y231       SRL16E                                       r  u_pool/g_fpu[2].u_fpu/e_reg[3][f_sigc][10]_srl2/CLK
                         clock pessimism              0.000     0.039    
    SLICE_X109Y231       SRL16E (Hold_C5LUT_SLICEM_CLK_D)
                                                      0.046     0.085    u_pool/g_fpu[2].u_fpu/e_reg[3][f_sigc][10]_srl2
  -------------------------------------------------------------------
                         required time                         -0.085    
                         arrival time                           0.107    
  -------------------------------------------------------------------
                         slack                                  0.022    

Slack (MET) :             0.022ns  (arrival time - required time)
  Source:                 u_pool/g_fpu[3].u_fpu/e_reg[1][minmax_h][9]/C
                            (rising edge-triggered cell FDSE clocked by clk  {rise@0.000ns fall@5.000ns period=10.000ns})
  Destination:            u_pool/g_fpu[3].u_fpu/e_reg[4][minmax_h][9]_srl3/D
                            (rising edge-triggered cell SRL16E clocked by clk  {rise@0.000ns fall@5.000ns period=10.000ns})
  Path Group:             clk
  Path Type:              Hold (Min at Fast Process Corner)
  Requirement:            0.000ns  (clk rise@0.000ns - clk rise@0.000ns)
  Data Path Delay:        0.094ns  (logic 0.039ns (41.489%)  route 0.055ns (58.511%))
  Logic Levels:           0  
  Clock Path Skew:        0.027ns (DCD - SCD - CPR)
    Destination Clock Delay (DCD):    0.039ns
    Source Clock Delay      (SCD):    0.012ns
    Clock Pessimism Removal (CPR):    -0.000ns

    Location             Delay type                Incr(ns)  Path(ns)    Netlist Resource(s)
  -------------------------------------------------------------------    -------------------
                         (clock clk rise edge)        0.000     0.000 r  
                                                      0.000     0.000 r  clk (IN)
                         net (fo=24410, unset)        0.012     0.012    u_pool/g_fpu[3].u_fpu/clk
    SLICE_X108Y190       FDSE                                         r  u_pool/g_fpu[3].u_fpu/e_reg[1][minmax_h][9]/C
  -------------------------------------------------------------------    -------------------
    SLICE_X108Y190       FDSE (Prop_AFF_SLICEL_C_Q)
                                                      0.039     0.051 r  u_pool/g_fpu[3].u_fpu/e_reg[1][minmax_h][9]/Q
                         net (fo=1, routed)           0.055     0.106    u_pool/g_fpu[3].u_fpu/e_reg[1][minmax_h][9]
    SLICE_X109Y190       SRL16E                                       r  u_pool/g_fpu[3].u_fpu/e_reg[4][minmax_h][9]_srl3/D
  -------------------------------------------------------------------    -------------------

                         (clock clk rise edge)        0.000     0.000 r  
                                                      0.000     0.000 r  clk (IN)
                         net (fo=24410, unset)        0.039     0.039    u_pool/g_fpu[3].u_fpu/clk
    SLICE_X109Y190       SRL16E                                       r  u_pool/g_fpu[3].u_fpu/e_reg[4][minmax_h][9]_srl3/CLK
                         clock pessimism              0.000     0.039    
    SLICE_X109Y190       SRL16E (Hold_B5LUT_SLICEM_CLK_D)
                                                      0.045     0.084    u_pool/g_fpu[3].u_fpu/e_reg[4][minmax_h][9]_srl3
  -------------------------------------------------------------------
                         required time                         -0.084    
                         arrival time                           0.106    
  -------------------------------------------------------------------
                         slack                                  0.022    

Slack (MET) :             0.023ns  (arrival time - required time)
  Source:                 u_pool/u_sfu/Qf_reg[8]/C
                            (rising edge-triggered cell FDRE clocked by clk  {rise@0.000ns fall@5.000ns period=10.000ns})
  Destination:            u_pool/u_sfu/Qf_reg[9]/D
                            (rising edge-triggered cell FDRE clocked by clk  {rise@0.000ns fall@5.000ns period=10.000ns})
  Path Group:             clk
  Path Type:              Hold (Min at Fast Process Corner)
  Requirement:            0.000ns  (clk rise@0.000ns - clk rise@0.000ns)
  Data Path Delay:        0.076ns  (logic 0.039ns (51.531%)  route 0.037ns (48.469%))
  Logic Levels:           0  
  Clock Path Skew:        0.006ns (DCD - SCD - CPR)
    Destination Clock Delay (DCD):    0.019ns
    Source Clock Delay      (SCD):    0.013ns
    Clock Pessimism Removal (CPR):    -0.000ns

    Location             Delay type                Incr(ns)  Path(ns)    Netlist Resource(s)
  -------------------------------------------------------------------    -------------------
                         (clock clk rise edge)        0.000     0.000 r  
                                                      0.000     0.000 r  clk (IN)
                         net (fo=24410, unset)        0.013     0.013    u_pool/u_sfu/clk
    SLICE_X66Y104        FDRE                                         r  u_pool/u_sfu/Qf_reg[8]/C
  -------------------------------------------------------------------    -------------------
    SLICE_X66Y104        FDRE (Prop_HFF_SLICEL_C_Q)
                                                      0.039     0.052 r  u_pool/u_sfu/Qf_reg[8]/Q
                         net (fo=5, routed)           0.037     0.089    u_pool/u_sfu/Qf[8]
    SLICE_X66Y104        FDRE                                         r  u_pool/u_sfu/Qf_reg[9]/D
  -------------------------------------------------------------------    -------------------

                         (clock clk rise edge)        0.000     0.000 r  
                                                      0.000     0.000 r  clk (IN)
                         net (fo=24410, unset)        0.019     0.019    u_pool/u_sfu/clk
    SLICE_X66Y104        FDRE                                         r  u_pool/u_sfu/Qf_reg[9]/C
                         clock pessimism              0.000     0.019    
    SLICE_X66Y104        FDRE (Hold_HFF2_SLICEL_C_D)
                                                      0.047     0.066    u_pool/u_sfu/Qf_reg[9]
  -------------------------------------------------------------------
                         required time                         -0.066    
                         arrival time                           0.089    
  -------------------------------------------------------------------
                         slack                                  0.023    

Slack (MET) :             0.023ns  (arrival time - required time)
  Source:                 u_pool/g_fpu[0].u_fpu/e_reg[1][f_fma_specval][8]/C
                            (rising edge-triggered cell FDRE clocked by clk  {rise@0.000ns fall@5.000ns period=10.000ns})
  Destination:            u_pool/g_fpu[0].u_fpu/e_reg[4][f_fma_specval][8]_srl3/D
                            (rising edge-triggered cell SRL16E clocked by clk  {rise@0.000ns fall@5.000ns period=10.000ns})
  Path Group:             clk
  Path Type:              Hold (Min at Fast Process Corner)
  Requirement:            0.000ns  (clk rise@0.000ns - clk rise@0.000ns)
  Data Path Delay:        0.095ns  (logic 0.039ns (41.053%)  route 0.056ns (58.947%))
  Logic Levels:           0  
  Clock Path Skew:        0.026ns (DCD - SCD - CPR)
    Destination Clock Delay (DCD):    0.039ns
    Source Clock Delay      (SCD):    0.013ns
    Clock Pessimism Removal (CPR):    -0.000ns

    Location             Delay type                Incr(ns)  Path(ns)    Netlist Resource(s)
  -------------------------------------------------------------------    -------------------
                         (clock clk rise edge)        0.000     0.000 r  
                                                      0.000     0.000 r  clk (IN)
                         net (fo=24410, unset)        0.013     0.013    u_pool/g_fpu[0].u_fpu/clk
    SLICE_X93Y235        FDRE                                         r  u_pool/g_fpu[0].u_fpu/e_reg[1][f_fma_specval][8]/C
  -------------------------------------------------------------------    -------------------
    SLICE_X93Y235        FDRE (Prop_GFF2_SLICEM_C_Q)
                                                      0.039     0.052 r  u_pool/g_fpu[0].u_fpu/e_reg[1][f_fma_specval][8]/Q
                         net (fo=1, routed)           0.056     0.108    u_pool/g_fpu[0].u_fpu/e_reg[1][f_fma_specval][8]
    SLICE_X93Y236        SRL16E                                       r  u_pool/g_fpu[0].u_fpu/e_reg[4][f_fma_specval][8]_srl3/D
  -------------------------------------------------------------------    -------------------

                         (clock clk rise edge)        0.000     0.000 r  
                                                      0.000     0.000 r  clk (IN)
                         net (fo=24410, unset)        0.039     0.039    u_pool/g_fpu[0].u_fpu/clk
    SLICE_X93Y236        SRL16E                                       r  u_pool/g_fpu[0].u_fpu/e_reg[4][f_fma_specval][8]_srl3/CLK
                         clock pessimism              0.000     0.039    
    SLICE_X93Y236        SRL16E (Hold_A5LUT_SLICEM_CLK_D)
                                                      0.046     0.085    u_pool/g_fpu[0].u_fpu/e_reg[4][f_fma_specval][8]_srl3
  -------------------------------------------------------------------
                         required time                         -0.085    
                         arrival time                           0.108    
  -------------------------------------------------------------------
                         slack                                  0.023    

Slack (MET) :             0.023ns  (arrival time - required time)
  Source:                 u_pool/g_fpu[0].u_fpu/e_reg[1][f_fma_specval][9]/C
                            (rising edge-triggered cell FDRE clocked by clk  {rise@0.000ns fall@5.000ns period=10.000ns})
  Destination:            u_pool/g_fpu[0].u_fpu/e_reg[4][f_fma_specval][9]_srl3/D
                            (rising edge-triggered cell SRL16E clocked by clk  {rise@0.000ns fall@5.000ns period=10.000ns})
  Path Group:             clk
  Path Type:              Hold (Min at Fast Process Corner)
  Requirement:            0.000ns  (clk rise@0.000ns - clk rise@0.000ns)
  Data Path Delay:        0.094ns  (logic 0.039ns (41.489%)  route 0.055ns (58.511%))
  Logic Levels:           0  
  Clock Path Skew:        0.026ns (DCD - SCD - CPR)
    Destination Clock Delay (DCD):    0.039ns
    Source Clock Delay      (SCD):    0.013ns
    Clock Pessimism Removal (CPR):    -0.000ns

    Location             Delay type                Incr(ns)  Path(ns)    Netlist Resource(s)
  -------------------------------------------------------------------    -------------------
                         (clock clk rise edge)        0.000     0.000 r  
                                                      0.000     0.000 r  clk (IN)
                         net (fo=24410, unset)        0.013     0.013    u_pool/g_fpu[0].u_fpu/clk
    SLICE_X93Y235        FDRE                                         r  u_pool/g_fpu[0].u_fpu/e_reg[1][f_fma_specval][9]/C
  -------------------------------------------------------------------    -------------------
    SLICE_X93Y235        FDRE (Prop_DFF_SLICEM_C_Q)
                                                      0.039     0.052 r  u_pool/g_fpu[0].u_fpu/e_reg[1][f_fma_specval][9]/Q
                         net (fo=1, routed)           0.055     0.107    u_pool/g_fpu[0].u_fpu/e_reg[1][f_fma_specval][9]
    SLICE_X93Y236        SRL16E                                       r  u_pool/g_fpu[0].u_fpu/e_reg[4][f_fma_specval][9]_srl3/D
  -------------------------------------------------------------------    -------------------

                         (clock clk rise edge)        0.000     0.000 r  
                                                      0.000     0.000 r  clk (IN)
                         net (fo=24410, unset)        0.039     0.039    u_pool/g_fpu[0].u_fpu/clk
    SLICE_X93Y236        SRL16E                                       r  u_pool/g_fpu[0].u_fpu/e_reg[4][f_fma_specval][9]_srl3/CLK
                         clock pessimism              0.000     0.039    
    SLICE_X93Y236        SRL16E (Hold_B5LUT_SLICEM_CLK_D)
                                                      0.045     0.084    u_pool/g_fpu[0].u_fpu/e_reg[4][f_fma_specval][9]_srl3
  -------------------------------------------------------------------
                         required time                         -0.084    
                         arrival time                           0.107    
  -------------------------------------------------------------------
                         slack                                  0.023    

Slack (MET) :             0.023ns  (arrival time - required time)
  Source:                 u_pool/g_fpu[1].u_fpu/e_reg[1][minmax_h][10]/C
                            (rising edge-triggered cell FDSE clocked by clk  {rise@0.000ns fall@5.000ns period=10.000ns})
  Destination:            u_pool/g_fpu[1].u_fpu/e_reg[4][minmax_h][10]_srl3/D
                            (rising edge-triggered cell SRL16E clocked by clk  {rise@0.000ns fall@5.000ns period=10.000ns})
  Path Group:             clk
  Path Type:              Hold (Min at Fast Process Corner)
  Requirement:            0.000ns  (clk rise@0.000ns - clk rise@0.000ns)
  Data Path Delay:        0.095ns  (logic 0.039ns (41.053%)  route 0.056ns (58.947%))
  Logic Levels:           0  
  Clock Path Skew:        0.026ns (DCD - SCD - CPR)
    Destination Clock Delay (DCD):    0.039ns
    Source Clock Delay      (SCD):    0.013ns
    Clock Pessimism Removal (CPR):    -0.000ns

    Location             Delay type                Incr(ns)  Path(ns)    Netlist Resource(s)
  -------------------------------------------------------------------    -------------------
                         (clock clk rise edge)        0.000     0.000 r  
                                                      0.000     0.000 r  clk (IN)
                         net (fo=24410, unset)        0.013     0.013    u_pool/g_fpu[1].u_fpu/clk
    SLICE_X71Y94         FDSE                                         r  u_pool/g_fpu[1].u_fpu/e_reg[1][minmax_h][10]/C
  -------------------------------------------------------------------    -------------------
    SLICE_X71Y94         FDSE (Prop_GFF2_SLICEM_C_Q)
                                                      0.039     0.052 r  u_pool/g_fpu[1].u_fpu/e_reg[1][minmax_h][10]/Q
                         net (fo=1, routed)           0.056     0.108    u_pool/g_fpu[1].u_fpu/e_reg[1][minmax_h][10]
    SLICE_X71Y95         SRL16E                                       r  u_pool/g_fpu[1].u_fpu/e_reg[4][minmax_h][10]_srl3/D
  -------------------------------------------------------------------    -------------------

                         (clock clk rise edge)        0.000     0.000 r  
                                                      0.000     0.000 r  clk (IN)
                         net (fo=24410, unset)        0.039     0.039    u_pool/g_fpu[1].u_fpu/clk
    SLICE_X71Y95         SRL16E                                       r  u_pool/g_fpu[1].u_fpu/e_reg[4][minmax_h][10]_srl3/CLK
                         clock pessimism              0.000     0.039    
    SLICE_X71Y95         SRL16E (Hold_C5LUT_SLICEM_CLK_D)
                                                      0.046     0.085    u_pool/g_fpu[1].u_fpu/e_reg[4][minmax_h][10]_srl3
  -------------------------------------------------------------------
                         required time                         -0.085    
                         arrival time                           0.108    
  -------------------------------------------------------------------
                         slack                                  0.023    





Pulse Width Checks
--------------------------------------------------------------------------------------
Clock Name:         clk
Waveform(ns):       { 0.000 5.000 }
Period(ns):         10.000
Sources:            { clk }

Check Type        Corner  Lib Pin     Reference Pin  Required(ns)  Actual(ns)  Slack(ns)  Location       Pin
Min Period        n/a     SRL16E/CLK  n/a            1.064         10.000      8.936      SLICE_X96Y231  u_pool/g_fpu[0].u_fpu/e_reg[3][f_c_zero]_srl3/CLK
Min Period        n/a     SRL16E/CLK  n/a            1.064         10.000      8.936      SLICE_X94Y211  u_pool/g_fpu[0].u_fpu/e_reg[3][f_csign]_srl3/CLK
Min Period        n/a     SRL16E/CLK  n/a            1.064         10.000      8.936      SLICE_X94Y193  u_pool/g_fpu[0].u_fpu/e_reg[3][f_fma_spec]_srl3/CLK
Min Period        n/a     SRL16E/CLK  n/a            1.064         10.000      8.936      SLICE_X93Y176  u_pool/g_fpu[0].u_fpu/e_reg[3][f_pos0][0]_srl2/CLK
Min Period        n/a     SRL16E/CLK  n/a            1.064         10.000      8.936      SLICE_X88Y174  u_pool/g_fpu[0].u_fpu/e_reg[3][f_pos0][11]_srl2/CLK
Min Period        n/a     SRL16E/CLK  n/a            1.064         10.000      8.936      SLICE_X93Y176  u_pool/g_fpu[0].u_fpu/e_reg[3][f_pos0][1]_srl2/CLK
Min Period        n/a     SRL16E/CLK  n/a            1.064         10.000      8.936      SLICE_X93Y176  u_pool/g_fpu[0].u_fpu/e_reg[3][f_pos0][2]_srl2/CLK
Min Period        n/a     SRL16E/CLK  n/a            1.064         10.000      8.936      SLICE_X93Y176  u_pool/g_fpu[0].u_fpu/e_reg[3][f_pos0][3]_srl2/CLK
Min Period        n/a     SRL16E/CLK  n/a            1.064         10.000      8.936      SLICE_X93Y176  u_pool/g_fpu[0].u_fpu/e_reg[3][f_pos0][4]_srl2/CLK
Min Period        n/a     SRL16E/CLK  n/a            1.064         10.000      8.936      SLICE_X93Y176  u_pool/g_fpu[0].u_fpu/e_reg[3][f_pos0][5]_srl2/CLK
Low Pulse Width   Slow    SRL16E/CLK  n/a            0.532         5.000       4.468      SLICE_X96Y231  u_pool/g_fpu[0].u_fpu/e_reg[3][f_c_zero]_srl3/CLK
Low Pulse Width   Fast    SRL16E/CLK  n/a            0.532         5.000       4.468      SLICE_X96Y231  u_pool/g_fpu[0].u_fpu/e_reg[3][f_c_zero]_srl3/CLK
Low Pulse Width   Slow    SRL16E/CLK  n/a            0.532         5.000       4.468      SLICE_X94Y211  u_pool/g_fpu[0].u_fpu/e_reg[3][f_csign]_srl3/CLK
Low Pulse Width   Fast    SRL16E/CLK  n/a            0.532         5.000       4.468      SLICE_X94Y211  u_pool/g_fpu[0].u_fpu/e_reg[3][f_csign]_srl3/CLK
Low Pulse Width   Slow    SRL16E/CLK  n/a            0.532         5.000       4.468      SLICE_X94Y193  u_pool/g_fpu[0].u_fpu/e_reg[3][f_fma_spec]_srl3/CLK
Low Pulse Width   Fast    SRL16E/CLK  n/a            0.532         5.000       4.468      SLICE_X94Y193  u_pool/g_fpu[0].u_fpu/e_reg[3][f_fma_spec]_srl3/CLK
Low Pulse Width   Slow    SRL16E/CLK  n/a            0.532         5.000       4.468      SLICE_X93Y176  u_pool/g_fpu[0].u_fpu/e_reg[3][f_pos0][0]_srl2/CLK
Low Pulse Width   Fast    SRL16E/CLK  n/a            0.532         5.000       4.468      SLICE_X93Y176  u_pool/g_fpu[0].u_fpu/e_reg[3][f_pos0][0]_srl2/CLK
Low Pulse Width   Slow    SRL16E/CLK  n/a            0.532         5.000       4.468      SLICE_X88Y174  u_pool/g_fpu[0].u_fpu/e_reg[3][f_pos0][11]_srl2/CLK
Low Pulse Width   Fast    SRL16E/CLK  n/a            0.532         5.000       4.468      SLICE_X88Y174  u_pool/g_fpu[0].u_fpu/e_reg[3][f_pos0][11]_srl2/CLK
High Pulse Width  Slow    SRL16E/CLK  n/a            0.532         5.000       4.468      SLICE_X96Y231  u_pool/g_fpu[0].u_fpu/e_reg[3][f_c_zero]_srl3/CLK
High Pulse Width  Fast    SRL16E/CLK  n/a            0.532         5.000       4.468      SLICE_X96Y231  u_pool/g_fpu[0].u_fpu/e_reg[3][f_c_zero]_srl3/CLK
High Pulse Width  Slow    SRL16E/CLK  n/a            0.532         5.000       4.468      SLICE_X94Y211  u_pool/g_fpu[0].u_fpu/e_reg[3][f_csign]_srl3/CLK
High Pulse Width  Fast    SRL16E/CLK  n/a            0.532         5.000       4.468      SLICE_X94Y211  u_pool/g_fpu[0].u_fpu/e_reg[3][f_csign]_srl3/CLK
High Pulse Width  Slow    SRL16E/CLK  n/a            0.532         5.000       4.468      SLICE_X94Y193  u_pool/g_fpu[0].u_fpu/e_reg[3][f_fma_spec]_srl3/CLK
High Pulse Width  Fast    SRL16E/CLK  n/a            0.532         5.000       4.468      SLICE_X94Y193  u_pool/g_fpu[0].u_fpu/e_reg[3][f_fma_spec]_srl3/CLK
High Pulse Width  Slow    SRL16E/CLK  n/a            0.532         5.000       4.468      SLICE_X93Y176  u_pool/g_fpu[0].u_fpu/e_reg[3][f_pos0][0]_srl2/CLK
High Pulse Width  Fast    SRL16E/CLK  n/a            0.532         5.000       4.468      SLICE_X93Y176  u_pool/g_fpu[0].u_fpu/e_reg[3][f_pos0][0]_srl2/CLK
High Pulse Width  Slow    SRL16E/CLK  n/a            0.532         5.000       4.468      SLICE_X88Y174  u_pool/g_fpu[0].u_fpu/e_reg[3][f_pos0][11]_srl2/CLK
High Pulse Width  Fast    SRL16E/CLK  n/a            0.532         5.000       4.468      SLICE_X88Y174  u_pool/g_fpu[0].u_fpu/e_reg[3][f_pos0][11]_srl2/CLK



