Copyright 1986-2022 Xilinx, Inc. All Rights Reserved. Copyright 2022-2025 Advanced Micro Devices, Inc. All Rights Reserved.
--------------------------------------------------------------------------------------------------------------------------------------------------
| Tool Version      : Vivado v.2025.1 (win64) Build 6140274 Thu May 22 00:12:29 MDT 2025
| Date              : Thu Jul  2 13:47:56 2026
| Host              : Krishna_NITjsr running 64-bit major release  (build 9200)
| Command           : report_timing_summary -max_paths 10 -file {D:/Verilog Projects/simtix/fpga/reports_fp_chip_fast/post_synth_timing.rpt}
| Design            : chip_top
| Device            : xczu7ev-ffvc1156
| Speed File        : -2  PRODUCTION 1.30 05-15-2022
| Design State      : Synthesized
| Temperature Grade : E
--------------------------------------------------------------------------------------------------------------------------------------------------

Timing Summary Report

------------------------------------------------------------------------------------------------
| Timer Settings
| --------------
------------------------------------------------------------------------------------------------

  Enable Multi Corner Analysis               :  Yes
  Enable Pessimism Removal                   :  Yes
  Pessimism Removal Resolution               :  Nearest Common Node
  Enable Input Delay Default Clock           :  No
  Enable Preset / Clear Arcs                 :  No
  Disable Flight Delays                      :  No
  Ignore I/O Paths                           :  No
  Timing Early Launch at Borrowing Latches   :  No
  Borrow Time for Max Delay Exceptions       :  Yes
  Merge Timing Exceptions                    :  Yes
  Inter-SLR Compensation                     :  Conservative

  Corner  Analyze    Analyze    
  Name    Max Paths  Min Paths  
  ------  ---------  ---------  
  Slow    Yes        Yes        
  Fast    Yes        Yes        


------------------------------------------------------------------------------------------------
| Report Methodology
| ------------------
------------------------------------------------------------------------------------------------

No report available as report_methodology has not been run prior. Run report_methodology on the current design for the summary of methodology violations.



check_timing report

Table of Contents
-----------------
1. checking no_clock (0)
2. checking constant_clock (0)
3. checking pulse_width_clock (0)
4. checking unconstrained_internal_endpoints (0)
5. checking no_input_delay (1)
6. checking no_output_delay (33)
7. checking multiple_clock (0)
8. checking generated_clocks (0)
9. checking loops (0)
10. checking partial_input_delay (0)
11. checking partial_output_delay (0)
12. checking latch_loops (0)

1. checking no_clock (0)
------------------------
 There are 0 register/latch pins with no clock.


2. checking constant_clock (0)
------------------------------
 There are 0 register/latch pins with constant_clock.


3. checking pulse_width_clock (0)
---------------------------------
 There are 0 register/latch pins which need pulse_width check


4. checking unconstrained_internal_endpoints (0)
------------------------------------------------
 There are 0 pins that are not constrained for maximum delay.

 There are 0 pins that are not constrained for maximum delay due to constant clock.


5. checking no_input_delay (1)
------------------------------
 There are 0 input ports with no input delay specified.

 There is 1 input port with no input delay but user has a false path constraint. (MEDIUM)


6. checking no_output_delay (33)
--------------------------------
 There are 33 ports with no output delay specified. (HIGH)

 There are 0 ports with no output delay but user has a false path constraint

 There are 0 ports with no output delay but with a timing clock defined on it or propagating through it


7. checking multiple_clock (0)
------------------------------
 There are 0 register/latch pins with multiple clocks.


8. checking generated_clocks (0)
--------------------------------
 There are 0 generated clocks that are not connected to a clock source.


9. checking loops (0)
---------------------
 There are 0 combinational loops in the design.


10. checking partial_input_delay (0)
------------------------------------
 There are 0 input ports with partial input delay specified.


11. checking partial_output_delay (0)
-------------------------------------
 There are 0 ports with partial output delay specified.


12. checking latch_loops (0)
----------------------------
 There are 0 combinational latch loops in the design through latch input



------------------------------------------------------------------------------------------------
| Design Timing Summary
| ---------------------
------------------------------------------------------------------------------------------------

    WNS(ns)      TNS(ns)  TNS Failing Endpoints  TNS Total Endpoints      WHS(ns)      THS(ns)  THS Failing Endpoints  THS Total Endpoints     WPWS(ns)     TPWS(ns)  TPWS Failing Endpoints  TPWS Total Endpoints  
    -------      -------  ---------------------  -------------------      -------      -------  ---------------------  -------------------     --------     --------  ----------------------  --------------------  
      1.354        0.000                      0                81821       -0.082     -502.382                  16641                81821        4.468        0.000                       0                 26243  


Timing constraints are not met.


------------------------------------------------------------------------------------------------
| Clock Summary
| -------------
------------------------------------------------------------------------------------------------

Clock  Waveform(ns)       Period(ns)      Frequency(MHz)
-----  ------------       ----------      --------------
clk    {0.000 5.000}      10.000          100.000         


------------------------------------------------------------------------------------------------
| Intra Clock Table
| -----------------
------------------------------------------------------------------------------------------------

Clock             WNS(ns)      TNS(ns)  TNS Failing Endpoints  TNS Total Endpoints      WHS(ns)      THS(ns)  THS Failing Endpoints  THS Total Endpoints     WPWS(ns)     TPWS(ns)  TPWS Failing Endpoints  TPWS Total Endpoints  
-----             -------      -------  ---------------------  -------------------      -------      -------  ---------------------  -------------------     --------     --------  ----------------------  --------------------  
clk                 1.354        0.000                      0                81821       -0.082     -502.382                  16641                81821        4.468        0.000                       0                 26243  


------------------------------------------------------------------------------------------------
| Inter Clock Table
| -----------------
------------------------------------------------------------------------------------------------

From Clock    To Clock          WNS(ns)      TNS(ns)  TNS Failing Endpoints  TNS Total Endpoints      WHS(ns)      THS(ns)  THS Failing Endpoints  THS Total Endpoints  
----------    --------          -------      -------  ---------------------  -------------------      -------      -------  ---------------------  -------------------  


------------------------------------------------------------------------------------------------
| Other Path Groups Table
| -----------------------
------------------------------------------------------------------------------------------------

Path Group    From Clock    To Clock          WNS(ns)      TNS(ns)  TNS Failing Endpoints  TNS Total Endpoints      WHS(ns)      THS(ns)  THS Failing Endpoints  THS Total Endpoints  
----------    ----------    --------          -------      -------  ---------------------  -------------------      -------      -------  ---------------------  -------------------  


------------------------------------------------------------------------------------------------
| Timing Details
| --------------
------------------------------------------------------------------------------------------------


---------------------------------------------------------------------------------------------------
From Clock:  clk
  To Clock:  clk

Setup :            0  Failing Endpoints,  Worst Slack        1.354ns,  Total Violation        0.000ns
Hold  :        16641  Failing Endpoints,  Worst Slack       -0.082ns,  Total Violation     -502.382ns
PW    :            0  Failing Endpoints,  Worst Slack        4.468ns,  Total Violation        0.000ns
---------------------------------------------------------------------------------------------------


Max Delay Paths
--------------------------------------------------------------------------------------
Slack (MET) :             1.354ns  (required time - arrival time)
  Source:                 u_accel/u_pool/q_frv1_reg[0][29]/C
                            (rising edge-triggered cell FDRE clocked by clk  {rise@0.000ns fall@5.000ns period=10.000ns})
  Destination:            u_accel/u_pool/g_fpu[0].u_fpu/e_reg[4][add_spec]_srl4/D
                            (rising edge-triggered cell SRL16E clocked by clk  {rise@0.000ns fall@5.000ns period=10.000ns})
  Path Group:             clk
  Path Type:              Setup (Max at Slow Process Corner)
  Requirement:            10.000ns  (clk rise@10.000ns - clk rise@0.000ns)
  Data Path Delay:        8.406ns  (logic 2.114ns (25.149%)  route 6.292ns (74.851%))
  Logic Levels:           35  (CARRY8=7 LUT2=1 LUT3=2 LUT4=6 LUT5=8 LUT6=11)
  Clock Path Skew:        -0.145ns (DCD - SCD + CPR)
    Destination Clock Delay (DCD):    2.927ns = ( 12.927 - 10.000 ) 
    Source Clock Delay      (SCD):    3.355ns
    Clock Pessimism Removal (CPR):    0.283ns
  Clock Uncertainty:      0.035ns  ((TSJ^2 + TIJ^2)^1/2 + DJ) / 2 + PE
    Total System Jitter     (TSJ):    0.071ns
    Total Input Jitter      (TIJ):    0.000ns
    Discrete Jitter          (DJ):    0.000ns
    Phase Error              (PE):    0.000ns

    Location             Delay type                Incr(ns)  Path(ns)    Netlist Resource(s)
  -------------------------------------------------------------------    -------------------
                         (clock clk rise edge)        0.000     0.000 r  
                                                      0.000     0.000 r  clk (IN)
                         net (fo=0)                   0.000     0.000    clk_IBUF_inst/I
                         INBUF (Prop_INBUF_PAD_O)     0.582     0.582 r  clk_IBUF_inst/INBUF_INST/O
                         net (fo=1, unplaced)         0.000     0.582    clk_IBUF_inst/OUT
                         IBUFCTRL (Prop_IBUFCTRL_I_O)
                                                      0.000     0.582 r  clk_IBUF_inst/IBUFCTRL_INST/O
                         net (fo=1, unplaced)         0.161     0.743    clk_IBUF
                         BUFGCE (Prop_BUFGCE_I_O)     0.028     0.771 r  clk_IBUF_BUFG_inst/O
                         net (fo=26410, unplaced)     2.584     3.355    u_accel/u_pool/clk
                         FDRE                                         r  u_accel/u_pool/q_frv1_reg[0][29]/C
  -------------------------------------------------------------------    -------------------
                         FDRE (Prop_FDRE_C_Q)         0.077     3.432 f  u_accel/u_pool/q_frv1_reg[0][29]/Q
                         net (fo=5, unplaced)         0.110     3.542    u_accel/u_pool/g_fpu[0].u_fpu/a[29]
                         LUT4 (Prop_LUT4_I0_O)        0.100     3.642 r  u_accel/u_pool/g_fpu[0].u_fpu/e_reg[4][sgnj_h][14]_srl4_i_2/O
                         net (fo=3, unplaced)         0.192     3.834    u_accel/u_pool/g_fpu[0].u_fpu/e_reg[4][sgnj_h][14]_srl4_i_2_n_0
                         LUT5 (Prop_LUT5_I0_O)        0.038     3.872 r  u_accel/u_pool/g_fpu[0].u_fpu/e_reg[4][sgnj_h][13]_srl4_i_5/O
                         net (fo=1, unplaced)         0.186     4.058    u_accel/u_pool/g_fpu[0].u_fpu/e_reg[4][sgnj_h][13]_srl4_i_5_n_0
                         LUT4 (Prop_LUT4_I0_O)        0.038     4.096 r  u_accel/u_pool/g_fpu[0].u_fpu/e_reg[4][sgnj_h][13]_srl4_i_3/O
                         net (fo=5, unplaced)         0.204     4.300    u_accel/u_pool/g_fpu[0].u_fpu/e_reg[4][sgnj_h][13]_srl4_i_3_n_0
                         LUT6 (Prop_LUT6_I5_O)        0.038     4.338 r  u_accel/u_pool/g_fpu[0].u_fpu/e_reg[4][sgnj_h][10]_srl4_i_1/O
                         net (fo=5, unplaced)         0.204     4.542    u_accel/u_pool/g_fpu[0].u_fpu/p_0_in[0]
                         LUT5 (Prop_LUT5_I2_O)        0.038     4.580 f  u_accel/u_pool/g_fpu[0].u_fpu/e_reg[4][opa][26]_srl4_i_2/O
                         net (fo=6, unplaced)         0.208     4.788    u_accel/u_pool/g_fpu[0].u_fpu/e_reg[4][opa][26]_srl4_i_2_n_0
                         LUT5 (Prop_LUT5_I4_O)        0.038     4.826 f  u_accel/u_pool/g_fpu[0].u_fpu/e_reg[4][opa][26]_srl4_i_3/O
                         net (fo=25, unplaced)        0.240     5.066    u_accel/u_pool/g_fpu[0].u_fpu/e_reg[4][opa][26]_srl4_i_3_n_0
                         LUT6 (Prop_LUT6_I3_O)        0.038     5.104 f  u_accel/u_pool/g_fpu[0].u_fpu/e[1][minmax][24]_i_2/O
                         net (fo=73, unplaced)        0.219     5.323    u_accel/u_pool/g_fpu[0].u_fpu/e[1][minmax][24]_i_2_n_0
                         LUT4 (Prop_LUT4_I0_O)        0.100     5.423 f  u_accel/u_pool/g_fpu[0].u_fpu/prod2_reg_i_56/O
                         net (fo=1, unplaced)         0.186     5.609    u_accel/u_pool/g_fpu[0].u_fpu/prod2_reg_i_56_n_0
                         LUT5 (Prop_LUT5_I0_O)        0.038     5.647 f  u_accel/u_pool/g_fpu[0].u_fpu/prod2_reg_i_42/O
                         net (fo=97, unplaced)        0.271     5.918    u_accel/u_pool/g_fpu[0].u_fpu/prod2_reg_i_42_n_0
                         LUT2 (Prop_LUT2_I1_O)        0.038     5.956 r  u_accel/u_pool/g_fpu[0].u_fpu/prod3_reg_i_7/O
                         net (fo=22, unplaced)        0.237     6.193    u_accel/u_pool/g_fpu[0].u_fpu/prod3_reg_i_7_n_0
                         LUT4 (Prop_LUT4_I3_O)        0.070     6.263 r  u_accel/u_pool/g_fpu[0].u_fpu/e_reg[4][add_ebig][7]_srl4_i_18/O
                         net (fo=1, unplaced)         0.260     6.523    u_accel/u_pool/g_fpu[0].u_fpu/e_reg[4][add_ebig][7]_srl4_i_18_n_0
                         CARRY8 (Prop_CARRY8_DI[0]_CO[3])
                                                      0.182     6.705 r  u_accel/u_pool/g_fpu[0].u_fpu/e_reg[4][add_ebig][7]_srl4_i_13/CO[3]
                         net (fo=1, unplaced)         0.091     6.796    u_accel/u_pool/g_fpu[0].u_fpu/p_112_in
                         LUT6 (Prop_LUT6_I3_O)        0.038     6.834 f  u_accel/u_pool/g_fpu[0].u_fpu/e_reg[4][add_ebig][7]_srl4_i_4/O
                         net (fo=1, unplaced)         0.186     7.020    u_accel/u_pool/g_fpu[0].u_fpu/e_reg[4][add_ebig][7]_srl4_i_4_n_0
                         LUT6 (Prop_LUT6_I1_O)        0.038     7.058 r  u_accel/u_pool/g_fpu[0].u_fpu/e_reg[4][add_ebig][7]_srl4_i_2/O
                         net (fo=104, unplaced)       0.272     7.330    u_accel/u_pool/g_fpu[0].u_fpu/e_reg[4][add_ebig][7]_srl4_i_2_n_0
                         LUT5 (Prop_LUT5_I3_O)        0.038     7.368 r  u_accel/u_pool/g_fpu[0].u_fpu/e_reg[4][add_mag][50]_srl4_i_16/O
                         net (fo=3, unplaced)         0.192     7.560    u_accel/u_pool/g_fpu[0].u_fpu/e_reg[4][add_mag][50]_srl4_i_16_n_0
                         LUT6 (Prop_LUT6_I0_O)        0.038     7.598 r  u_accel/u_pool/g_fpu[0].u_fpu/e_reg[4][add_mag][31]_srl4_i_44/O
                         net (fo=3, unplaced)         0.192     7.790    u_accel/u_pool/g_fpu[0].u_fpu/e_reg[4][add_mag][31]_srl4_i_44_n_0
                         LUT5 (Prop_LUT5_I4_O)        0.038     7.828 f  u_accel/u_pool/g_fpu[0].u_fpu/e_reg[4][add_mag][31]_srl4_i_22/O
                         net (fo=104, unplaced)       0.272     8.100    u_accel/u_pool/g_fpu[0].u_fpu/e_reg[4][add_mag][31]_srl4_i_22_n_0
                         LUT3 (Prop_LUT3_I2_O)        0.038     8.138 r  u_accel/u_pool/g_fpu[0].u_fpu/e_reg[4][add_mag][7]_srl4_i_13/O
                         net (fo=17, unplaced)        0.231     8.369    u_accel/u_pool/g_fpu[0].u_fpu/e_reg[4][add_mag][7]_srl4_i_13_n_0
                         LUT4 (Prop_LUT4_I0_O)        0.070     8.439 r  u_accel/u_pool/g_fpu[0].u_fpu/e_reg[4][add_mag][7]_srl4_i_89/O
                         net (fo=1, unplaced)         0.260     8.699    u_accel/u_pool/g_fpu[0].u_fpu/e_reg[4][add_mag][7]_srl4_i_89_n_0
                         CARRY8 (Prop_CARRY8_DI[0]_CO[7])
                                                      0.140     8.839 r  u_accel/u_pool/g_fpu[0].u_fpu/e_reg[4][add_mag][7]_srl4_i_36/CO[7]
                         net (fo=1, unplaced)         0.005     8.844    u_accel/u_pool/g_fpu[0].u_fpu/e_reg[4][add_mag][7]_srl4_i_36_n_0
                         CARRY8 (Prop_CARRY8_CI_O[4])
                                                      0.086     8.930 r  u_accel/u_pool/g_fpu[0].u_fpu/e_reg[4][add_mag][7]_srl4_i_31/O[4]
                         net (fo=1, unplaced)         0.184     9.114    u_accel/u_pool/g_fpu[0].u_fpu/e_reg[4][add_mag][7]_srl4_i_31_n_11
                         LUT6 (Prop_LUT6_I0_O)        0.038     9.152 r  u_accel/u_pool/g_fpu[0].u_fpu/e_reg[4][add_mag][7]_srl4_i_35/O
                         net (fo=1, unplaced)         0.137     9.289    u_accel/u_pool/g_fpu[0].u_fpu/e_reg[4][add_mag][7]_srl4_i_35_n_0
                         LUT6 (Prop_LUT6_I0_O)        0.053     9.342 r  u_accel/u_pool/g_fpu[0].u_fpu/e_reg[4][add_mag][7]_srl4_i_22/O
                         net (fo=1, unplaced)         0.186     9.528    u_accel/u_pool/g_fpu[0].u_fpu/e_reg[4][add_mag][7]_srl4_i_22_n_0
                         LUT6 (Prop_LUT6_I2_O)        0.038     9.566 r  u_accel/u_pool/g_fpu[0].u_fpu/e_reg[4][add_mag][7]_srl4_i_18/O
                         net (fo=1, unplaced)         0.186     9.752    u_accel/u_pool/g_fpu[0].u_fpu/e_reg[4][add_mag][7]_srl4_i_18_n_0
                         LUT6 (Prop_LUT6_I4_O)        0.038     9.790 r  u_accel/u_pool/g_fpu[0].u_fpu/e_reg[4][add_mag][7]_srl4_i_15/O
                         net (fo=1, unplaced)         0.186     9.976    u_accel/u_pool/g_fpu[0].u_fpu/e_reg[4][add_mag][7]_srl4_i_15_n_0
                         LUT5 (Prop_LUT5_I4_O)        0.038    10.014 r  u_accel/u_pool/g_fpu[0].u_fpu/e_reg[4][add_mag][7]_srl4_i_10/O
                         net (fo=1, unplaced)         0.020    10.034    u_accel/u_pool/g_fpu[0].u_fpu/e_reg[4][add_mag][7]_srl4_i_10_n_0
                         CARRY8 (Prop_CARRY8_S[0]_CO[7])
                                                      0.199    10.233 r  u_accel/u_pool/g_fpu[0].u_fpu/e_reg[4][add_mag][7]_srl4_i_1/CO[7]
                         net (fo=1, unplaced)         0.005    10.238    u_accel/u_pool/g_fpu[0].u_fpu/e_reg[4][add_mag][7]_srl4_i_1_n_0
                         CARRY8 (Prop_CARRY8_CI_CO[7])
                                                      0.022    10.260 r  u_accel/u_pool/g_fpu[0].u_fpu/e_reg[4][add_mag][15]_srl4_i_1/CO[7]
                         net (fo=1, unplaced)         0.005    10.265    u_accel/u_pool/g_fpu[0].u_fpu/e_reg[4][add_mag][15]_srl4_i_1_n_0
                         CARRY8 (Prop_CARRY8_CI_CO[7])
                                                      0.022    10.287 r  u_accel/u_pool/g_fpu[0].u_fpu/e_reg[4][add_mag][23]_srl4_i_1/CO[7]
                         net (fo=1, unplaced)         0.005    10.292    u_accel/u_pool/g_fpu[0].u_fpu/e_reg[4][add_mag][23]_srl4_i_1_n_0
                         CARRY8 (Prop_CARRY8_CI_O[2])
                                                      0.067    10.359 f  u_accel/u_pool/g_fpu[0].u_fpu/e_reg[4][add_mag][31]_srl4_i_1/O[2]
                         net (fo=2, unplaced)         0.188    10.547    u_accel/u_pool/g_fpu[0].u_fpu/e_reg[4][add_mag][31]_srl4_i_1_n_13
                         LUT4 (Prop_LUT4_I2_O)        0.090    10.637 f  u_accel/u_pool/g_fpu[0].u_fpu/e_reg[4][add_spec]_srl4_i_14/O
                         net (fo=1, unplaced)         0.186    10.823    u_accel/u_pool/g_fpu[0].u_fpu/e_reg[4][add_spec]_srl4_i_14_n_0
                         LUT5 (Prop_LUT5_I4_O)        0.038    10.861 f  u_accel/u_pool/g_fpu[0].u_fpu/e_reg[4][add_spec]_srl4_i_12/O
                         net (fo=1, unplaced)         0.186    11.047    u_accel/u_pool/g_fpu[0].u_fpu/e_reg[4][add_spec]_srl4_i_12_n_0
                         LUT6 (Prop_LUT6_I5_O)        0.038    11.085 f  u_accel/u_pool/g_fpu[0].u_fpu/e_reg[4][add_spec]_srl4_i_7/O
                         net (fo=1, unplaced)         0.186    11.271    u_accel/u_pool/g_fpu[0].u_fpu/e_reg[4][add_spec]_srl4_i_7_n_0
                         LUT6 (Prop_LUT6_I5_O)        0.038    11.309 r  u_accel/u_pool/g_fpu[0].u_fpu/e_reg[4][add_spec]_srl4_i_3/O
                         net (fo=1, unplaced)         0.186    11.495    u_accel/u_pool/g_fpu[0].u_fpu/e_reg[4][add_spec]_srl4_i_3_n_0
                         LUT3 (Prop_LUT3_I2_O)        0.038    11.533 r  u_accel/u_pool/g_fpu[0].u_fpu/e_reg[4][add_spec]_srl4_i_1/O
                         net (fo=1, unplaced)         0.228    11.761    u_accel/u_pool/g_fpu[0].u_fpu/e_reg[4][add_spec]_srl4_i_1_n_0
                         SRL16E                                       r  u_accel/u_pool/g_fpu[0].u_fpu/e_reg[4][add_spec]_srl4/D
  -------------------------------------------------------------------    -------------------

                         (clock clk rise edge)       10.000    10.000 r  
                                                      0.000    10.000 r  clk (IN)
                         net (fo=0)                   0.000    10.000    clk_IBUF_inst/I
                         INBUF (Prop_INBUF_PAD_O)     0.331    10.331 r  clk_IBUF_inst/INBUF_INST/O
                         net (fo=1, unplaced)         0.000    10.331    clk_IBUF_inst/OUT
                         IBUFCTRL (Prop_IBUFCTRL_I_O)
                                                      0.000    10.331 r  clk_IBUF_inst/IBUFCTRL_INST/O
                         net (fo=1, unplaced)         0.133    10.464    clk_IBUF
                         BUFGCE (Prop_BUFGCE_I_O)     0.024    10.488 r  clk_IBUF_BUFG_inst/O
                         net (fo=26410, unplaced)     2.439    12.927    u_accel/u_pool/g_fpu[0].u_fpu/clk
                         SRL16E                                       r  u_accel/u_pool/g_fpu[0].u_fpu/e_reg[4][add_spec]_srl4/CLK
                         clock pessimism              0.283    13.210    
                         clock uncertainty           -0.035    13.175    
                         SRL16E (Setup_SRL16E_CLK_D)
                                                     -0.060    13.115    u_accel/u_pool/g_fpu[0].u_fpu/e_reg[4][add_spec]_srl4
  -------------------------------------------------------------------
                         required time                         13.115    
                         arrival time                         -11.761    
  -------------------------------------------------------------------
                         slack                                  1.354    

Slack (MET) :             1.354ns  (required time - arrival time)
  Source:                 u_accel/u_pool/q_frv1_reg[1][29]/C
                            (rising edge-triggered cell FDRE clocked by clk  {rise@0.000ns fall@5.000ns period=10.000ns})
  Destination:            u_accel/u_pool/g_fpu[1].u_fpu/e_reg[4][add_spec]_srl4/D
                            (rising edge-triggered cell SRL16E clocked by clk  {rise@0.000ns fall@5.000ns period=10.000ns})
  Path Group:             clk
  Path Type:              Setup (Max at Slow Process Corner)
  Requirement:            10.000ns  (clk rise@10.000ns - clk rise@0.000ns)
  Data Path Delay:        8.406ns  (logic 2.114ns (25.149%)  route 6.292ns (74.851%))
  Logic Levels:           35  (CARRY8=7 LUT2=1 LUT3=2 LUT4=6 LUT5=8 LUT6=11)
  Clock Path Skew:        -0.145ns (DCD - SCD + CPR)
    Destination Clock Delay (DCD):    2.927ns = ( 12.927 - 10.000 ) 
    Source Clock Delay      (SCD):    3.355ns
    Clock Pessimism Removal (CPR):    0.283ns
  Clock Uncertainty:      0.035ns  ((TSJ^2 + TIJ^2)^1/2 + DJ) / 2 + PE
    Total System Jitter     (TSJ):    0.071ns
    Total Input Jitter      (TIJ):    0.000ns
    Discrete Jitter          (DJ):    0.000ns
    Phase Error              (PE):    0.000ns

    Location             Delay type                Incr(ns)  Path(ns)    Netlist Resource(s)
  -------------------------------------------------------------------    -------------------
                         (clock clk rise edge)        0.000     0.000 r  
                                                      0.000     0.000 r  clk (IN)
                         net (fo=0)                   0.000     0.000    clk_IBUF_inst/I
                         INBUF (Prop_INBUF_PAD_O)     0.582     0.582 r  clk_IBUF_inst/INBUF_INST/O
                         net (fo=1, unplaced)         0.000     0.582    clk_IBUF_inst/OUT
                         IBUFCTRL (Prop_IBUFCTRL_I_O)
                                                      0.000     0.582 r  clk_IBUF_inst/IBUFCTRL_INST/O
                         net (fo=1, unplaced)         0.161     0.743    clk_IBUF
                         BUFGCE (Prop_BUFGCE_I_O)     0.028     0.771 r  clk_IBUF_BUFG_inst/O
                         net (fo=26410, unplaced)     2.584     3.355    u_accel/u_pool/clk
                         FDRE                                         r  u_accel/u_pool/q_frv1_reg[1][29]/C
  -------------------------------------------------------------------    -------------------
                         FDRE (Prop_FDRE_C_Q)         0.077     3.432 f  u_accel/u_pool/q_frv1_reg[1][29]/Q
                         net (fo=5, unplaced)         0.110     3.542    u_accel/u_pool/g_fpu[1].u_fpu/a[29]
                         LUT4 (Prop_LUT4_I0_O)        0.100     3.642 r  u_accel/u_pool/g_fpu[1].u_fpu/e_reg[4][sgnj_h][14]_srl4_i_2/O
                         net (fo=3, unplaced)         0.192     3.834    u_accel/u_pool/g_fpu[1].u_fpu/e_reg[4][sgnj_h][14]_srl4_i_2_n_0
                         LUT5 (Prop_LUT5_I0_O)        0.038     3.872 r  u_accel/u_pool/g_fpu[1].u_fpu/e_reg[4][sgnj_h][13]_srl4_i_5/O
                         net (fo=1, unplaced)         0.186     4.058    u_accel/u_pool/g_fpu[1].u_fpu/e_reg[4][sgnj_h][13]_srl4_i_5_n_0
                         LUT4 (Prop_LUT4_I0_O)        0.038     4.096 r  u_accel/u_pool/g_fpu[1].u_fpu/e_reg[4][sgnj_h][13]_srl4_i_3/O
                         net (fo=5, unplaced)         0.204     4.300    u_accel/u_pool/g_fpu[1].u_fpu/e_reg[4][sgnj_h][13]_srl4_i_3_n_0
                         LUT6 (Prop_LUT6_I5_O)        0.038     4.338 r  u_accel/u_pool/g_fpu[1].u_fpu/e_reg[4][sgnj_h][10]_srl4_i_1/O
                         net (fo=5, unplaced)         0.204     4.542    u_accel/u_pool/g_fpu[1].u_fpu/p_0_in[0]
                         LUT5 (Prop_LUT5_I2_O)        0.038     4.580 f  u_accel/u_pool/g_fpu[1].u_fpu/e_reg[4][opa][26]_srl4_i_2/O
                         net (fo=6, unplaced)         0.208     4.788    u_accel/u_pool/g_fpu[1].u_fpu/e_reg[4][opa][26]_srl4_i_2_n_0
                         LUT5 (Prop_LUT5_I4_O)        0.038     4.826 f  u_accel/u_pool/g_fpu[1].u_fpu/e_reg[4][opa][26]_srl4_i_3/O
                         net (fo=25, unplaced)        0.240     5.066    u_accel/u_pool/g_fpu[1].u_fpu/e_reg[4][opa][26]_srl4_i_3_n_0
                         LUT6 (Prop_LUT6_I3_O)        0.038     5.104 f  u_accel/u_pool/g_fpu[1].u_fpu/e[1][minmax][24]_i_2/O
                         net (fo=73, unplaced)        0.219     5.323    u_accel/u_pool/g_fpu[1].u_fpu/e[1][minmax][24]_i_2_n_0
                         LUT4 (Prop_LUT4_I0_O)        0.100     5.423 f  u_accel/u_pool/g_fpu[1].u_fpu/prod2_reg_i_56/O
                         net (fo=1, unplaced)         0.186     5.609    u_accel/u_pool/g_fpu[1].u_fpu/prod2_reg_i_56_n_0
                         LUT5 (Prop_LUT5_I0_O)        0.038     5.647 f  u_accel/u_pool/g_fpu[1].u_fpu/prod2_reg_i_42/O
                         net (fo=97, unplaced)        0.271     5.918    u_accel/u_pool/g_fpu[1].u_fpu/prod2_reg_i_42_n_0
                         LUT2 (Prop_LUT2_I1_O)        0.038     5.956 r  u_accel/u_pool/g_fpu[1].u_fpu/prod3_reg_i_7/O
                         net (fo=22, unplaced)        0.237     6.193    u_accel/u_pool/g_fpu[1].u_fpu/prod3_reg_i_7_n_0
                         LUT4 (Prop_LUT4_I3_O)        0.070     6.263 r  u_accel/u_pool/g_fpu[1].u_fpu/e_reg[4][add_ebig][7]_srl4_i_18/O
                         net (fo=1, unplaced)         0.260     6.523    u_accel/u_pool/g_fpu[1].u_fpu/e_reg[4][add_ebig][7]_srl4_i_18_n_0
                         CARRY8 (Prop_CARRY8_DI[0]_CO[3])
                                                      0.182     6.705 r  u_accel/u_pool/g_fpu[1].u_fpu/e_reg[4][add_ebig][7]_srl4_i_13/CO[3]
                         net (fo=1, unplaced)         0.091     6.796    u_accel/u_pool/g_fpu[1].u_fpu/p_112_in
                         LUT6 (Prop_LUT6_I3_O)        0.038     6.834 f  u_accel/u_pool/g_fpu[1].u_fpu/e_reg[4][add_ebig][7]_srl4_i_4/O
                         net (fo=1, unplaced)         0.186     7.020    u_accel/u_pool/g_fpu[1].u_fpu/e_reg[4][add_ebig][7]_srl4_i_4_n_0
                         LUT6 (Prop_LUT6_I1_O)        0.038     7.058 r  u_accel/u_pool/g_fpu[1].u_fpu/e_reg[4][add_ebig][7]_srl4_i_2/O
                         net (fo=104, unplaced)       0.272     7.330    u_accel/u_pool/g_fpu[1].u_fpu/e_reg[4][add_ebig][7]_srl4_i_2_n_0
                         LUT5 (Prop_LUT5_I3_O)        0.038     7.368 r  u_accel/u_pool/g_fpu[1].u_fpu/e_reg[4][add_mag][50]_srl4_i_16/O
                         net (fo=3, unplaced)         0.192     7.560    u_accel/u_pool/g_fpu[1].u_fpu/e_reg[4][add_mag][50]_srl4_i_16_n_0
                         LUT6 (Prop_LUT6_I0_O)        0.038     7.598 r  u_accel/u_pool/g_fpu[1].u_fpu/e_reg[4][add_mag][31]_srl4_i_44/O
                         net (fo=3, unplaced)         0.192     7.790    u_accel/u_pool/g_fpu[1].u_fpu/e_reg[4][add_mag][31]_srl4_i_44_n_0
                         LUT5 (Prop_LUT5_I4_O)        0.038     7.828 f  u_accel/u_pool/g_fpu[1].u_fpu/e_reg[4][add_mag][31]_srl4_i_22/O
                         net (fo=104, unplaced)       0.272     8.100    u_accel/u_pool/g_fpu[1].u_fpu/e_reg[4][add_mag][31]_srl4_i_22_n_0
                         LUT3 (Prop_LUT3_I2_O)        0.038     8.138 r  u_accel/u_pool/g_fpu[1].u_fpu/e_reg[4][add_mag][7]_srl4_i_13/O
                         net (fo=17, unplaced)        0.231     8.369    u_accel/u_pool/g_fpu[1].u_fpu/e_reg[4][add_mag][7]_srl4_i_13_n_0
                         LUT4 (Prop_LUT4_I0_O)        0.070     8.439 r  u_accel/u_pool/g_fpu[1].u_fpu/e_reg[4][add_mag][7]_srl4_i_89/O
                         net (fo=1, unplaced)         0.260     8.699    u_accel/u_pool/g_fpu[1].u_fpu/e_reg[4][add_mag][7]_srl4_i_89_n_0
                         CARRY8 (Prop_CARRY8_DI[0]_CO[7])
                                                      0.140     8.839 r  u_accel/u_pool/g_fpu[1].u_fpu/e_reg[4][add_mag][7]_srl4_i_36/CO[7]
                         net (fo=1, unplaced)         0.005     8.844    u_accel/u_pool/g_fpu[1].u_fpu/e_reg[4][add_mag][7]_srl4_i_36_n_0
                         CARRY8 (Prop_CARRY8_CI_O[4])
                                                      0.086     8.930 r  u_accel/u_pool/g_fpu[1].u_fpu/e_reg[4][add_mag][7]_srl4_i_31/O[4]
                         net (fo=1, unplaced)         0.184     9.114    u_accel/u_pool/g_fpu[1].u_fpu/e_reg[4][add_mag][7]_srl4_i_31_n_11
                         LUT6 (Prop_LUT6_I0_O)        0.038     9.152 r  u_accel/u_pool/g_fpu[1].u_fpu/e_reg[4][add_mag][7]_srl4_i_35/O
                         net (fo=1, unplaced)         0.137     9.289    u_accel/u_pool/g_fpu[1].u_fpu/e_reg[4][add_mag][7]_srl4_i_35_n_0
                         LUT6 (Prop_LUT6_I0_O)        0.053     9.342 r  u_accel/u_pool/g_fpu[1].u_fpu/e_reg[4][add_mag][7]_srl4_i_22/O
                         net (fo=1, unplaced)         0.186     9.528    u_accel/u_pool/g_fpu[1].u_fpu/e_reg[4][add_mag][7]_srl4_i_22_n_0
                         LUT6 (Prop_LUT6_I2_O)        0.038     9.566 r  u_accel/u_pool/g_fpu[1].u_fpu/e_reg[4][add_mag][7]_srl4_i_18/O
                         net (fo=1, unplaced)         0.186     9.752    u_accel/u_pool/g_fpu[1].u_fpu/e_reg[4][add_mag][7]_srl4_i_18_n_0
                         LUT6 (Prop_LUT6_I4_O)        0.038     9.790 r  u_accel/u_pool/g_fpu[1].u_fpu/e_reg[4][add_mag][7]_srl4_i_15/O
                         net (fo=1, unplaced)         0.186     9.976    u_accel/u_pool/g_fpu[1].u_fpu/e_reg[4][add_mag][7]_srl4_i_15_n_0
                         LUT5 (Prop_LUT5_I4_O)        0.038    10.014 r  u_accel/u_pool/g_fpu[1].u_fpu/e_reg[4][add_mag][7]_srl4_i_10/O
                         net (fo=1, unplaced)         0.020    10.034    u_accel/u_pool/g_fpu[1].u_fpu/e_reg[4][add_mag][7]_srl4_i_10_n_0
                         CARRY8 (Prop_CARRY8_S[0]_CO[7])
                                                      0.199    10.233 r  u_accel/u_pool/g_fpu[1].u_fpu/e_reg[4][add_mag][7]_srl4_i_1/CO[7]
                         net (fo=1, unplaced)         0.005    10.238    u_accel/u_pool/g_fpu[1].u_fpu/e_reg[4][add_mag][7]_srl4_i_1_n_0
                         CARRY8 (Prop_CARRY8_CI_CO[7])
                                                      0.022    10.260 r  u_accel/u_pool/g_fpu[1].u_fpu/e_reg[4][add_mag][15]_srl4_i_1/CO[7]
                         net (fo=1, unplaced)         0.005    10.265    u_accel/u_pool/g_fpu[1].u_fpu/e_reg[4][add_mag][15]_srl4_i_1_n_0
                         CARRY8 (Prop_CARRY8_CI_CO[7])
                                                      0.022    10.287 r  u_accel/u_pool/g_fpu[1].u_fpu/e_reg[4][add_mag][23]_srl4_i_1/CO[7]
                         net (fo=1, unplaced)         0.005    10.292    u_accel/u_pool/g_fpu[1].u_fpu/e_reg[4][add_mag][23]_srl4_i_1_n_0
                         CARRY8 (Prop_CARRY8_CI_O[2])
                                                      0.067    10.359 f  u_accel/u_pool/g_fpu[1].u_fpu/e_reg[4][add_mag][31]_srl4_i_1/O[2]
                         net (fo=2, unplaced)         0.188    10.547    u_accel/u_pool/g_fpu[1].u_fpu/e_reg[4][add_mag][31]_srl4_i_1_n_13
                         LUT4 (Prop_LUT4_I2_O)        0.090    10.637 f  u_accel/u_pool/g_fpu[1].u_fpu/e_reg[4][add_spec]_srl4_i_14/O
                         net (fo=1, unplaced)         0.186    10.823    u_accel/u_pool/g_fpu[1].u_fpu/e_reg[4][add_spec]_srl4_i_14_n_0
                         LUT5 (Prop_LUT5_I4_O)        0.038    10.861 f  u_accel/u_pool/g_fpu[1].u_fpu/e_reg[4][add_spec]_srl4_i_12/O
                         net (fo=1, unplaced)         0.186    11.047    u_accel/u_pool/g_fpu[1].u_fpu/e_reg[4][add_spec]_srl4_i_12_n_0
                         LUT6 (Prop_LUT6_I5_O)        0.038    11.085 f  u_accel/u_pool/g_fpu[1].u_fpu/e_reg[4][add_spec]_srl4_i_7/O
                         net (fo=1, unplaced)         0.186    11.271    u_accel/u_pool/g_fpu[1].u_fpu/e_reg[4][add_spec]_srl4_i_7_n_0
                         LUT6 (Prop_LUT6_I5_O)        0.038    11.309 r  u_accel/u_pool/g_fpu[1].u_fpu/e_reg[4][add_spec]_srl4_i_3/O
                         net (fo=1, unplaced)         0.186    11.495    u_accel/u_pool/g_fpu[1].u_fpu/e_reg[4][add_spec]_srl4_i_3_n_0
                         LUT3 (Prop_LUT3_I2_O)        0.038    11.533 r  u_accel/u_pool/g_fpu[1].u_fpu/e_reg[4][add_spec]_srl4_i_1/O
                         net (fo=1, unplaced)         0.228    11.761    u_accel/u_pool/g_fpu[1].u_fpu/e_reg[4][add_spec]_srl4_i_1_n_0
                         SRL16E                                       r  u_accel/u_pool/g_fpu[1].u_fpu/e_reg[4][add_spec]_srl4/D
  -------------------------------------------------------------------    -------------------

                         (clock clk rise edge)       10.000    10.000 r  
                                                      0.000    10.000 r  clk (IN)
                         net (fo=0)                   0.000    10.000    clk_IBUF_inst/I
                         INBUF (Prop_INBUF_PAD_O)     0.331    10.331 r  clk_IBUF_inst/INBUF_INST/O
                         net (fo=1, unplaced)         0.000    10.331    clk_IBUF_inst/OUT
                         IBUFCTRL (Prop_IBUFCTRL_I_O)
                                                      0.000    10.331 r  clk_IBUF_inst/IBUFCTRL_INST/O
                         net (fo=1, unplaced)         0.133    10.464    clk_IBUF
                         BUFGCE (Prop_BUFGCE_I_O)     0.024    10.488 r  clk_IBUF_BUFG_inst/O
                         net (fo=26410, unplaced)     2.439    12.927    u_accel/u_pool/g_fpu[1].u_fpu/clk
                         SRL16E                                       r  u_accel/u_pool/g_fpu[1].u_fpu/e_reg[4][add_spec]_srl4/CLK
                         clock pessimism              0.283    13.210    
                         clock uncertainty           -0.035    13.175    
                         SRL16E (Setup_SRL16E_CLK_D)
                                                     -0.060    13.115    u_accel/u_pool/g_fpu[1].u_fpu/e_reg[4][add_spec]_srl4
  -------------------------------------------------------------------
                         required time                         13.115    
                         arrival time                         -11.761    
  -------------------------------------------------------------------
                         slack                                  1.354    

Slack (MET) :             1.354ns  (required time - arrival time)
  Source:                 u_accel/u_pool/q_frv1_reg[2][29]/C
                            (rising edge-triggered cell FDRE clocked by clk  {rise@0.000ns fall@5.000ns period=10.000ns})
  Destination:            u_accel/u_pool/g_fpu[2].u_fpu/e_reg[4][add_spec]_srl4/D
                            (rising edge-triggered cell SRL16E clocked by clk  {rise@0.000ns fall@5.000ns period=10.000ns})
  Path Group:             clk
  Path Type:              Setup (Max at Slow Process Corner)
  Requirement:            10.000ns  (clk rise@10.000ns - clk rise@0.000ns)
  Data Path Delay:        8.406ns  (logic 2.114ns (25.149%)  route 6.292ns (74.851%))
  Logic Levels:           35  (CARRY8=7 LUT2=1 LUT3=2 LUT4=6 LUT5=8 LUT6=11)
  Clock Path Skew:        -0.145ns (DCD - SCD + CPR)
    Destination Clock Delay (DCD):    2.927ns = ( 12.927 - 10.000 ) 
    Source Clock Delay      (SCD):    3.355ns
    Clock Pessimism Removal (CPR):    0.283ns
  Clock Uncertainty:      0.035ns  ((TSJ^2 + TIJ^2)^1/2 + DJ) / 2 + PE
    Total System Jitter     (TSJ):    0.071ns
    Total Input Jitter      (TIJ):    0.000ns
    Discrete Jitter          (DJ):    0.000ns
    Phase Error              (PE):    0.000ns

    Location             Delay type                Incr(ns)  Path(ns)    Netlist Resource(s)
  -------------------------------------------------------------------    -------------------
                         (clock clk rise edge)        0.000     0.000 r  
                                                      0.000     0.000 r  clk (IN)
                         net (fo=0)                   0.000     0.000    clk_IBUF_inst/I
                         INBUF (Prop_INBUF_PAD_O)     0.582     0.582 r  clk_IBUF_inst/INBUF_INST/O
                         net (fo=1, unplaced)         0.000     0.582    clk_IBUF_inst/OUT
                         IBUFCTRL (Prop_IBUFCTRL_I_O)
                                                      0.000     0.582 r  clk_IBUF_inst/IBUFCTRL_INST/O
                         net (fo=1, unplaced)         0.161     0.743    clk_IBUF
                         BUFGCE (Prop_BUFGCE_I_O)     0.028     0.771 r  clk_IBUF_BUFG_inst/O
                         net (fo=26410, unplaced)     2.584     3.355    u_accel/u_pool/clk
                         FDRE                                         r  u_accel/u_pool/q_frv1_reg[2][29]/C
  -------------------------------------------------------------------    -------------------
                         FDRE (Prop_FDRE_C_Q)         0.077     3.432 f  u_accel/u_pool/q_frv1_reg[2][29]/Q
                         net (fo=5, unplaced)         0.110     3.542    u_accel/u_pool/g_fpu[2].u_fpu/a[29]
                         LUT4 (Prop_LUT4_I0_O)        0.100     3.642 r  u_accel/u_pool/g_fpu[2].u_fpu/e_reg[4][sgnj_h][14]_srl4_i_2/O
                         net (fo=3, unplaced)         0.192     3.834    u_accel/u_pool/g_fpu[2].u_fpu/e_reg[4][sgnj_h][14]_srl4_i_2_n_0
                         LUT5 (Prop_LUT5_I0_O)        0.038     3.872 r  u_accel/u_pool/g_fpu[2].u_fpu/e_reg[4][sgnj_h][13]_srl4_i_5/O
                         net (fo=1, unplaced)         0.186     4.058    u_accel/u_pool/g_fpu[2].u_fpu/e_reg[4][sgnj_h][13]_srl4_i_5_n_0
                         LUT4 (Prop_LUT4_I0_O)        0.038     4.096 r  u_accel/u_pool/g_fpu[2].u_fpu/e_reg[4][sgnj_h][13]_srl4_i_3/O
                         net (fo=5, unplaced)         0.204     4.300    u_accel/u_pool/g_fpu[2].u_fpu/e_reg[4][sgnj_h][13]_srl4_i_3_n_0
                         LUT6 (Prop_LUT6_I5_O)        0.038     4.338 r  u_accel/u_pool/g_fpu[2].u_fpu/e_reg[4][sgnj_h][10]_srl4_i_1/O
                         net (fo=5, unplaced)         0.204     4.542    u_accel/u_pool/g_fpu[2].u_fpu/p_0_in[0]
                         LUT5 (Prop_LUT5_I2_O)        0.038     4.580 f  u_accel/u_pool/g_fpu[2].u_fpu/e_reg[4][opa][26]_srl4_i_2/O
                         net (fo=6, unplaced)         0.208     4.788    u_accel/u_pool/g_fpu[2].u_fpu/e_reg[4][opa][26]_srl4_i_2_n_0
                         LUT5 (Prop_LUT5_I4_O)        0.038     4.826 f  u_accel/u_pool/g_fpu[2].u_fpu/e_reg[4][opa][26]_srl4_i_3/O
                         net (fo=25, unplaced)        0.240     5.066    u_accel/u_pool/g_fpu[2].u_fpu/e_reg[4][opa][26]_srl4_i_3_n_0
                         LUT6 (Prop_LUT6_I3_O)        0.038     5.104 f  u_accel/u_pool/g_fpu[2].u_fpu/e[1][minmax][24]_i_2/O
                         net (fo=73, unplaced)        0.219     5.323    u_accel/u_pool/g_fpu[2].u_fpu/e[1][minmax][24]_i_2_n_0
                         LUT4 (Prop_LUT4_I0_O)        0.100     5.423 f  u_accel/u_pool/g_fpu[2].u_fpu/prod2_reg_i_56/O
                         net (fo=1, unplaced)         0.186     5.609    u_accel/u_pool/g_fpu[2].u_fpu/prod2_reg_i_56_n_0
                         LUT5 (Prop_LUT5_I0_O)        0.038     5.647 f  u_accel/u_pool/g_fpu[2].u_fpu/prod2_reg_i_42/O
                         net (fo=97, unplaced)        0.271     5.918    u_accel/u_pool/g_fpu[2].u_fpu/prod2_reg_i_42_n_0
                         LUT2 (Prop_LUT2_I1_O)        0.038     5.956 r  u_accel/u_pool/g_fpu[2].u_fpu/prod3_reg_i_7/O
                         net (fo=22, unplaced)        0.237     6.193    u_accel/u_pool/g_fpu[2].u_fpu/prod3_reg_i_7_n_0
                         LUT4 (Prop_LUT4_I3_O)        0.070     6.263 r  u_accel/u_pool/g_fpu[2].u_fpu/e_reg[4][add_ebig][7]_srl4_i_18/O
                         net (fo=1, unplaced)         0.260     6.523    u_accel/u_pool/g_fpu[2].u_fpu/e_reg[4][add_ebig][7]_srl4_i_18_n_0
                         CARRY8 (Prop_CARRY8_DI[0]_CO[3])
                                                      0.182     6.705 r  u_accel/u_pool/g_fpu[2].u_fpu/e_reg[4][add_ebig][7]_srl4_i_13/CO[3]
                         net (fo=1, unplaced)         0.091     6.796    u_accel/u_pool/g_fpu[2].u_fpu/p_112_in
                         LUT6 (Prop_LUT6_I3_O)        0.038     6.834 f  u_accel/u_pool/g_fpu[2].u_fpu/e_reg[4][add_ebig][7]_srl4_i_4/O
                         net (fo=1, unplaced)         0.186     7.020    u_accel/u_pool/g_fpu[2].u_fpu/e_reg[4][add_ebig][7]_srl4_i_4_n_0
                         LUT6 (Prop_LUT6_I1_O)        0.038     7.058 r  u_accel/u_pool/g_fpu[2].u_fpu/e_reg[4][add_ebig][7]_srl4_i_2/O
                         net (fo=104, unplaced)       0.272     7.330    u_accel/u_pool/g_fpu[2].u_fpu/e_reg[4][add_ebig][7]_srl4_i_2_n_0
                         LUT5 (Prop_LUT5_I3_O)        0.038     7.368 r  u_accel/u_pool/g_fpu[2].u_fpu/e_reg[4][add_mag][50]_srl4_i_16/O
                         net (fo=3, unplaced)         0.192     7.560    u_accel/u_pool/g_fpu[2].u_fpu/e_reg[4][add_mag][50]_srl4_i_16_n_0
                         LUT6 (Prop_LUT6_I0_O)        0.038     7.598 r  u_accel/u_pool/g_fpu[2].u_fpu/e_reg[4][add_mag][31]_srl4_i_44/O
                         net (fo=3, unplaced)         0.192     7.790    u_accel/u_pool/g_fpu[2].u_fpu/e_reg[4][add_mag][31]_srl4_i_44_n_0
                         LUT5 (Prop_LUT5_I4_O)        0.038     7.828 f  u_accel/u_pool/g_fpu[2].u_fpu/e_reg[4][add_mag][31]_srl4_i_22/O
                         net (fo=104, unplaced)       0.272     8.100    u_accel/u_pool/g_fpu[2].u_fpu/e_reg[4][add_mag][31]_srl4_i_22_n_0
                         LUT3 (Prop_LUT3_I2_O)        0.038     8.138 r  u_accel/u_pool/g_fpu[2].u_fpu/e_reg[4][add_mag][7]_srl4_i_13/O
                         net (fo=17, unplaced)        0.231     8.369    u_accel/u_pool/g_fpu[2].u_fpu/e_reg[4][add_mag][7]_srl4_i_13_n_0
                         LUT4 (Prop_LUT4_I0_O)        0.070     8.439 r  u_accel/u_pool/g_fpu[2].u_fpu/e_reg[4][add_mag][7]_srl4_i_89/O
                         net (fo=1, unplaced)         0.260     8.699    u_accel/u_pool/g_fpu[2].u_fpu/e_reg[4][add_mag][7]_srl4_i_89_n_0
                         CARRY8 (Prop_CARRY8_DI[0]_CO[7])
                                                      0.140     8.839 r  u_accel/u_pool/g_fpu[2].u_fpu/e_reg[4][add_mag][7]_srl4_i_36/CO[7]
                         net (fo=1, unplaced)         0.005     8.844    u_accel/u_pool/g_fpu[2].u_fpu/e_reg[4][add_mag][7]_srl4_i_36_n_0
                         CARRY8 (Prop_CARRY8_CI_O[4])
                                                      0.086     8.930 r  u_accel/u_pool/g_fpu[2].u_fpu/e_reg[4][add_mag][7]_srl4_i_31/O[4]
                         net (fo=1, unplaced)         0.184     9.114    u_accel/u_pool/g_fpu[2].u_fpu/e_reg[4][add_mag][7]_srl4_i_31_n_11
                         LUT6 (Prop_LUT6_I0_O)        0.038     9.152 r  u_accel/u_pool/g_fpu[2].u_fpu/e_reg[4][add_mag][7]_srl4_i_35/O
                         net (fo=1, unplaced)         0.137     9.289    u_accel/u_pool/g_fpu[2].u_fpu/e_reg[4][add_mag][7]_srl4_i_35_n_0
                         LUT6 (Prop_LUT6_I0_O)        0.053     9.342 r  u_accel/u_pool/g_fpu[2].u_fpu/e_reg[4][add_mag][7]_srl4_i_22/O
                         net (fo=1, unplaced)         0.186     9.528    u_accel/u_pool/g_fpu[2].u_fpu/e_reg[4][add_mag][7]_srl4_i_22_n_0
                         LUT6 (Prop_LUT6_I2_O)        0.038     9.566 r  u_accel/u_pool/g_fpu[2].u_fpu/e_reg[4][add_mag][7]_srl4_i_18/O
                         net (fo=1, unplaced)         0.186     9.752    u_accel/u_pool/g_fpu[2].u_fpu/e_reg[4][add_mag][7]_srl4_i_18_n_0
                         LUT6 (Prop_LUT6_I4_O)        0.038     9.790 r  u_accel/u_pool/g_fpu[2].u_fpu/e_reg[4][add_mag][7]_srl4_i_15/O
                         net (fo=1, unplaced)         0.186     9.976    u_accel/u_pool/g_fpu[2].u_fpu/e_reg[4][add_mag][7]_srl4_i_15_n_0
                         LUT5 (Prop_LUT5_I4_O)        0.038    10.014 r  u_accel/u_pool/g_fpu[2].u_fpu/e_reg[4][add_mag][7]_srl4_i_10/O
                         net (fo=1, unplaced)         0.020    10.034    u_accel/u_pool/g_fpu[2].u_fpu/e_reg[4][add_mag][7]_srl4_i_10_n_0
                         CARRY8 (Prop_CARRY8_S[0]_CO[7])
                                                      0.199    10.233 r  u_accel/u_pool/g_fpu[2].u_fpu/e_reg[4][add_mag][7]_srl4_i_1/CO[7]
                         net (fo=1, unplaced)         0.005    10.238    u_accel/u_pool/g_fpu[2].u_fpu/e_reg[4][add_mag][7]_srl4_i_1_n_0
                         CARRY8 (Prop_CARRY8_CI_CO[7])
                                                      0.022    10.260 r  u_accel/u_pool/g_fpu[2].u_fpu/e_reg[4][add_mag][15]_srl4_i_1/CO[7]
                         net (fo=1, unplaced)         0.005    10.265    u_accel/u_pool/g_fpu[2].u_fpu/e_reg[4][add_mag][15]_srl4_i_1_n_0
                         CARRY8 (Prop_CARRY8_CI_CO[7])
                                                      0.022    10.287 r  u_accel/u_pool/g_fpu[2].u_fpu/e_reg[4][add_mag][23]_srl4_i_1/CO[7]
                         net (fo=1, unplaced)         0.005    10.292    u_accel/u_pool/g_fpu[2].u_fpu/e_reg[4][add_mag][23]_srl4_i_1_n_0
                         CARRY8 (Prop_CARRY8_CI_O[2])
                                                      0.067    10.359 f  u_accel/u_pool/g_fpu[2].u_fpu/e_reg[4][add_mag][31]_srl4_i_1/O[2]
                         net (fo=2, unplaced)         0.188    10.547    u_accel/u_pool/g_fpu[2].u_fpu/e_reg[4][add_mag][31]_srl4_i_1_n_13
                         LUT4 (Prop_LUT4_I2_O)        0.090    10.637 f  u_accel/u_pool/g_fpu[2].u_fpu/e_reg[4][add_spec]_srl4_i_14/O
                         net (fo=1, unplaced)         0.186    10.823    u_accel/u_pool/g_fpu[2].u_fpu/e_reg[4][add_spec]_srl4_i_14_n_0
                         LUT5 (Prop_LUT5_I4_O)        0.038    10.861 f  u_accel/u_pool/g_fpu[2].u_fpu/e_reg[4][add_spec]_srl4_i_12/O
                         net (fo=1, unplaced)         0.186    11.047    u_accel/u_pool/g_fpu[2].u_fpu/e_reg[4][add_spec]_srl4_i_12_n_0
                         LUT6 (Prop_LUT6_I5_O)        0.038    11.085 f  u_accel/u_pool/g_fpu[2].u_fpu/e_reg[4][add_spec]_srl4_i_7/O
                         net (fo=1, unplaced)         0.186    11.271    u_accel/u_pool/g_fpu[2].u_fpu/e_reg[4][add_spec]_srl4_i_7_n_0
                         LUT6 (Prop_LUT6_I5_O)        0.038    11.309 r  u_accel/u_pool/g_fpu[2].u_fpu/e_reg[4][add_spec]_srl4_i_3/O
                         net (fo=1, unplaced)         0.186    11.495    u_accel/u_pool/g_fpu[2].u_fpu/e_reg[4][add_spec]_srl4_i_3_n_0
                         LUT3 (Prop_LUT3_I2_O)        0.038    11.533 r  u_accel/u_pool/g_fpu[2].u_fpu/e_reg[4][add_spec]_srl4_i_1/O
                         net (fo=1, unplaced)         0.228    11.761    u_accel/u_pool/g_fpu[2].u_fpu/e_reg[4][add_spec]_srl4_i_1_n_0
                         SRL16E                                       r  u_accel/u_pool/g_fpu[2].u_fpu/e_reg[4][add_spec]_srl4/D
  -------------------------------------------------------------------    -------------------

                         (clock clk rise edge)       10.000    10.000 r  
                                                      0.000    10.000 r  clk (IN)
                         net (fo=0)                   0.000    10.000    clk_IBUF_inst/I
                         INBUF (Prop_INBUF_PAD_O)     0.331    10.331 r  clk_IBUF_inst/INBUF_INST/O
                         net (fo=1, unplaced)         0.000    10.331    clk_IBUF_inst/OUT
                         IBUFCTRL (Prop_IBUFCTRL_I_O)
                                                      0.000    10.331 r  clk_IBUF_inst/IBUFCTRL_INST/O
                         net (fo=1, unplaced)         0.133    10.464    clk_IBUF
                         BUFGCE (Prop_BUFGCE_I_O)     0.024    10.488 r  clk_IBUF_BUFG_inst/O
                         net (fo=26410, unplaced)     2.439    12.927    u_accel/u_pool/g_fpu[2].u_fpu/clk
                         SRL16E                                       r  u_accel/u_pool/g_fpu[2].u_fpu/e_reg[4][add_spec]_srl4/CLK
                         clock pessimism              0.283    13.210    
                         clock uncertainty           -0.035    13.175    
                         SRL16E (Setup_SRL16E_CLK_D)
                                                     -0.060    13.115    u_accel/u_pool/g_fpu[2].u_fpu/e_reg[4][add_spec]_srl4
  -------------------------------------------------------------------
                         required time                         13.115    
                         arrival time                         -11.761    
  -------------------------------------------------------------------
                         slack                                  1.354    

Slack (MET) :             1.354ns  (required time - arrival time)
  Source:                 u_accel/u_pool/q_frv1_reg[3][29]/C
                            (rising edge-triggered cell FDRE clocked by clk  {rise@0.000ns fall@5.000ns period=10.000ns})
  Destination:            u_accel/u_pool/g_fpu[3].u_fpu/e_reg[4][add_spec]_srl4/D
                            (rising edge-triggered cell SRL16E clocked by clk  {rise@0.000ns fall@5.000ns period=10.000ns})
  Path Group:             clk
  Path Type:              Setup (Max at Slow Process Corner)
  Requirement:            10.000ns  (clk rise@10.000ns - clk rise@0.000ns)
  Data Path Delay:        8.406ns  (logic 2.114ns (25.149%)  route 6.292ns (74.851%))
  Logic Levels:           35  (CARRY8=7 LUT2=1 LUT3=2 LUT4=6 LUT5=8 LUT6=11)
  Clock Path Skew:        -0.145ns (DCD - SCD + CPR)
    Destination Clock Delay (DCD):    2.927ns = ( 12.927 - 10.000 ) 
    Source Clock Delay      (SCD):    3.355ns
    Clock Pessimism Removal (CPR):    0.283ns
  Clock Uncertainty:      0.035ns  ((TSJ^2 + TIJ^2)^1/2 + DJ) / 2 + PE
    Total System Jitter     (TSJ):    0.071ns
    Total Input Jitter      (TIJ):    0.000ns
    Discrete Jitter          (DJ):    0.000ns
    Phase Error              (PE):    0.000ns

    Location             Delay type                Incr(ns)  Path(ns)    Netlist Resource(s)
  -------------------------------------------------------------------    -------------------
                         (clock clk rise edge)        0.000     0.000 r  
                                                      0.000     0.000 r  clk (IN)
                         net (fo=0)                   0.000     0.000    clk_IBUF_inst/I
                         INBUF (Prop_INBUF_PAD_O)     0.582     0.582 r  clk_IBUF_inst/INBUF_INST/O
                         net (fo=1, unplaced)         0.000     0.582    clk_IBUF_inst/OUT
                         IBUFCTRL (Prop_IBUFCTRL_I_O)
                                                      0.000     0.582 r  clk_IBUF_inst/IBUFCTRL_INST/O
                         net (fo=1, unplaced)         0.161     0.743    clk_IBUF
                         BUFGCE (Prop_BUFGCE_I_O)     0.028     0.771 r  clk_IBUF_BUFG_inst/O
                         net (fo=26410, unplaced)     2.584     3.355    u_accel/u_pool/clk
                         FDRE                                         r  u_accel/u_pool/q_frv1_reg[3][29]/C
  -------------------------------------------------------------------    -------------------
                         FDRE (Prop_FDRE_C_Q)         0.077     3.432 f  u_accel/u_pool/q_frv1_reg[3][29]/Q
                         net (fo=5, unplaced)         0.110     3.542    u_accel/u_pool/g_fpu[3].u_fpu/a[29]
                         LUT4 (Prop_LUT4_I0_O)        0.100     3.642 r  u_accel/u_pool/g_fpu[3].u_fpu/e_reg[4][sgnj_h][14]_srl4_i_2/O
                         net (fo=3, unplaced)         0.192     3.834    u_accel/u_pool/g_fpu[3].u_fpu/e_reg[4][sgnj_h][14]_srl4_i_2_n_0
                         LUT5 (Prop_LUT5_I0_O)        0.038     3.872 r  u_accel/u_pool/g_fpu[3].u_fpu/e_reg[4][sgnj_h][13]_srl4_i_5/O
                         net (fo=1, unplaced)         0.186     4.058    u_accel/u_pool/g_fpu[3].u_fpu/e_reg[4][sgnj_h][13]_srl4_i_5_n_0
                         LUT4 (Prop_LUT4_I0_O)        0.038     4.096 r  u_accel/u_pool/g_fpu[3].u_fpu/e_reg[4][sgnj_h][13]_srl4_i_3/O
                         net (fo=5, unplaced)         0.204     4.300    u_accel/u_pool/g_fpu[3].u_fpu/e_reg[4][sgnj_h][13]_srl4_i_3_n_0
                         LUT6 (Prop_LUT6_I5_O)        0.038     4.338 r  u_accel/u_pool/g_fpu[3].u_fpu/e_reg[4][sgnj_h][10]_srl4_i_1/O
                         net (fo=5, unplaced)         0.204     4.542    u_accel/u_pool/g_fpu[3].u_fpu/p_0_in[0]
                         LUT5 (Prop_LUT5_I2_O)        0.038     4.580 f  u_accel/u_pool/g_fpu[3].u_fpu/e_reg[4][opa][26]_srl4_i_2/O
                         net (fo=6, unplaced)         0.208     4.788    u_accel/u_pool/g_fpu[3].u_fpu/e_reg[4][opa][26]_srl4_i_2_n_0
                         LUT5 (Prop_LUT5_I4_O)        0.038     4.826 f  u_accel/u_pool/g_fpu[3].u_fpu/e_reg[4][opa][26]_srl4_i_3/O
                         net (fo=25, unplaced)        0.240     5.066    u_accel/u_pool/g_fpu[3].u_fpu/e_reg[4][opa][26]_srl4_i_3_n_0
                         LUT6 (Prop_LUT6_I3_O)        0.038     5.104 f  u_accel/u_pool/g_fpu[3].u_fpu/e[1][minmax][24]_i_2/O
                         net (fo=73, unplaced)        0.219     5.323    u_accel/u_pool/g_fpu[3].u_fpu/e[1][minmax][24]_i_2_n_0
                         LUT4 (Prop_LUT4_I0_O)        0.100     5.423 f  u_accel/u_pool/g_fpu[3].u_fpu/prod2_reg_i_56/O
                         net (fo=1, unplaced)         0.186     5.609    u_accel/u_pool/g_fpu[3].u_fpu/prod2_reg_i_56_n_0
                         LUT5 (Prop_LUT5_I0_O)        0.038     5.647 f  u_accel/u_pool/g_fpu[3].u_fpu/prod2_reg_i_42/O
                         net (fo=97, unplaced)        0.271     5.918    u_accel/u_pool/g_fpu[3].u_fpu/prod2_reg_i_42_n_0
                         LUT2 (Prop_LUT2_I1_O)        0.038     5.956 r  u_accel/u_pool/g_fpu[3].u_fpu/prod3_reg_i_7/O
                         net (fo=22, unplaced)        0.237     6.193    u_accel/u_pool/g_fpu[3].u_fpu/prod3_reg_i_7_n_0
                         LUT4 (Prop_LUT4_I3_O)        0.070     6.263 r  u_accel/u_pool/g_fpu[3].u_fpu/e_reg[4][add_ebig][7]_srl4_i_18/O
                         net (fo=1, unplaced)         0.260     6.523    u_accel/u_pool/g_fpu[3].u_fpu/e_reg[4][add_ebig][7]_srl4_i_18_n_0
                         CARRY8 (Prop_CARRY8_DI[0]_CO[3])
                                                      0.182     6.705 r  u_accel/u_pool/g_fpu[3].u_fpu/e_reg[4][add_ebig][7]_srl4_i_13/CO[3]
                         net (fo=1, unplaced)         0.091     6.796    u_accel/u_pool/g_fpu[3].u_fpu/p_112_in
                         LUT6 (Prop_LUT6_I3_O)        0.038     6.834 f  u_accel/u_pool/g_fpu[3].u_fpu/e_reg[4][add_ebig][7]_srl4_i_4/O
                         net (fo=1, unplaced)         0.186     7.020    u_accel/u_pool/g_fpu[3].u_fpu/e_reg[4][add_ebig][7]_srl4_i_4_n_0
                         LUT6 (Prop_LUT6_I1_O)        0.038     7.058 r  u_accel/u_pool/g_fpu[3].u_fpu/e_reg[4][add_ebig][7]_srl4_i_2/O
                         net (fo=104, unplaced)       0.272     7.330    u_accel/u_pool/g_fpu[3].u_fpu/e_reg[4][add_ebig][7]_srl4_i_2_n_0
                         LUT5 (Prop_LUT5_I3_O)        0.038     7.368 r  u_accel/u_pool/g_fpu[3].u_fpu/e_reg[4][add_mag][50]_srl4_i_16/O
                         net (fo=3, unplaced)         0.192     7.560    u_accel/u_pool/g_fpu[3].u_fpu/e_reg[4][add_mag][50]_srl4_i_16_n_0
                         LUT6 (Prop_LUT6_I0_O)        0.038     7.598 r  u_accel/u_pool/g_fpu[3].u_fpu/e_reg[4][add_mag][31]_srl4_i_44/O
                         net (fo=3, unplaced)         0.192     7.790    u_accel/u_pool/g_fpu[3].u_fpu/e_reg[4][add_mag][31]_srl4_i_44_n_0
                         LUT5 (Prop_LUT5_I4_O)        0.038     7.828 f  u_accel/u_pool/g_fpu[3].u_fpu/e_reg[4][add_mag][31]_srl4_i_22/O
                         net (fo=104, unplaced)       0.272     8.100    u_accel/u_pool/g_fpu[3].u_fpu/e_reg[4][add_mag][31]_srl4_i_22_n_0
                         LUT3 (Prop_LUT3_I2_O)        0.038     8.138 r  u_accel/u_pool/g_fpu[3].u_fpu/e_reg[4][add_mag][7]_srl4_i_13/O
                         net (fo=17, unplaced)        0.231     8.369    u_accel/u_pool/g_fpu[3].u_fpu/e_reg[4][add_mag][7]_srl4_i_13_n_0
                         LUT4 (Prop_LUT4_I0_O)        0.070     8.439 r  u_accel/u_pool/g_fpu[3].u_fpu/e_reg[4][add_mag][7]_srl4_i_89/O
                         net (fo=1, unplaced)         0.260     8.699    u_accel/u_pool/g_fpu[3].u_fpu/e_reg[4][add_mag][7]_srl4_i_89_n_0
                         CARRY8 (Prop_CARRY8_DI[0]_CO[7])
                                                      0.140     8.839 r  u_accel/u_pool/g_fpu[3].u_fpu/e_reg[4][add_mag][7]_srl4_i_36/CO[7]
                         net (fo=1, unplaced)         0.005     8.844    u_accel/u_pool/g_fpu[3].u_fpu/e_reg[4][add_mag][7]_srl4_i_36_n_0
                         CARRY8 (Prop_CARRY8_CI_O[4])
                                                      0.086     8.930 r  u_accel/u_pool/g_fpu[3].u_fpu/e_reg[4][add_mag][7]_srl4_i_31/O[4]
                         net (fo=1, unplaced)         0.184     9.114    u_accel/u_pool/g_fpu[3].u_fpu/e_reg[4][add_mag][7]_srl4_i_31_n_11
                         LUT6 (Prop_LUT6_I0_O)        0.038     9.152 r  u_accel/u_pool/g_fpu[3].u_fpu/e_reg[4][add_mag][7]_srl4_i_35/O
                         net (fo=1, unplaced)         0.137     9.289    u_accel/u_pool/g_fpu[3].u_fpu/e_reg[4][add_mag][7]_srl4_i_35_n_0
                         LUT6 (Prop_LUT6_I0_O)        0.053     9.342 r  u_accel/u_pool/g_fpu[3].u_fpu/e_reg[4][add_mag][7]_srl4_i_22/O
                         net (fo=1, unplaced)         0.186     9.528    u_accel/u_pool/g_fpu[3].u_fpu/e_reg[4][add_mag][7]_srl4_i_22_n_0
                         LUT6 (Prop_LUT6_I2_O)        0.038     9.566 r  u_accel/u_pool/g_fpu[3].u_fpu/e_reg[4][add_mag][7]_srl4_i_18/O
                         net (fo=1, unplaced)         0.186     9.752    u_accel/u_pool/g_fpu[3].u_fpu/e_reg[4][add_mag][7]_srl4_i_18_n_0
                         LUT6 (Prop_LUT6_I4_O)        0.038     9.790 r  u_accel/u_pool/g_fpu[3].u_fpu/e_reg[4][add_mag][7]_srl4_i_15/O
                         net (fo=1, unplaced)         0.186     9.976    u_accel/u_pool/g_fpu[3].u_fpu/e_reg[4][add_mag][7]_srl4_i_15_n_0
                         LUT5 (Prop_LUT5_I4_O)        0.038    10.014 r  u_accel/u_pool/g_fpu[3].u_fpu/e_reg[4][add_mag][7]_srl4_i_10/O
                         net (fo=1, unplaced)         0.020    10.034    u_accel/u_pool/g_fpu[3].u_fpu/e_reg[4][add_mag][7]_srl4_i_10_n_0
                         CARRY8 (Prop_CARRY8_S[0]_CO[7])
                                                      0.199    10.233 r  u_accel/u_pool/g_fpu[3].u_fpu/e_reg[4][add_mag][7]_srl4_i_1/CO[7]
                         net (fo=1, unplaced)         0.005    10.238    u_accel/u_pool/g_fpu[3].u_fpu/e_reg[4][add_mag][7]_srl4_i_1_n_0
                         CARRY8 (Prop_CARRY8_CI_CO[7])
                                                      0.022    10.260 r  u_accel/u_pool/g_fpu[3].u_fpu/e_reg[4][add_mag][15]_srl4_i_1/CO[7]
                         net (fo=1, unplaced)         0.005    10.265    u_accel/u_pool/g_fpu[3].u_fpu/e_reg[4][add_mag][15]_srl4_i_1_n_0
                         CARRY8 (Prop_CARRY8_CI_CO[7])
                                                      0.022    10.287 r  u_accel/u_pool/g_fpu[3].u_fpu/e_reg[4][add_mag][23]_srl4_i_1/CO[7]
                         net (fo=1, unplaced)         0.005    10.292    u_accel/u_pool/g_fpu[3].u_fpu/e_reg[4][add_mag][23]_srl4_i_1_n_0
                         CARRY8 (Prop_CARRY8_CI_O[2])
                                                      0.067    10.359 f  u_accel/u_pool/g_fpu[3].u_fpu/e_reg[4][add_mag][31]_srl4_i_1/O[2]
                         net (fo=2, unplaced)         0.188    10.547    u_accel/u_pool/g_fpu[3].u_fpu/e_reg[4][add_mag][31]_srl4_i_1_n_13
                         LUT4 (Prop_LUT4_I2_O)        0.090    10.637 f  u_accel/u_pool/g_fpu[3].u_fpu/e_reg[4][add_spec]_srl4_i_14/O
                         net (fo=1, unplaced)         0.186    10.823    u_accel/u_pool/g_fpu[3].u_fpu/e_reg[4][add_spec]_srl4_i_14_n_0
                         LUT5 (Prop_LUT5_I4_O)        0.038    10.861 f  u_accel/u_pool/g_fpu[3].u_fpu/e_reg[4][add_spec]_srl4_i_12/O
                         net (fo=1, unplaced)         0.186    11.047    u_accel/u_pool/g_fpu[3].u_fpu/e_reg[4][add_spec]_srl4_i_12_n_0
                         LUT6 (Prop_LUT6_I5_O)        0.038    11.085 f  u_accel/u_pool/g_fpu[3].u_fpu/e_reg[4][add_spec]_srl4_i_7/O
                         net (fo=1, unplaced)         0.186    11.271    u_accel/u_pool/g_fpu[3].u_fpu/e_reg[4][add_spec]_srl4_i_7_n_0
                         LUT6 (Prop_LUT6_I5_O)        0.038    11.309 r  u_accel/u_pool/g_fpu[3].u_fpu/e_reg[4][add_spec]_srl4_i_3/O
                         net (fo=1, unplaced)         0.186    11.495    u_accel/u_pool/g_fpu[3].u_fpu/e_reg[4][add_spec]_srl4_i_3_n_0
                         LUT3 (Prop_LUT3_I2_O)        0.038    11.533 r  u_accel/u_pool/g_fpu[3].u_fpu/e_reg[4][add_spec]_srl4_i_1/O
                         net (fo=1, unplaced)         0.228    11.761    u_accel/u_pool/g_fpu[3].u_fpu/e_reg[4][add_spec]_srl4_i_1_n_0
                         SRL16E                                       r  u_accel/u_pool/g_fpu[3].u_fpu/e_reg[4][add_spec]_srl4/D
  -------------------------------------------------------------------    -------------------

                         (clock clk rise edge)       10.000    10.000 r  
                                                      0.000    10.000 r  clk (IN)
                         net (fo=0)                   0.000    10.000    clk_IBUF_inst/I
                         INBUF (Prop_INBUF_PAD_O)     0.331    10.331 r  clk_IBUF_inst/INBUF_INST/O
                         net (fo=1, unplaced)         0.000    10.331    clk_IBUF_inst/OUT
                         IBUFCTRL (Prop_IBUFCTRL_I_O)
                                                      0.000    10.331 r  clk_IBUF_inst/IBUFCTRL_INST/O
                         net (fo=1, unplaced)         0.133    10.464    clk_IBUF
                         BUFGCE (Prop_BUFGCE_I_O)     0.024    10.488 r  clk_IBUF_BUFG_inst/O
                         net (fo=26410, unplaced)     2.439    12.927    u_accel/u_pool/g_fpu[3].u_fpu/clk
                         SRL16E                                       r  u_accel/u_pool/g_fpu[3].u_fpu/e_reg[4][add_spec]_srl4/CLK
                         clock pessimism              0.283    13.210    
                         clock uncertainty           -0.035    13.175    
                         SRL16E (Setup_SRL16E_CLK_D)
                                                     -0.060    13.115    u_accel/u_pool/g_fpu[3].u_fpu/e_reg[4][add_spec]_srl4
  -------------------------------------------------------------------
                         required time                         13.115    
                         arrival time                         -11.761    
  -------------------------------------------------------------------
                         slack                                  1.354    

Slack (MET) :             1.354ns  (required time - arrival time)
  Source:                 u_accel/u_pool/q_frv1_reg[4][29]/C
                            (rising edge-triggered cell FDRE clocked by clk  {rise@0.000ns fall@5.000ns period=10.000ns})
  Destination:            u_accel/u_pool/g_fpu[4].u_fpu/e_reg[4][add_spec]_srl4/D
                            (rising edge-triggered cell SRL16E clocked by clk  {rise@0.000ns fall@5.000ns period=10.000ns})
  Path Group:             clk
  Path Type:              Setup (Max at Slow Process Corner)
  Requirement:            10.000ns  (clk rise@10.000ns - clk rise@0.000ns)
  Data Path Delay:        8.406ns  (logic 2.114ns (25.149%)  route 6.292ns (74.851%))
  Logic Levels:           35  (CARRY8=7 LUT2=1 LUT3=2 LUT4=6 LUT5=8 LUT6=11)
  Clock Path Skew:        -0.145ns (DCD - SCD + CPR)
    Destination Clock Delay (DCD):    2.927ns = ( 12.927 - 10.000 ) 
    Source Clock Delay      (SCD):    3.355ns
    Clock Pessimism Removal (CPR):    0.283ns
  Clock Uncertainty:      0.035ns  ((TSJ^2 + TIJ^2)^1/2 + DJ) / 2 + PE
    Total System Jitter     (TSJ):    0.071ns
    Total Input Jitter      (TIJ):    0.000ns
    Discrete Jitter          (DJ):    0.000ns
    Phase Error              (PE):    0.000ns

    Location             Delay type                Incr(ns)  Path(ns)    Netlist Resource(s)
  -------------------------------------------------------------------    -------------------
                         (clock clk rise edge)        0.000     0.000 r  
                                                      0.000     0.000 r  clk (IN)
                         net (fo=0)                   0.000     0.000    clk_IBUF_inst/I
                         INBUF (Prop_INBUF_PAD_O)     0.582     0.582 r  clk_IBUF_inst/INBUF_INST/O
                         net (fo=1, unplaced)         0.000     0.582    clk_IBUF_inst/OUT
                         IBUFCTRL (Prop_IBUFCTRL_I_O)
                                                      0.000     0.582 r  clk_IBUF_inst/IBUFCTRL_INST/O
                         net (fo=1, unplaced)         0.161     0.743    clk_IBUF
                         BUFGCE (Prop_BUFGCE_I_O)     0.028     0.771 r  clk_IBUF_BUFG_inst/O
                         net (fo=26410, unplaced)     2.584     3.355    u_accel/u_pool/clk
                         FDRE                                         r  u_accel/u_pool/q_frv1_reg[4][29]/C
  -------------------------------------------------------------------    -------------------
                         FDRE (Prop_FDRE_C_Q)         0.077     3.432 f  u_accel/u_pool/q_frv1_reg[4][29]/Q
                         net (fo=5, unplaced)         0.110     3.542    u_accel/u_pool/g_fpu[4].u_fpu/a[29]
                         LUT4 (Prop_LUT4_I0_O)        0.100     3.642 r  u_accel/u_pool/g_fpu[4].u_fpu/e_reg[4][sgnj_h][14]_srl4_i_2/O
                         net (fo=3, unplaced)         0.192     3.834    u_accel/u_pool/g_fpu[4].u_fpu/e_reg[4][sgnj_h][14]_srl4_i_2_n_0
                         LUT5 (Prop_LUT5_I0_O)        0.038     3.872 r  u_accel/u_pool/g_fpu[4].u_fpu/e_reg[4][sgnj_h][13]_srl4_i_5/O
                         net (fo=1, unplaced)         0.186     4.058    u_accel/u_pool/g_fpu[4].u_fpu/e_reg[4][sgnj_h][13]_srl4_i_5_n_0
                         LUT4 (Prop_LUT4_I0_O)        0.038     4.096 r  u_accel/u_pool/g_fpu[4].u_fpu/e_reg[4][sgnj_h][13]_srl4_i_3/O
                         net (fo=5, unplaced)         0.204     4.300    u_accel/u_pool/g_fpu[4].u_fpu/e_reg[4][sgnj_h][13]_srl4_i_3_n_0
                         LUT6 (Prop_LUT6_I5_O)        0.038     4.338 r  u_accel/u_pool/g_fpu[4].u_fpu/e_reg[4][sgnj_h][10]_srl4_i_1/O
                         net (fo=5, unplaced)         0.204     4.542    u_accel/u_pool/g_fpu[4].u_fpu/p_0_in[0]
                         LUT5 (Prop_LUT5_I2_O)        0.038     4.580 f  u_accel/u_pool/g_fpu[4].u_fpu/e_reg[4][opa][26]_srl4_i_2/O
                         net (fo=6, unplaced)         0.208     4.788    u_accel/u_pool/g_fpu[4].u_fpu/e_reg[4][opa][26]_srl4_i_2_n_0
                         LUT5 (Prop_LUT5_I4_O)        0.038     4.826 f  u_accel/u_pool/g_fpu[4].u_fpu/e_reg[4][opa][26]_srl4_i_3/O
                         net (fo=25, unplaced)        0.240     5.066    u_accel/u_pool/g_fpu[4].u_fpu/e_reg[4][opa][26]_srl4_i_3_n_0
                         LUT6 (Prop_LUT6_I3_O)        0.038     5.104 f  u_accel/u_pool/g_fpu[4].u_fpu/e[1][minmax][24]_i_2/O
                         net (fo=73, unplaced)        0.219     5.323    u_accel/u_pool/g_fpu[4].u_fpu/e[1][minmax][24]_i_2_n_0
                         LUT4 (Prop_LUT4_I0_O)        0.100     5.423 f  u_accel/u_pool/g_fpu[4].u_fpu/prod2_reg_i_56/O
                         net (fo=1, unplaced)         0.186     5.609    u_accel/u_pool/g_fpu[4].u_fpu/prod2_reg_i_56_n_0
                         LUT5 (Prop_LUT5_I0_O)        0.038     5.647 f  u_accel/u_pool/g_fpu[4].u_fpu/prod2_reg_i_42/O
                         net (fo=97, unplaced)        0.271     5.918    u_accel/u_pool/g_fpu[4].u_fpu/prod2_reg_i_42_n_0
                         LUT2 (Prop_LUT2_I1_O)        0.038     5.956 r  u_accel/u_pool/g_fpu[4].u_fpu/prod3_reg_i_7/O
                         net (fo=22, unplaced)        0.237     6.193    u_accel/u_pool/g_fpu[4].u_fpu/prod3_reg_i_7_n_0
                         LUT4 (Prop_LUT4_I3_O)        0.070     6.263 r  u_accel/u_pool/g_fpu[4].u_fpu/e_reg[4][add_ebig][7]_srl4_i_18/O
                         net (fo=1, unplaced)         0.260     6.523    u_accel/u_pool/g_fpu[4].u_fpu/e_reg[4][add_ebig][7]_srl4_i_18_n_0
                         CARRY8 (Prop_CARRY8_DI[0]_CO[3])
                                                      0.182     6.705 r  u_accel/u_pool/g_fpu[4].u_fpu/e_reg[4][add_ebig][7]_srl4_i_13/CO[3]
                         net (fo=1, unplaced)         0.091     6.796    u_accel/u_pool/g_fpu[4].u_fpu/p_112_in
                         LUT6 (Prop_LUT6_I3_O)        0.038     6.834 f  u_accel/u_pool/g_fpu[4].u_fpu/e_reg[4][add_ebig][7]_srl4_i_4/O
                         net (fo=1, unplaced)         0.186     7.020    u_accel/u_pool/g_fpu[4].u_fpu/e_reg[4][add_ebig][7]_srl4_i_4_n_0
                         LUT6 (Prop_LUT6_I1_O)        0.038     7.058 r  u_accel/u_pool/g_fpu[4].u_fpu/e_reg[4][add_ebig][7]_srl4_i_2/O
                         net (fo=104, unplaced)       0.272     7.330    u_accel/u_pool/g_fpu[4].u_fpu/e_reg[4][add_ebig][7]_srl4_i_2_n_0
                         LUT5 (Prop_LUT5_I3_O)        0.038     7.368 r  u_accel/u_pool/g_fpu[4].u_fpu/e_reg[4][add_mag][50]_srl4_i_16/O
                         net (fo=3, unplaced)         0.192     7.560    u_accel/u_pool/g_fpu[4].u_fpu/e_reg[4][add_mag][50]_srl4_i_16_n_0
                         LUT6 (Prop_LUT6_I0_O)        0.038     7.598 r  u_accel/u_pool/g_fpu[4].u_fpu/e_reg[4][add_mag][31]_srl4_i_44/O
                         net (fo=3, unplaced)         0.192     7.790    u_accel/u_pool/g_fpu[4].u_fpu/e_reg[4][add_mag][31]_srl4_i_44_n_0
                         LUT5 (Prop_LUT5_I4_O)        0.038     7.828 f  u_accel/u_pool/g_fpu[4].u_fpu/e_reg[4][add_mag][31]_srl4_i_22/O
                         net (fo=104, unplaced)       0.272     8.100    u_accel/u_pool/g_fpu[4].u_fpu/e_reg[4][add_mag][31]_srl4_i_22_n_0
                         LUT3 (Prop_LUT3_I2_O)        0.038     8.138 r  u_accel/u_pool/g_fpu[4].u_fpu/e_reg[4][add_mag][7]_srl4_i_13/O
                         net (fo=17, unplaced)        0.231     8.369    u_accel/u_pool/g_fpu[4].u_fpu/e_reg[4][add_mag][7]_srl4_i_13_n_0
                         LUT4 (Prop_LUT4_I0_O)        0.070     8.439 r  u_accel/u_pool/g_fpu[4].u_fpu/e_reg[4][add_mag][7]_srl4_i_89/O
                         net (fo=1, unplaced)         0.260     8.699    u_accel/u_pool/g_fpu[4].u_fpu/e_reg[4][add_mag][7]_srl4_i_89_n_0
                         CARRY8 (Prop_CARRY8_DI[0]_CO[7])
                                                      0.140     8.839 r  u_accel/u_pool/g_fpu[4].u_fpu/e_reg[4][add_mag][7]_srl4_i_36/CO[7]
                         net (fo=1, unplaced)         0.005     8.844    u_accel/u_pool/g_fpu[4].u_fpu/e_reg[4][add_mag][7]_srl4_i_36_n_0
                         CARRY8 (Prop_CARRY8_CI_O[4])
                                                      0.086     8.930 r  u_accel/u_pool/g_fpu[4].u_fpu/e_reg[4][add_mag][7]_srl4_i_31/O[4]
                         net (fo=1, unplaced)         0.184     9.114    u_accel/u_pool/g_fpu[4].u_fpu/e_reg[4][add_mag][7]_srl4_i_31_n_11
                         LUT6 (Prop_LUT6_I0_O)        0.038     9.152 r  u_accel/u_pool/g_fpu[4].u_fpu/e_reg[4][add_mag][7]_srl4_i_35/O
                         net (fo=1, unplaced)         0.137     9.289    u_accel/u_pool/g_fpu[4].u_fpu/e_reg[4][add_mag][7]_srl4_i_35_n_0
                         LUT6 (Prop_LUT6_I0_O)        0.053     9.342 r  u_accel/u_pool/g_fpu[4].u_fpu/e_reg[4][add_mag][7]_srl4_i_22/O
                         net (fo=1, unplaced)         0.186     9.528    u_accel/u_pool/g_fpu[4].u_fpu/e_reg[4][add_mag][7]_srl4_i_22_n_0
                         LUT6 (Prop_LUT6_I2_O)        0.038     9.566 r  u_accel/u_pool/g_fpu[4].u_fpu/e_reg[4][add_mag][7]_srl4_i_18/O
                         net (fo=1, unplaced)         0.186     9.752    u_accel/u_pool/g_fpu[4].u_fpu/e_reg[4][add_mag][7]_srl4_i_18_n_0
                         LUT6 (Prop_LUT6_I4_O)        0.038     9.790 r  u_accel/u_pool/g_fpu[4].u_fpu/e_reg[4][add_mag][7]_srl4_i_15/O
                         net (fo=1, unplaced)         0.186     9.976    u_accel/u_pool/g_fpu[4].u_fpu/e_reg[4][add_mag][7]_srl4_i_15_n_0
                         LUT5 (Prop_LUT5_I4_O)        0.038    10.014 r  u_accel/u_pool/g_fpu[4].u_fpu/e_reg[4][add_mag][7]_srl4_i_10/O
                         net (fo=1, unplaced)         0.020    10.034    u_accel/u_pool/g_fpu[4].u_fpu/e_reg[4][add_mag][7]_srl4_i_10_n_0
                         CARRY8 (Prop_CARRY8_S[0]_CO[7])
                                                      0.199    10.233 r  u_accel/u_pool/g_fpu[4].u_fpu/e_reg[4][add_mag][7]_srl4_i_1/CO[7]
                         net (fo=1, unplaced)         0.005    10.238    u_accel/u_pool/g_fpu[4].u_fpu/e_reg[4][add_mag][7]_srl4_i_1_n_0
                         CARRY8 (Prop_CARRY8_CI_CO[7])
                                                      0.022    10.260 r  u_accel/u_pool/g_fpu[4].u_fpu/e_reg[4][add_mag][15]_srl4_i_1/CO[7]
                         net (fo=1, unplaced)         0.005    10.265    u_accel/u_pool/g_fpu[4].u_fpu/e_reg[4][add_mag][15]_srl4_i_1_n_0
                         CARRY8 (Prop_CARRY8_CI_CO[7])
                                                      0.022    10.287 r  u_accel/u_pool/g_fpu[4].u_fpu/e_reg[4][add_mag][23]_srl4_i_1/CO[7]
                         net (fo=1, unplaced)         0.005    10.292    u_accel/u_pool/g_fpu[4].u_fpu/e_reg[4][add_mag][23]_srl4_i_1_n_0
                         CARRY8 (Prop_CARRY8_CI_O[2])
                                                      0.067    10.359 f  u_accel/u_pool/g_fpu[4].u_fpu/e_reg[4][add_mag][31]_srl4_i_1/O[2]
                         net (fo=2, unplaced)         0.188    10.547    u_accel/u_pool/g_fpu[4].u_fpu/e_reg[4][add_mag][31]_srl4_i_1_n_13
                         LUT4 (Prop_LUT4_I2_O)        0.090    10.637 f  u_accel/u_pool/g_fpu[4].u_fpu/e_reg[4][add_spec]_srl4_i_14/O
                         net (fo=1, unplaced)         0.186    10.823    u_accel/u_pool/g_fpu[4].u_fpu/e_reg[4][add_spec]_srl4_i_14_n_0
                         LUT5 (Prop_LUT5_I4_O)        0.038    10.861 f  u_accel/u_pool/g_fpu[4].u_fpu/e_reg[4][add_spec]_srl4_i_12/O
                         net (fo=1, unplaced)         0.186    11.047    u_accel/u_pool/g_fpu[4].u_fpu/e_reg[4][add_spec]_srl4_i_12_n_0
                         LUT6 (Prop_LUT6_I5_O)        0.038    11.085 f  u_accel/u_pool/g_fpu[4].u_fpu/e_reg[4][add_spec]_srl4_i_7/O
                         net (fo=1, unplaced)         0.186    11.271    u_accel/u_pool/g_fpu[4].u_fpu/e_reg[4][add_spec]_srl4_i_7_n_0
                         LUT6 (Prop_LUT6_I5_O)        0.038    11.309 r  u_accel/u_pool/g_fpu[4].u_fpu/e_reg[4][add_spec]_srl4_i_3/O
                         net (fo=1, unplaced)         0.186    11.495    u_accel/u_pool/g_fpu[4].u_fpu/e_reg[4][add_spec]_srl4_i_3_n_0
                         LUT3 (Prop_LUT3_I2_O)        0.038    11.533 r  u_accel/u_pool/g_fpu[4].u_fpu/e_reg[4][add_spec]_srl4_i_1/O
                         net (fo=1, unplaced)         0.228    11.761    u_accel/u_pool/g_fpu[4].u_fpu/e_reg[4][add_spec]_srl4_i_1_n_0
                         SRL16E                                       r  u_accel/u_pool/g_fpu[4].u_fpu/e_reg[4][add_spec]_srl4/D
  -------------------------------------------------------------------    -------------------

                         (clock clk rise edge)       10.000    10.000 r  
                                                      0.000    10.000 r  clk (IN)
                         net (fo=0)                   0.000    10.000    clk_IBUF_inst/I
                         INBUF (Prop_INBUF_PAD_O)     0.331    10.331 r  clk_IBUF_inst/INBUF_INST/O
                         net (fo=1, unplaced)         0.000    10.331    clk_IBUF_inst/OUT
                         IBUFCTRL (Prop_IBUFCTRL_I_O)
                                                      0.000    10.331 r  clk_IBUF_inst/IBUFCTRL_INST/O
                         net (fo=1, unplaced)         0.133    10.464    clk_IBUF
                         BUFGCE (Prop_BUFGCE_I_O)     0.024    10.488 r  clk_IBUF_BUFG_inst/O
                         net (fo=26410, unplaced)     2.439    12.927    u_accel/u_pool/g_fpu[4].u_fpu/clk
                         SRL16E                                       r  u_accel/u_pool/g_fpu[4].u_fpu/e_reg[4][add_spec]_srl4/CLK
                         clock pessimism              0.283    13.210    
                         clock uncertainty           -0.035    13.175    
                         SRL16E (Setup_SRL16E_CLK_D)
                                                     -0.060    13.115    u_accel/u_pool/g_fpu[4].u_fpu/e_reg[4][add_spec]_srl4
  -------------------------------------------------------------------
                         required time                         13.115    
                         arrival time                         -11.761    
  -------------------------------------------------------------------
                         slack                                  1.354    

Slack (MET) :             1.354ns  (required time - arrival time)
  Source:                 u_accel/u_pool/q_frv1_reg[5][29]/C
                            (rising edge-triggered cell FDRE clocked by clk  {rise@0.000ns fall@5.000ns period=10.000ns})
  Destination:            u_accel/u_pool/g_fpu[5].u_fpu/e_reg[4][add_spec]_srl4/D
                            (rising edge-triggered cell SRL16E clocked by clk  {rise@0.000ns fall@5.000ns period=10.000ns})
  Path Group:             clk
  Path Type:              Setup (Max at Slow Process Corner)
  Requirement:            10.000ns  (clk rise@10.000ns - clk rise@0.000ns)
  Data Path Delay:        8.406ns  (logic 2.114ns (25.149%)  route 6.292ns (74.851%))
  Logic Levels:           35  (CARRY8=7 LUT2=1 LUT3=2 LUT4=6 LUT5=8 LUT6=11)
  Clock Path Skew:        -0.145ns (DCD - SCD + CPR)
    Destination Clock Delay (DCD):    2.927ns = ( 12.927 - 10.000 ) 
    Source Clock Delay      (SCD):    3.355ns
    Clock Pessimism Removal (CPR):    0.283ns
  Clock Uncertainty:      0.035ns  ((TSJ^2 + TIJ^2)^1/2 + DJ) / 2 + PE
    Total System Jitter     (TSJ):    0.071ns
    Total Input Jitter      (TIJ):    0.000ns
    Discrete Jitter          (DJ):    0.000ns
    Phase Error              (PE):    0.000ns

    Location             Delay type                Incr(ns)  Path(ns)    Netlist Resource(s)
  -------------------------------------------------------------------    -------------------
                         (clock clk rise edge)        0.000     0.000 r  
                                                      0.000     0.000 r  clk (IN)
                         net (fo=0)                   0.000     0.000    clk_IBUF_inst/I
                         INBUF (Prop_INBUF_PAD_O)     0.582     0.582 r  clk_IBUF_inst/INBUF_INST/O
                         net (fo=1, unplaced)         0.000     0.582    clk_IBUF_inst/OUT
                         IBUFCTRL (Prop_IBUFCTRL_I_O)
                                                      0.000     0.582 r  clk_IBUF_inst/IBUFCTRL_INST/O
                         net (fo=1, unplaced)         0.161     0.743    clk_IBUF
                         BUFGCE (Prop_BUFGCE_I_O)     0.028     0.771 r  clk_IBUF_BUFG_inst/O
                         net (fo=26410, unplaced)     2.584     3.355    u_accel/u_pool/clk
                         FDRE                                         r  u_accel/u_pool/q_frv1_reg[5][29]/C
  -------------------------------------------------------------------    -------------------
                         FDRE (Prop_FDRE_C_Q)         0.077     3.432 f  u_accel/u_pool/q_frv1_reg[5][29]/Q
                         net (fo=5, unplaced)         0.110     3.542    u_accel/u_pool/g_fpu[5].u_fpu/a[29]
                         LUT4 (Prop_LUT4_I0_O)        0.100     3.642 r  u_accel/u_pool/g_fpu[5].u_fpu/e_reg[4][sgnj_h][14]_srl4_i_2/O
                         net (fo=3, unplaced)         0.192     3.834    u_accel/u_pool/g_fpu[5].u_fpu/e_reg[4][sgnj_h][14]_srl4_i_2_n_0
                         LUT5 (Prop_LUT5_I0_O)        0.038     3.872 r  u_accel/u_pool/g_fpu[5].u_fpu/e_reg[4][sgnj_h][13]_srl4_i_5/O
                         net (fo=1, unplaced)         0.186     4.058    u_accel/u_pool/g_fpu[5].u_fpu/e_reg[4][sgnj_h][13]_srl4_i_5_n_0
                         LUT4 (Prop_LUT4_I0_O)        0.038     4.096 r  u_accel/u_pool/g_fpu[5].u_fpu/e_reg[4][sgnj_h][13]_srl4_i_3/O
                         net (fo=5, unplaced)         0.204     4.300    u_accel/u_pool/g_fpu[5].u_fpu/e_reg[4][sgnj_h][13]_srl4_i_3_n_0
                         LUT6 (Prop_LUT6_I5_O)        0.038     4.338 r  u_accel/u_pool/g_fpu[5].u_fpu/e_reg[4][sgnj_h][10]_srl4_i_1/O
                         net (fo=5, unplaced)         0.204     4.542    u_accel/u_pool/g_fpu[5].u_fpu/p_0_in[0]
                         LUT5 (Prop_LUT5_I2_O)        0.038     4.580 f  u_accel/u_pool/g_fpu[5].u_fpu/e_reg[4][opa][26]_srl4_i_2/O
                         net (fo=6, unplaced)         0.208     4.788    u_accel/u_pool/g_fpu[5].u_fpu/e_reg[4][opa][26]_srl4_i_2_n_0
                         LUT5 (Prop_LUT5_I4_O)        0.038     4.826 f  u_accel/u_pool/g_fpu[5].u_fpu/e_reg[4][opa][26]_srl4_i_3/O
                         net (fo=25, unplaced)        0.240     5.066    u_accel/u_pool/g_fpu[5].u_fpu/e_reg[4][opa][26]_srl4_i_3_n_0
                         LUT6 (Prop_LUT6_I3_O)        0.038     5.104 f  u_accel/u_pool/g_fpu[5].u_fpu/e[1][minmax][24]_i_2/O
                         net (fo=73, unplaced)        0.219     5.323    u_accel/u_pool/g_fpu[5].u_fpu/e[1][minmax][24]_i_2_n_0
                         LUT4 (Prop_LUT4_I0_O)        0.100     5.423 f  u_accel/u_pool/g_fpu[5].u_fpu/prod2_reg_i_56/O
                         net (fo=1, unplaced)         0.186     5.609    u_accel/u_pool/g_fpu[5].u_fpu/prod2_reg_i_56_n_0
                         LUT5 (Prop_LUT5_I0_O)        0.038     5.647 f  u_accel/u_pool/g_fpu[5].u_fpu/prod2_reg_i_42/O
                         net (fo=97, unplaced)        0.271     5.918    u_accel/u_pool/g_fpu[5].u_fpu/prod2_reg_i_42_n_0
                         LUT2 (Prop_LUT2_I1_O)        0.038     5.956 r  u_accel/u_pool/g_fpu[5].u_fpu/prod3_reg_i_7/O
                         net (fo=22, unplaced)        0.237     6.193    u_accel/u_pool/g_fpu[5].u_fpu/prod3_reg_i_7_n_0
                         LUT4 (Prop_LUT4_I3_O)        0.070     6.263 r  u_accel/u_pool/g_fpu[5].u_fpu/e_reg[4][add_ebig][7]_srl4_i_18/O
                         net (fo=1, unplaced)         0.260     6.523    u_accel/u_pool/g_fpu[5].u_fpu/e_reg[4][add_ebig][7]_srl4_i_18_n_0
                         CARRY8 (Prop_CARRY8_DI[0]_CO[3])
                                                      0.182     6.705 r  u_accel/u_pool/g_fpu[5].u_fpu/e_reg[4][add_ebig][7]_srl4_i_13/CO[3]
                         net (fo=1, unplaced)         0.091     6.796    u_accel/u_pool/g_fpu[5].u_fpu/p_112_in
                         LUT6 (Prop_LUT6_I3_O)        0.038     6.834 f  u_accel/u_pool/g_fpu[5].u_fpu/e_reg[4][add_ebig][7]_srl4_i_4/O
                         net (fo=1, unplaced)         0.186     7.020    u_accel/u_pool/g_fpu[5].u_fpu/e_reg[4][add_ebig][7]_srl4_i_4_n_0
                         LUT6 (Prop_LUT6_I1_O)        0.038     7.058 r  u_accel/u_pool/g_fpu[5].u_fpu/e_reg[4][add_ebig][7]_srl4_i_2/O
                         net (fo=104, unplaced)       0.272     7.330    u_accel/u_pool/g_fpu[5].u_fpu/e_reg[4][add_ebig][7]_srl4_i_2_n_0
                         LUT5 (Prop_LUT5_I3_O)        0.038     7.368 r  u_accel/u_pool/g_fpu[5].u_fpu/e_reg[4][add_mag][50]_srl4_i_16/O
                         net (fo=3, unplaced)         0.192     7.560    u_accel/u_pool/g_fpu[5].u_fpu/e_reg[4][add_mag][50]_srl4_i_16_n_0
                         LUT6 (Prop_LUT6_I0_O)        0.038     7.598 r  u_accel/u_pool/g_fpu[5].u_fpu/e_reg[4][add_mag][31]_srl4_i_44/O
                         net (fo=3, unplaced)         0.192     7.790    u_accel/u_pool/g_fpu[5].u_fpu/e_reg[4][add_mag][31]_srl4_i_44_n_0
                         LUT5 (Prop_LUT5_I4_O)        0.038     7.828 f  u_accel/u_pool/g_fpu[5].u_fpu/e_reg[4][add_mag][31]_srl4_i_22/O
                         net (fo=104, unplaced)       0.272     8.100    u_accel/u_pool/g_fpu[5].u_fpu/e_reg[4][add_mag][31]_srl4_i_22_n_0
                         LUT3 (Prop_LUT3_I2_O)        0.038     8.138 r  u_accel/u_pool/g_fpu[5].u_fpu/e_reg[4][add_mag][7]_srl4_i_13/O
                         net (fo=17, unplaced)        0.231     8.369    u_accel/u_pool/g_fpu[5].u_fpu/e_reg[4][add_mag][7]_srl4_i_13_n_0
                         LUT4 (Prop_LUT4_I0_O)        0.070     8.439 r  u_accel/u_pool/g_fpu[5].u_fpu/e_reg[4][add_mag][7]_srl4_i_89/O
                         net (fo=1, unplaced)         0.260     8.699    u_accel/u_pool/g_fpu[5].u_fpu/e_reg[4][add_mag][7]_srl4_i_89_n_0
                         CARRY8 (Prop_CARRY8_DI[0]_CO[7])
                                                      0.140     8.839 r  u_accel/u_pool/g_fpu[5].u_fpu/e_reg[4][add_mag][7]_srl4_i_36/CO[7]
                         net (fo=1, unplaced)         0.005     8.844    u_accel/u_pool/g_fpu[5].u_fpu/e_reg[4][add_mag][7]_srl4_i_36_n_0
                         CARRY8 (Prop_CARRY8_CI_O[4])
                                                      0.086     8.930 r  u_accel/u_pool/g_fpu[5].u_fpu/e_reg[4][add_mag][7]_srl4_i_31/O[4]
                         net (fo=1, unplaced)         0.184     9.114    u_accel/u_pool/g_fpu[5].u_fpu/e_reg[4][add_mag][7]_srl4_i_31_n_11
                         LUT6 (Prop_LUT6_I0_O)        0.038     9.152 r  u_accel/u_pool/g_fpu[5].u_fpu/e_reg[4][add_mag][7]_srl4_i_35/O
                         net (fo=1, unplaced)         0.137     9.289    u_accel/u_pool/g_fpu[5].u_fpu/e_reg[4][add_mag][7]_srl4_i_35_n_0
                         LUT6 (Prop_LUT6_I0_O)        0.053     9.342 r  u_accel/u_pool/g_fpu[5].u_fpu/e_reg[4][add_mag][7]_srl4_i_22/O
                         net (fo=1, unplaced)         0.186     9.528    u_accel/u_pool/g_fpu[5].u_fpu/e_reg[4][add_mag][7]_srl4_i_22_n_0
                         LUT6 (Prop_LUT6_I2_O)        0.038     9.566 r  u_accel/u_pool/g_fpu[5].u_fpu/e_reg[4][add_mag][7]_srl4_i_18/O
                         net (fo=1, unplaced)         0.186     9.752    u_accel/u_pool/g_fpu[5].u_fpu/e_reg[4][add_mag][7]_srl4_i_18_n_0
                         LUT6 (Prop_LUT6_I4_O)        0.038     9.790 r  u_accel/u_pool/g_fpu[5].u_fpu/e_reg[4][add_mag][7]_srl4_i_15/O
                         net (fo=1, unplaced)         0.186     9.976    u_accel/u_pool/g_fpu[5].u_fpu/e_reg[4][add_mag][7]_srl4_i_15_n_0
                         LUT5 (Prop_LUT5_I4_O)        0.038    10.014 r  u_accel/u_pool/g_fpu[5].u_fpu/e_reg[4][add_mag][7]_srl4_i_10/O
                         net (fo=1, unplaced)         0.020    10.034    u_accel/u_pool/g_fpu[5].u_fpu/e_reg[4][add_mag][7]_srl4_i_10_n_0
                         CARRY8 (Prop_CARRY8_S[0]_CO[7])
                                                      0.199    10.233 r  u_accel/u_pool/g_fpu[5].u_fpu/e_reg[4][add_mag][7]_srl4_i_1/CO[7]
                         net (fo=1, unplaced)         0.005    10.238    u_accel/u_pool/g_fpu[5].u_fpu/e_reg[4][add_mag][7]_srl4_i_1_n_0
                         CARRY8 (Prop_CARRY8_CI_CO[7])
                                                      0.022    10.260 r  u_accel/u_pool/g_fpu[5].u_fpu/e_reg[4][add_mag][15]_srl4_i_1/CO[7]
                         net (fo=1, unplaced)         0.005    10.265    u_accel/u_pool/g_fpu[5].u_fpu/e_reg[4][add_mag][15]_srl4_i_1_n_0
                         CARRY8 (Prop_CARRY8_CI_CO[7])
                                                      0.022    10.287 r  u_accel/u_pool/g_fpu[5].u_fpu/e_reg[4][add_mag][23]_srl4_i_1/CO[7]
                         net (fo=1, unplaced)         0.005    10.292    u_accel/u_pool/g_fpu[5].u_fpu/e_reg[4][add_mag][23]_srl4_i_1_n_0
                         CARRY8 (Prop_CARRY8_CI_O[2])
                                                      0.067    10.359 f  u_accel/u_pool/g_fpu[5].u_fpu/e_reg[4][add_mag][31]_srl4_i_1/O[2]
                         net (fo=2, unplaced)         0.188    10.547    u_accel/u_pool/g_fpu[5].u_fpu/e_reg[4][add_mag][31]_srl4_i_1_n_13
                         LUT4 (Prop_LUT4_I2_O)        0.090    10.637 f  u_accel/u_pool/g_fpu[5].u_fpu/e_reg[4][add_spec]_srl4_i_14/O
                         net (fo=1, unplaced)         0.186    10.823    u_accel/u_pool/g_fpu[5].u_fpu/e_reg[4][add_spec]_srl4_i_14_n_0
                         LUT5 (Prop_LUT5_I4_O)        0.038    10.861 f  u_accel/u_pool/g_fpu[5].u_fpu/e_reg[4][add_spec]_srl4_i_12/O
                         net (fo=1, unplaced)         0.186    11.047    u_accel/u_pool/g_fpu[5].u_fpu/e_reg[4][add_spec]_srl4_i_12_n_0
                         LUT6 (Prop_LUT6_I5_O)        0.038    11.085 f  u_accel/u_pool/g_fpu[5].u_fpu/e_reg[4][add_spec]_srl4_i_7/O
                         net (fo=1, unplaced)         0.186    11.271    u_accel/u_pool/g_fpu[5].u_fpu/e_reg[4][add_spec]_srl4_i_7_n_0
                         LUT6 (Prop_LUT6_I5_O)        0.038    11.309 r  u_accel/u_pool/g_fpu[5].u_fpu/e_reg[4][add_spec]_srl4_i_3/O
                         net (fo=1, unplaced)         0.186    11.495    u_accel/u_pool/g_fpu[5].u_fpu/e_reg[4][add_spec]_srl4_i_3_n_0
                         LUT3 (Prop_LUT3_I2_O)        0.038    11.533 r  u_accel/u_pool/g_fpu[5].u_fpu/e_reg[4][add_spec]_srl4_i_1/O
                         net (fo=1, unplaced)         0.228    11.761    u_accel/u_pool/g_fpu[5].u_fpu/e_reg[4][add_spec]_srl4_i_1_n_0
                         SRL16E                                       r  u_accel/u_pool/g_fpu[5].u_fpu/e_reg[4][add_spec]_srl4/D
  -------------------------------------------------------------------    -------------------

                         (clock clk rise edge)       10.000    10.000 r  
                                                      0.000    10.000 r  clk (IN)
                         net (fo=0)                   0.000    10.000    clk_IBUF_inst/I
                         INBUF (Prop_INBUF_PAD_O)     0.331    10.331 r  clk_IBUF_inst/INBUF_INST/O
                         net (fo=1, unplaced)         0.000    10.331    clk_IBUF_inst/OUT
                         IBUFCTRL (Prop_IBUFCTRL_I_O)
                                                      0.000    10.331 r  clk_IBUF_inst/IBUFCTRL_INST/O
                         net (fo=1, unplaced)         0.133    10.464    clk_IBUF
                         BUFGCE (Prop_BUFGCE_I_O)     0.024    10.488 r  clk_IBUF_BUFG_inst/O
                         net (fo=26410, unplaced)     2.439    12.927    u_accel/u_pool/g_fpu[5].u_fpu/clk
                         SRL16E                                       r  u_accel/u_pool/g_fpu[5].u_fpu/e_reg[4][add_spec]_srl4/CLK
                         clock pessimism              0.283    13.210    
                         clock uncertainty           -0.035    13.175    
                         SRL16E (Setup_SRL16E_CLK_D)
                                                     -0.060    13.115    u_accel/u_pool/g_fpu[5].u_fpu/e_reg[4][add_spec]_srl4
  -------------------------------------------------------------------
                         required time                         13.115    
                         arrival time                         -11.761    
  -------------------------------------------------------------------
                         slack                                  1.354    

Slack (MET) :             1.354ns  (required time - arrival time)
  Source:                 u_accel/u_pool/q_frv1_reg[6][29]/C
                            (rising edge-triggered cell FDRE clocked by clk  {rise@0.000ns fall@5.000ns period=10.000ns})
  Destination:            u_accel/u_pool/g_fpu[6].u_fpu/e_reg[4][add_spec]_srl4/D
                            (rising edge-triggered cell SRL16E clocked by clk  {rise@0.000ns fall@5.000ns period=10.000ns})
  Path Group:             clk
  Path Type:              Setup (Max at Slow Process Corner)
  Requirement:            10.000ns  (clk rise@10.000ns - clk rise@0.000ns)
  Data Path Delay:        8.406ns  (logic 2.114ns (25.149%)  route 6.292ns (74.851%))
  Logic Levels:           35  (CARRY8=7 LUT2=1 LUT3=2 LUT4=6 LUT5=8 LUT6=11)
  Clock Path Skew:        -0.145ns (DCD - SCD + CPR)
    Destination Clock Delay (DCD):    2.927ns = ( 12.927 - 10.000 ) 
    Source Clock Delay      (SCD):    3.355ns
    Clock Pessimism Removal (CPR):    0.283ns
  Clock Uncertainty:      0.035ns  ((TSJ^2 + TIJ^2)^1/2 + DJ) / 2 + PE
    Total System Jitter     (TSJ):    0.071ns
    Total Input Jitter      (TIJ):    0.000ns
    Discrete Jitter          (DJ):    0.000ns
    Phase Error              (PE):    0.000ns

    Location             Delay type                Incr(ns)  Path(ns)    Netlist Resource(s)
  -------------------------------------------------------------------    -------------------
                         (clock clk rise edge)        0.000     0.000 r  
                                                      0.000     0.000 r  clk (IN)
                         net (fo=0)                   0.000     0.000    clk_IBUF_inst/I
                         INBUF (Prop_INBUF_PAD_O)     0.582     0.582 r  clk_IBUF_inst/INBUF_INST/O
                         net (fo=1, unplaced)         0.000     0.582    clk_IBUF_inst/OUT
                         IBUFCTRL (Prop_IBUFCTRL_I_O)
                                                      0.000     0.582 r  clk_IBUF_inst/IBUFCTRL_INST/O
                         net (fo=1, unplaced)         0.161     0.743    clk_IBUF
                         BUFGCE (Prop_BUFGCE_I_O)     0.028     0.771 r  clk_IBUF_BUFG_inst/O
                         net (fo=26410, unplaced)     2.584     3.355    u_accel/u_pool/clk
                         FDRE                                         r  u_accel/u_pool/q_frv1_reg[6][29]/C
  -------------------------------------------------------------------    -------------------
                         FDRE (Prop_FDRE_C_Q)         0.077     3.432 f  u_accel/u_pool/q_frv1_reg[6][29]/Q
                         net (fo=5, unplaced)         0.110     3.542    u_accel/u_pool/g_fpu[6].u_fpu/a[29]
                         LUT4 (Prop_LUT4_I0_O)        0.100     3.642 r  u_accel/u_pool/g_fpu[6].u_fpu/e_reg[4][sgnj_h][14]_srl4_i_2/O
                         net (fo=3, unplaced)         0.192     3.834    u_accel/u_pool/g_fpu[6].u_fpu/e_reg[4][sgnj_h][14]_srl4_i_2_n_0
                         LUT5 (Prop_LUT5_I0_O)        0.038     3.872 r  u_accel/u_pool/g_fpu[6].u_fpu/e_reg[4][sgnj_h][13]_srl4_i_5/O
                         net (fo=1, unplaced)         0.186     4.058    u_accel/u_pool/g_fpu[6].u_fpu/e_reg[4][sgnj_h][13]_srl4_i_5_n_0
                         LUT4 (Prop_LUT4_I0_O)        0.038     4.096 r  u_accel/u_pool/g_fpu[6].u_fpu/e_reg[4][sgnj_h][13]_srl4_i_3/O
                         net (fo=5, unplaced)         0.204     4.300    u_accel/u_pool/g_fpu[6].u_fpu/e_reg[4][sgnj_h][13]_srl4_i_3_n_0
                         LUT6 (Prop_LUT6_I5_O)        0.038     4.338 r  u_accel/u_pool/g_fpu[6].u_fpu/e_reg[4][sgnj_h][10]_srl4_i_1/O
                         net (fo=5, unplaced)         0.204     4.542    u_accel/u_pool/g_fpu[6].u_fpu/p_0_in[0]
                         LUT5 (Prop_LUT5_I2_O)        0.038     4.580 f  u_accel/u_pool/g_fpu[6].u_fpu/e_reg[4][opa][26]_srl4_i_2/O
                         net (fo=6, unplaced)         0.208     4.788    u_accel/u_pool/g_fpu[6].u_fpu/e_reg[4][opa][26]_srl4_i_2_n_0
                         LUT5 (Prop_LUT5_I4_O)        0.038     4.826 f  u_accel/u_pool/g_fpu[6].u_fpu/e_reg[4][opa][26]_srl4_i_3/O
                         net (fo=25, unplaced)        0.240     5.066    u_accel/u_pool/g_fpu[6].u_fpu/e_reg[4][opa][26]_srl4_i_3_n_0
                         LUT6 (Prop_LUT6_I3_O)        0.038     5.104 f  u_accel/u_pool/g_fpu[6].u_fpu/e[1][minmax][24]_i_2/O
                         net (fo=73, unplaced)        0.219     5.323    u_accel/u_pool/g_fpu[6].u_fpu/e[1][minmax][24]_i_2_n_0
                         LUT4 (Prop_LUT4_I0_O)        0.100     5.423 f  u_accel/u_pool/g_fpu[6].u_fpu/prod2_reg_i_56/O
                         net (fo=1, unplaced)         0.186     5.609    u_accel/u_pool/g_fpu[6].u_fpu/prod2_reg_i_56_n_0
                         LUT5 (Prop_LUT5_I0_O)        0.038     5.647 f  u_accel/u_pool/g_fpu[6].u_fpu/prod2_reg_i_42/O
                         net (fo=97, unplaced)        0.271     5.918    u_accel/u_pool/g_fpu[6].u_fpu/prod2_reg_i_42_n_0
                         LUT2 (Prop_LUT2_I1_O)        0.038     5.956 r  u_accel/u_pool/g_fpu[6].u_fpu/prod3_reg_i_7/O
                         net (fo=22, unplaced)        0.237     6.193    u_accel/u_pool/g_fpu[6].u_fpu/prod3_reg_i_7_n_0
                         LUT4 (Prop_LUT4_I3_O)        0.070     6.263 r  u_accel/u_pool/g_fpu[6].u_fpu/e_reg[4][add_ebig][7]_srl4_i_18/O
                         net (fo=1, unplaced)         0.260     6.523    u_accel/u_pool/g_fpu[6].u_fpu/e_reg[4][add_ebig][7]_srl4_i_18_n_0
                         CARRY8 (Prop_CARRY8_DI[0]_CO[3])
                                                      0.182     6.705 r  u_accel/u_pool/g_fpu[6].u_fpu/e_reg[4][add_ebig][7]_srl4_i_13/CO[3]
                         net (fo=1, unplaced)         0.091     6.796    u_accel/u_pool/g_fpu[6].u_fpu/p_112_in
                         LUT6 (Prop_LUT6_I3_O)        0.038     6.834 f  u_accel/u_pool/g_fpu[6].u_fpu/e_reg[4][add_ebig][7]_srl4_i_4/O
                         net (fo=1, unplaced)         0.186     7.020    u_accel/u_pool/g_fpu[6].u_fpu/e_reg[4][add_ebig][7]_srl4_i_4_n_0
                         LUT6 (Prop_LUT6_I1_O)        0.038     7.058 r  u_accel/u_pool/g_fpu[6].u_fpu/e_reg[4][add_ebig][7]_srl4_i_2/O
                         net (fo=104, unplaced)       0.272     7.330    u_accel/u_pool/g_fpu[6].u_fpu/e_reg[4][add_ebig][7]_srl4_i_2_n_0
                         LUT5 (Prop_LUT5_I3_O)        0.038     7.368 r  u_accel/u_pool/g_fpu[6].u_fpu/e_reg[4][add_mag][50]_srl4_i_16/O
                         net (fo=3, unplaced)         0.192     7.560    u_accel/u_pool/g_fpu[6].u_fpu/e_reg[4][add_mag][50]_srl4_i_16_n_0
                         LUT6 (Prop_LUT6_I0_O)        0.038     7.598 r  u_accel/u_pool/g_fpu[6].u_fpu/e_reg[4][add_mag][31]_srl4_i_44/O
                         net (fo=3, unplaced)         0.192     7.790    u_accel/u_pool/g_fpu[6].u_fpu/e_reg[4][add_mag][31]_srl4_i_44_n_0
                         LUT5 (Prop_LUT5_I4_O)        0.038     7.828 f  u_accel/u_pool/g_fpu[6].u_fpu/e_reg[4][add_mag][31]_srl4_i_22/O
                         net (fo=104, unplaced)       0.272     8.100    u_accel/u_pool/g_fpu[6].u_fpu/e_reg[4][add_mag][31]_srl4_i_22_n_0
                         LUT3 (Prop_LUT3_I2_O)        0.038     8.138 r  u_accel/u_pool/g_fpu[6].u_fpu/e_reg[4][add_mag][7]_srl4_i_13/O
                         net (fo=17, unplaced)        0.231     8.369    u_accel/u_pool/g_fpu[6].u_fpu/e_reg[4][add_mag][7]_srl4_i_13_n_0
                         LUT4 (Prop_LUT4_I0_O)        0.070     8.439 r  u_accel/u_pool/g_fpu[6].u_fpu/e_reg[4][add_mag][7]_srl4_i_89/O
                         net (fo=1, unplaced)         0.260     8.699    u_accel/u_pool/g_fpu[6].u_fpu/e_reg[4][add_mag][7]_srl4_i_89_n_0
                         CARRY8 (Prop_CARRY8_DI[0]_CO[7])
                                                      0.140     8.839 r  u_accel/u_pool/g_fpu[6].u_fpu/e_reg[4][add_mag][7]_srl4_i_36/CO[7]
                         net (fo=1, unplaced)         0.005     8.844    u_accel/u_pool/g_fpu[6].u_fpu/e_reg[4][add_mag][7]_srl4_i_36_n_0
                         CARRY8 (Prop_CARRY8_CI_O[4])
                                                      0.086     8.930 r  u_accel/u_pool/g_fpu[6].u_fpu/e_reg[4][add_mag][7]_srl4_i_31/O[4]
                         net (fo=1, unplaced)         0.184     9.114    u_accel/u_pool/g_fpu[6].u_fpu/e_reg[4][add_mag][7]_srl4_i_31_n_11
                         LUT6 (Prop_LUT6_I0_O)        0.038     9.152 r  u_accel/u_pool/g_fpu[6].u_fpu/e_reg[4][add_mag][7]_srl4_i_35/O
                         net (fo=1, unplaced)         0.137     9.289    u_accel/u_pool/g_fpu[6].u_fpu/e_reg[4][add_mag][7]_srl4_i_35_n_0
                         LUT6 (Prop_LUT6_I0_O)        0.053     9.342 r  u_accel/u_pool/g_fpu[6].u_fpu/e_reg[4][add_mag][7]_srl4_i_22/O
                         net (fo=1, unplaced)         0.186     9.528    u_accel/u_pool/g_fpu[6].u_fpu/e_reg[4][add_mag][7]_srl4_i_22_n_0
                         LUT6 (Prop_LUT6_I2_O)        0.038     9.566 r  u_accel/u_pool/g_fpu[6].u_fpu/e_reg[4][add_mag][7]_srl4_i_18/O
                         net (fo=1, unplaced)         0.186     9.752    u_accel/u_pool/g_fpu[6].u_fpu/e_reg[4][add_mag][7]_srl4_i_18_n_0
                         LUT6 (Prop_LUT6_I4_O)        0.038     9.790 r  u_accel/u_pool/g_fpu[6].u_fpu/e_reg[4][add_mag][7]_srl4_i_15/O
                         net (fo=1, unplaced)         0.186     9.976    u_accel/u_pool/g_fpu[6].u_fpu/e_reg[4][add_mag][7]_srl4_i_15_n_0
                         LUT5 (Prop_LUT5_I4_O)        0.038    10.014 r  u_accel/u_pool/g_fpu[6].u_fpu/e_reg[4][add_mag][7]_srl4_i_10/O
                         net (fo=1, unplaced)         0.020    10.034    u_accel/u_pool/g_fpu[6].u_fpu/e_reg[4][add_mag][7]_srl4_i_10_n_0
                         CARRY8 (Prop_CARRY8_S[0]_CO[7])
                                                      0.199    10.233 r  u_accel/u_pool/g_fpu[6].u_fpu/e_reg[4][add_mag][7]_srl4_i_1/CO[7]
                         net (fo=1, unplaced)         0.005    10.238    u_accel/u_pool/g_fpu[6].u_fpu/e_reg[4][add_mag][7]_srl4_i_1_n_0
                         CARRY8 (Prop_CARRY8_CI_CO[7])
                                                      0.022    10.260 r  u_accel/u_pool/g_fpu[6].u_fpu/e_reg[4][add_mag][15]_srl4_i_1/CO[7]
                         net (fo=1, unplaced)         0.005    10.265    u_accel/u_pool/g_fpu[6].u_fpu/e_reg[4][add_mag][15]_srl4_i_1_n_0
                         CARRY8 (Prop_CARRY8_CI_CO[7])
                                                      0.022    10.287 r  u_accel/u_pool/g_fpu[6].u_fpu/e_reg[4][add_mag][23]_srl4_i_1/CO[7]
                         net (fo=1, unplaced)         0.005    10.292    u_accel/u_pool/g_fpu[6].u_fpu/e_reg[4][add_mag][23]_srl4_i_1_n_0
                         CARRY8 (Prop_CARRY8_CI_O[2])
                                                      0.067    10.359 f  u_accel/u_pool/g_fpu[6].u_fpu/e_reg[4][add_mag][31]_srl4_i_1/O[2]
                         net (fo=2, unplaced)         0.188    10.547    u_accel/u_pool/g_fpu[6].u_fpu/e_reg[4][add_mag][31]_srl4_i_1_n_13
                         LUT4 (Prop_LUT4_I2_O)        0.090    10.637 f  u_accel/u_pool/g_fpu[6].u_fpu/e_reg[4][add_spec]_srl4_i_14/O
                         net (fo=1, unplaced)         0.186    10.823    u_accel/u_pool/g_fpu[6].u_fpu/e_reg[4][add_spec]_srl4_i_14_n_0
                         LUT5 (Prop_LUT5_I4_O)        0.038    10.861 f  u_accel/u_pool/g_fpu[6].u_fpu/e_reg[4][add_spec]_srl4_i_12/O
                         net (fo=1, unplaced)         0.186    11.047    u_accel/u_pool/g_fpu[6].u_fpu/e_reg[4][add_spec]_srl4_i_12_n_0
                         LUT6 (Prop_LUT6_I5_O)        0.038    11.085 f  u_accel/u_pool/g_fpu[6].u_fpu/e_reg[4][add_spec]_srl4_i_7/O
                         net (fo=1, unplaced)         0.186    11.271    u_accel/u_pool/g_fpu[6].u_fpu/e_reg[4][add_spec]_srl4_i_7_n_0
                         LUT6 (Prop_LUT6_I5_O)        0.038    11.309 r  u_accel/u_pool/g_fpu[6].u_fpu/e_reg[4][add_spec]_srl4_i_3/O
                         net (fo=1, unplaced)         0.186    11.495    u_accel/u_pool/g_fpu[6].u_fpu/e_reg[4][add_spec]_srl4_i_3_n_0
                         LUT3 (Prop_LUT3_I2_O)        0.038    11.533 r  u_accel/u_pool/g_fpu[6].u_fpu/e_reg[4][add_spec]_srl4_i_1/O
                         net (fo=1, unplaced)         0.228    11.761    u_accel/u_pool/g_fpu[6].u_fpu/e_reg[4][add_spec]_srl4_i_1_n_0
                         SRL16E                                       r  u_accel/u_pool/g_fpu[6].u_fpu/e_reg[4][add_spec]_srl4/D
  -------------------------------------------------------------------    -------------------

                         (clock clk rise edge)       10.000    10.000 r  
                                                      0.000    10.000 r  clk (IN)
                         net (fo=0)                   0.000    10.000    clk_IBUF_inst/I
                         INBUF (Prop_INBUF_PAD_O)     0.331    10.331 r  clk_IBUF_inst/INBUF_INST/O
                         net (fo=1, unplaced)         0.000    10.331    clk_IBUF_inst/OUT
                         IBUFCTRL (Prop_IBUFCTRL_I_O)
                                                      0.000    10.331 r  clk_IBUF_inst/IBUFCTRL_INST/O
                         net (fo=1, unplaced)         0.133    10.464    clk_IBUF
                         BUFGCE (Prop_BUFGCE_I_O)     0.024    10.488 r  clk_IBUF_BUFG_inst/O
                         net (fo=26410, unplaced)     2.439    12.927    u_accel/u_pool/g_fpu[6].u_fpu/clk
                         SRL16E                                       r  u_accel/u_pool/g_fpu[6].u_fpu/e_reg[4][add_spec]_srl4/CLK
                         clock pessimism              0.283    13.210    
                         clock uncertainty           -0.035    13.175    
                         SRL16E (Setup_SRL16E_CLK_D)
                                                     -0.060    13.115    u_accel/u_pool/g_fpu[6].u_fpu/e_reg[4][add_spec]_srl4
  -------------------------------------------------------------------
                         required time                         13.115    
                         arrival time                         -11.761    
  -------------------------------------------------------------------
                         slack                                  1.354    

Slack (MET) :             1.354ns  (required time - arrival time)
  Source:                 u_accel/u_pool/q_frv1_reg[7][29]/C
                            (rising edge-triggered cell FDRE clocked by clk  {rise@0.000ns fall@5.000ns period=10.000ns})
  Destination:            u_accel/u_pool/g_fpu[7].u_fpu/e_reg[4][add_spec]_srl4/D
                            (rising edge-triggered cell SRL16E clocked by clk  {rise@0.000ns fall@5.000ns period=10.000ns})
  Path Group:             clk
  Path Type:              Setup (Max at Slow Process Corner)
  Requirement:            10.000ns  (clk rise@10.000ns - clk rise@0.000ns)
  Data Path Delay:        8.406ns  (logic 2.114ns (25.149%)  route 6.292ns (74.851%))
  Logic Levels:           35  (CARRY8=7 LUT2=1 LUT3=2 LUT4=6 LUT5=8 LUT6=11)
  Clock Path Skew:        -0.145ns (DCD - SCD + CPR)
    Destination Clock Delay (DCD):    2.927ns = ( 12.927 - 10.000 ) 
    Source Clock Delay      (SCD):    3.355ns
    Clock Pessimism Removal (CPR):    0.283ns
  Clock Uncertainty:      0.035ns  ((TSJ^2 + TIJ^2)^1/2 + DJ) / 2 + PE
    Total System Jitter     (TSJ):    0.071ns
    Total Input Jitter      (TIJ):    0.000ns
    Discrete Jitter          (DJ):    0.000ns
    Phase Error              (PE):    0.000ns

    Location             Delay type                Incr(ns)  Path(ns)    Netlist Resource(s)
  -------------------------------------------------------------------    -------------------
                         (clock clk rise edge)        0.000     0.000 r  
                                                      0.000     0.000 r  clk (IN)
                         net (fo=0)                   0.000     0.000    clk_IBUF_inst/I
                         INBUF (Prop_INBUF_PAD_O)     0.582     0.582 r  clk_IBUF_inst/INBUF_INST/O
                         net (fo=1, unplaced)         0.000     0.582    clk_IBUF_inst/OUT
                         IBUFCTRL (Prop_IBUFCTRL_I_O)
                                                      0.000     0.582 r  clk_IBUF_inst/IBUFCTRL_INST/O
                         net (fo=1, unplaced)         0.161     0.743    clk_IBUF
                         BUFGCE (Prop_BUFGCE_I_O)     0.028     0.771 r  clk_IBUF_BUFG_inst/O
                         net (fo=26410, unplaced)     2.584     3.355    u_accel/u_pool/clk
                         FDRE                                         r  u_accel/u_pool/q_frv1_reg[7][29]/C
  -------------------------------------------------------------------    -------------------
                         FDRE (Prop_FDRE_C_Q)         0.077     3.432 f  u_accel/u_pool/q_frv1_reg[7][29]/Q
                         net (fo=5, unplaced)         0.110     3.542    u_accel/u_pool/g_fpu[7].u_fpu/a[29]
                         LUT4 (Prop_LUT4_I0_O)        0.100     3.642 r  u_accel/u_pool/g_fpu[7].u_fpu/e_reg[4][sgnj_h][14]_srl4_i_2/O
                         net (fo=3, unplaced)         0.192     3.834    u_accel/u_pool/g_fpu[7].u_fpu/e_reg[4][sgnj_h][14]_srl4_i_2_n_0
                         LUT5 (Prop_LUT5_I0_O)        0.038     3.872 r  u_accel/u_pool/g_fpu[7].u_fpu/e_reg[4][sgnj_h][13]_srl4_i_5/O
                         net (fo=1, unplaced)         0.186     4.058    u_accel/u_pool/g_fpu[7].u_fpu/e_reg[4][sgnj_h][13]_srl4_i_5_n_0
                         LUT4 (Prop_LUT4_I0_O)        0.038     4.096 r  u_accel/u_pool/g_fpu[7].u_fpu/e_reg[4][sgnj_h][13]_srl4_i_3/O
                         net (fo=5, unplaced)         0.204     4.300    u_accel/u_pool/g_fpu[7].u_fpu/e_reg[4][sgnj_h][13]_srl4_i_3_n_0
                         LUT6 (Prop_LUT6_I5_O)        0.038     4.338 r  u_accel/u_pool/g_fpu[7].u_fpu/e_reg[4][sgnj_h][10]_srl4_i_1/O
                         net (fo=5, unplaced)         0.204     4.542    u_accel/u_pool/g_fpu[7].u_fpu/p_0_in[0]
                         LUT5 (Prop_LUT5_I2_O)        0.038     4.580 f  u_accel/u_pool/g_fpu[7].u_fpu/e_reg[4][opa][26]_srl4_i_2/O
                         net (fo=6, unplaced)         0.208     4.788    u_accel/u_pool/g_fpu[7].u_fpu/e_reg[4][opa][26]_srl4_i_2_n_0
                         LUT5 (Prop_LUT5_I4_O)        0.038     4.826 f  u_accel/u_pool/g_fpu[7].u_fpu/e_reg[4][opa][26]_srl4_i_3/O
                         net (fo=25, unplaced)        0.240     5.066    u_accel/u_pool/g_fpu[7].u_fpu/e_reg[4][opa][26]_srl4_i_3_n_0
                         LUT6 (Prop_LUT6_I3_O)        0.038     5.104 f  u_accel/u_pool/g_fpu[7].u_fpu/e[1][minmax][24]_i_2/O
                         net (fo=73, unplaced)        0.219     5.323    u_accel/u_pool/g_fpu[7].u_fpu/e[1][minmax][24]_i_2_n_0
                         LUT4 (Prop_LUT4_I0_O)        0.100     5.423 f  u_accel/u_pool/g_fpu[7].u_fpu/prod2_reg_i_56/O
                         net (fo=1, unplaced)         0.186     5.609    u_accel/u_pool/g_fpu[7].u_fpu/prod2_reg_i_56_n_0
                         LUT5 (Prop_LUT5_I0_O)        0.038     5.647 f  u_accel/u_pool/g_fpu[7].u_fpu/prod2_reg_i_42/O
                         net (fo=97, unplaced)        0.271     5.918    u_accel/u_pool/g_fpu[7].u_fpu/prod2_reg_i_42_n_0
                         LUT2 (Prop_LUT2_I1_O)        0.038     5.956 r  u_accel/u_pool/g_fpu[7].u_fpu/prod3_reg_i_7/O
                         net (fo=22, unplaced)        0.237     6.193    u_accel/u_pool/g_fpu[7].u_fpu/prod3_reg_i_7_n_0
                         LUT4 (Prop_LUT4_I3_O)        0.070     6.263 r  u_accel/u_pool/g_fpu[7].u_fpu/e_reg[4][add_ebig][7]_srl4_i_18/O
                         net (fo=1, unplaced)         0.260     6.523    u_accel/u_pool/g_fpu[7].u_fpu/e_reg[4][add_ebig][7]_srl4_i_18_n_0
                         CARRY8 (Prop_CARRY8_DI[0]_CO[3])
                                                      0.182     6.705 r  u_accel/u_pool/g_fpu[7].u_fpu/e_reg[4][add_ebig][7]_srl4_i_13/CO[3]
                         net (fo=1, unplaced)         0.091     6.796    u_accel/u_pool/g_fpu[7].u_fpu/p_112_in
                         LUT6 (Prop_LUT6_I3_O)        0.038     6.834 f  u_accel/u_pool/g_fpu[7].u_fpu/e_reg[4][add_ebig][7]_srl4_i_4/O
                         net (fo=1, unplaced)         0.186     7.020    u_accel/u_pool/g_fpu[7].u_fpu/e_reg[4][add_ebig][7]_srl4_i_4_n_0
                         LUT6 (Prop_LUT6_I1_O)        0.038     7.058 r  u_accel/u_pool/g_fpu[7].u_fpu/e_reg[4][add_ebig][7]_srl4_i_2/O
                         net (fo=104, unplaced)       0.272     7.330    u_accel/u_pool/g_fpu[7].u_fpu/e_reg[4][add_ebig][7]_srl4_i_2_n_0
                         LUT5 (Prop_LUT5_I3_O)        0.038     7.368 r  u_accel/u_pool/g_fpu[7].u_fpu/e_reg[4][add_mag][50]_srl4_i_16/O
                         net (fo=3, unplaced)         0.192     7.560    u_accel/u_pool/g_fpu[7].u_fpu/e_reg[4][add_mag][50]_srl4_i_16_n_0
                         LUT6 (Prop_LUT6_I0_O)        0.038     7.598 r  u_accel/u_pool/g_fpu[7].u_fpu/e_reg[4][add_mag][31]_srl4_i_44/O
                         net (fo=3, unplaced)         0.192     7.790    u_accel/u_pool/g_fpu[7].u_fpu/e_reg[4][add_mag][31]_srl4_i_44_n_0
                         LUT5 (Prop_LUT5_I4_O)        0.038     7.828 f  u_accel/u_pool/g_fpu[7].u_fpu/e_reg[4][add_mag][31]_srl4_i_22/O
                         net (fo=104, unplaced)       0.272     8.100    u_accel/u_pool/g_fpu[7].u_fpu/e_reg[4][add_mag][31]_srl4_i_22_n_0
                         LUT3 (Prop_LUT3_I2_O)        0.038     8.138 r  u_accel/u_pool/g_fpu[7].u_fpu/e_reg[4][add_mag][7]_srl4_i_13/O
                         net (fo=17, unplaced)        0.231     8.369    u_accel/u_pool/g_fpu[7].u_fpu/e_reg[4][add_mag][7]_srl4_i_13_n_0
                         LUT4 (Prop_LUT4_I0_O)        0.070     8.439 r  u_accel/u_pool/g_fpu[7].u_fpu/e_reg[4][add_mag][7]_srl4_i_89/O
                         net (fo=1, unplaced)         0.260     8.699    u_accel/u_pool/g_fpu[7].u_fpu/e_reg[4][add_mag][7]_srl4_i_89_n_0
                         CARRY8 (Prop_CARRY8_DI[0]_CO[7])
                                                      0.140     8.839 r  u_accel/u_pool/g_fpu[7].u_fpu/e_reg[4][add_mag][7]_srl4_i_36/CO[7]
                         net (fo=1, unplaced)         0.005     8.844    u_accel/u_pool/g_fpu[7].u_fpu/e_reg[4][add_mag][7]_srl4_i_36_n_0
                         CARRY8 (Prop_CARRY8_CI_O[4])
                                                      0.086     8.930 r  u_accel/u_pool/g_fpu[7].u_fpu/e_reg[4][add_mag][7]_srl4_i_31/O[4]
                         net (fo=1, unplaced)         0.184     9.114    u_accel/u_pool/g_fpu[7].u_fpu/e_reg[4][add_mag][7]_srl4_i_31_n_11
                         LUT6 (Prop_LUT6_I0_O)        0.038     9.152 r  u_accel/u_pool/g_fpu[7].u_fpu/e_reg[4][add_mag][7]_srl4_i_35/O
                         net (fo=1, unplaced)         0.137     9.289    u_accel/u_pool/g_fpu[7].u_fpu/e_reg[4][add_mag][7]_srl4_i_35_n_0
                         LUT6 (Prop_LUT6_I0_O)        0.053     9.342 r  u_accel/u_pool/g_fpu[7].u_fpu/e_reg[4][add_mag][7]_srl4_i_22/O
                         net (fo=1, unplaced)         0.186     9.528    u_accel/u_pool/g_fpu[7].u_fpu/e_reg[4][add_mag][7]_srl4_i_22_n_0
                         LUT6 (Prop_LUT6_I2_O)        0.038     9.566 r  u_accel/u_pool/g_fpu[7].u_fpu/e_reg[4][add_mag][7]_srl4_i_18/O
                         net (fo=1, unplaced)         0.186     9.752    u_accel/u_pool/g_fpu[7].u_fpu/e_reg[4][add_mag][7]_srl4_i_18_n_0
                         LUT6 (Prop_LUT6_I4_O)        0.038     9.790 r  u_accel/u_pool/g_fpu[7].u_fpu/e_reg[4][add_mag][7]_srl4_i_15/O
                         net (fo=1, unplaced)         0.186     9.976    u_accel/u_pool/g_fpu[7].u_fpu/e_reg[4][add_mag][7]_srl4_i_15_n_0
                         LUT5 (Prop_LUT5_I4_O)        0.038    10.014 r  u_accel/u_pool/g_fpu[7].u_fpu/e_reg[4][add_mag][7]_srl4_i_10/O
                         net (fo=1, unplaced)         0.020    10.034    u_accel/u_pool/g_fpu[7].u_fpu/e_reg[4][add_mag][7]_srl4_i_10_n_0
                         CARRY8 (Prop_CARRY8_S[0]_CO[7])
                                                      0.199    10.233 r  u_accel/u_pool/g_fpu[7].u_fpu/e_reg[4][add_mag][7]_srl4_i_1/CO[7]
                         net (fo=1, unplaced)         0.005    10.238    u_accel/u_pool/g_fpu[7].u_fpu/e_reg[4][add_mag][7]_srl4_i_1_n_0
                         CARRY8 (Prop_CARRY8_CI_CO[7])
                                                      0.022    10.260 r  u_accel/u_pool/g_fpu[7].u_fpu/e_reg[4][add_mag][15]_srl4_i_1/CO[7]
                         net (fo=1, unplaced)         0.005    10.265    u_accel/u_pool/g_fpu[7].u_fpu/e_reg[4][add_mag][15]_srl4_i_1_n_0
                         CARRY8 (Prop_CARRY8_CI_CO[7])
                                                      0.022    10.287 r  u_accel/u_pool/g_fpu[7].u_fpu/e_reg[4][add_mag][23]_srl4_i_1/CO[7]
                         net (fo=1, unplaced)         0.005    10.292    u_accel/u_pool/g_fpu[7].u_fpu/e_reg[4][add_mag][23]_srl4_i_1_n_0
                         CARRY8 (Prop_CARRY8_CI_O[2])
                                                      0.067    10.359 f  u_accel/u_pool/g_fpu[7].u_fpu/e_reg[4][add_mag][31]_srl4_i_1/O[2]
                         net (fo=2, unplaced)         0.188    10.547    u_accel/u_pool/g_fpu[7].u_fpu/e_reg[4][add_mag][31]_srl4_i_1_n_13
                         LUT4 (Prop_LUT4_I2_O)        0.090    10.637 f  u_accel/u_pool/g_fpu[7].u_fpu/e_reg[4][add_spec]_srl4_i_14/O
                         net (fo=1, unplaced)         0.186    10.823    u_accel/u_pool/g_fpu[7].u_fpu/e_reg[4][add_spec]_srl4_i_14_n_0
                         LUT5 (Prop_LUT5_I4_O)        0.038    10.861 f  u_accel/u_pool/g_fpu[7].u_fpu/e_reg[4][add_spec]_srl4_i_12/O
                         net (fo=1, unplaced)         0.186    11.047    u_accel/u_pool/g_fpu[7].u_fpu/e_reg[4][add_spec]_srl4_i_12_n_0
                         LUT6 (Prop_LUT6_I5_O)        0.038    11.085 f  u_accel/u_pool/g_fpu[7].u_fpu/e_reg[4][add_spec]_srl4_i_7/O
                         net (fo=1, unplaced)         0.186    11.271    u_accel/u_pool/g_fpu[7].u_fpu/e_reg[4][add_spec]_srl4_i_7_n_0
                         LUT6 (Prop_LUT6_I5_O)        0.038    11.309 r  u_accel/u_pool/g_fpu[7].u_fpu/e_reg[4][add_spec]_srl4_i_3/O
                         net (fo=1, unplaced)         0.186    11.495    u_accel/u_pool/g_fpu[7].u_fpu/e_reg[4][add_spec]_srl4_i_3_n_0
                         LUT3 (Prop_LUT3_I2_O)        0.038    11.533 r  u_accel/u_pool/g_fpu[7].u_fpu/e_reg[4][add_spec]_srl4_i_1/O
                         net (fo=1, unplaced)         0.228    11.761    u_accel/u_pool/g_fpu[7].u_fpu/e_reg[4][add_spec]_srl4_i_1_n_0
                         SRL16E                                       r  u_accel/u_pool/g_fpu[7].u_fpu/e_reg[4][add_spec]_srl4/D
  -------------------------------------------------------------------    -------------------

                         (clock clk rise edge)       10.000    10.000 r  
                                                      0.000    10.000 r  clk (IN)
                         net (fo=0)                   0.000    10.000    clk_IBUF_inst/I
                         INBUF (Prop_INBUF_PAD_O)     0.331    10.331 r  clk_IBUF_inst/INBUF_INST/O
                         net (fo=1, unplaced)         0.000    10.331    clk_IBUF_inst/OUT
                         IBUFCTRL (Prop_IBUFCTRL_I_O)
                                                      0.000    10.331 r  clk_IBUF_inst/IBUFCTRL_INST/O
                         net (fo=1, unplaced)         0.133    10.464    clk_IBUF
                         BUFGCE (Prop_BUFGCE_I_O)     0.024    10.488 r  clk_IBUF_BUFG_inst/O
                         net (fo=26410, unplaced)     2.439    12.927    u_accel/u_pool/g_fpu[7].u_fpu/clk
                         SRL16E                                       r  u_accel/u_pool/g_fpu[7].u_fpu/e_reg[4][add_spec]_srl4/CLK
                         clock pessimism              0.283    13.210    
                         clock uncertainty           -0.035    13.175    
                         SRL16E (Setup_SRL16E_CLK_D)
                                                     -0.060    13.115    u_accel/u_pool/g_fpu[7].u_fpu/e_reg[4][add_spec]_srl4
  -------------------------------------------------------------------
                         required time                         13.115    
                         arrival time                         -11.761    
  -------------------------------------------------------------------
                         slack                                  1.354    

Slack (MET) :             2.325ns  (required time - arrival time)
  Source:                 u_accel/u_pool/q_frv1_reg[0][29]/C
                            (rising edge-triggered cell FDRE clocked by clk  {rise@0.000ns fall@5.000ns period=10.000ns})
  Destination:            u_accel/u_pool/g_fpu[0].u_fpu/e_reg[4][add_mag][63]_srl4/D
                            (rising edge-triggered cell SRL16E clocked by clk  {rise@0.000ns fall@5.000ns period=10.000ns})
  Path Group:             clk
  Path Type:              Setup (Max at Slow Process Corner)
  Requirement:            10.000ns  (clk rise@10.000ns - clk rise@0.000ns)
  Data Path Delay:        7.435ns  (logic 1.969ns (26.483%)  route 5.466ns (73.517%))
  Logic Levels:           34  (CARRY8=10 LUT1=1 LUT2=1 LUT3=1 LUT4=5 LUT5=7 LUT6=9)
  Clock Path Skew:        -0.145ns (DCD - SCD + CPR)
    Destination Clock Delay (DCD):    2.927ns = ( 12.927 - 10.000 ) 
    Source Clock Delay      (SCD):    3.355ns
    Clock Pessimism Removal (CPR):    0.283ns
  Clock Uncertainty:      0.035ns  ((TSJ^2 + TIJ^2)^1/2 + DJ) / 2 + PE
    Total System Jitter     (TSJ):    0.071ns
    Total Input Jitter      (TIJ):    0.000ns
    Discrete Jitter          (DJ):    0.000ns
    Phase Error              (PE):    0.000ns

    Location             Delay type                Incr(ns)  Path(ns)    Netlist Resource(s)
  -------------------------------------------------------------------    -------------------
                         (clock clk rise edge)        0.000     0.000 r  
                                                      0.000     0.000 r  clk (IN)
                         net (fo=0)                   0.000     0.000    clk_IBUF_inst/I
                         INBUF (Prop_INBUF_PAD_O)     0.582     0.582 r  clk_IBUF_inst/INBUF_INST/O
                         net (fo=1, unplaced)         0.000     0.582    clk_IBUF_inst/OUT
                         IBUFCTRL (Prop_IBUFCTRL_I_O)
                                                      0.000     0.582 r  clk_IBUF_inst/IBUFCTRL_INST/O
                         net (fo=1, unplaced)         0.161     0.743    clk_IBUF
                         BUFGCE (Prop_BUFGCE_I_O)     0.028     0.771 r  clk_IBUF_BUFG_inst/O
                         net (fo=26410, unplaced)     2.584     3.355    u_accel/u_pool/clk
                         FDRE                                         r  u_accel/u_pool/q_frv1_reg[0][29]/C
  -------------------------------------------------------------------    -------------------
                         FDRE (Prop_FDRE_C_Q)         0.077     3.432 f  u_accel/u_pool/q_frv1_reg[0][29]/Q
                         net (fo=5, unplaced)         0.110     3.542    u_accel/u_pool/g_fpu[0].u_fpu/a[29]
                         LUT4 (Prop_LUT4_I0_O)        0.100     3.642 r  u_accel/u_pool/g_fpu[0].u_fpu/e_reg[4][sgnj_h][14]_srl4_i_2/O
                         net (fo=3, unplaced)         0.192     3.834    u_accel/u_pool/g_fpu[0].u_fpu/e_reg[4][sgnj_h][14]_srl4_i_2_n_0
                         LUT5 (Prop_LUT5_I0_O)        0.038     3.872 r  u_accel/u_pool/g_fpu[0].u_fpu/e_reg[4][sgnj_h][13]_srl4_i_5/O
                         net (fo=1, unplaced)         0.186     4.058    u_accel/u_pool/g_fpu[0].u_fpu/e_reg[4][sgnj_h][13]_srl4_i_5_n_0
                         LUT4 (Prop_LUT4_I0_O)        0.038     4.096 r  u_accel/u_pool/g_fpu[0].u_fpu/e_reg[4][sgnj_h][13]_srl4_i_3/O
                         net (fo=5, unplaced)         0.204     4.300    u_accel/u_pool/g_fpu[0].u_fpu/e_reg[4][sgnj_h][13]_srl4_i_3_n_0
                         LUT6 (Prop_LUT6_I5_O)        0.038     4.338 r  u_accel/u_pool/g_fpu[0].u_fpu/e_reg[4][sgnj_h][10]_srl4_i_1/O
                         net (fo=5, unplaced)         0.204     4.542    u_accel/u_pool/g_fpu[0].u_fpu/p_0_in[0]
                         LUT5 (Prop_LUT5_I2_O)        0.038     4.580 f  u_accel/u_pool/g_fpu[0].u_fpu/e_reg[4][opa][26]_srl4_i_2/O
                         net (fo=6, unplaced)         0.208     4.788    u_accel/u_pool/g_fpu[0].u_fpu/e_reg[4][opa][26]_srl4_i_2_n_0
                         LUT5 (Prop_LUT5_I4_O)        0.038     4.826 f  u_accel/u_pool/g_fpu[0].u_fpu/e_reg[4][opa][26]_srl4_i_3/O
                         net (fo=25, unplaced)        0.240     5.066    u_accel/u_pool/g_fpu[0].u_fpu/e_reg[4][opa][26]_srl4_i_3_n_0
                         LUT6 (Prop_LUT6_I3_O)        0.038     5.104 f  u_accel/u_pool/g_fpu[0].u_fpu/e[1][minmax][24]_i_2/O
                         net (fo=73, unplaced)        0.219     5.323    u_accel/u_pool/g_fpu[0].u_fpu/e[1][minmax][24]_i_2_n_0
                         LUT4 (Prop_LUT4_I0_O)        0.100     5.423 f  u_accel/u_pool/g_fpu[0].u_fpu/prod2_reg_i_56/O
                         net (fo=1, unplaced)         0.186     5.609    u_accel/u_pool/g_fpu[0].u_fpu/prod2_reg_i_56_n_0
                         LUT5 (Prop_LUT5_I0_O)        0.038     5.647 f  u_accel/u_pool/g_fpu[0].u_fpu/prod2_reg_i_42/O
                         net (fo=97, unplaced)        0.271     5.918    u_accel/u_pool/g_fpu[0].u_fpu/prod2_reg_i_42_n_0
                         LUT2 (Prop_LUT2_I1_O)        0.038     5.956 r  u_accel/u_pool/g_fpu[0].u_fpu/prod3_reg_i_7/O
                         net (fo=22, unplaced)        0.237     6.193    u_accel/u_pool/g_fpu[0].u_fpu/prod3_reg_i_7_n_0
                         LUT4 (Prop_LUT4_I3_O)        0.070     6.263 r  u_accel/u_pool/g_fpu[0].u_fpu/e_reg[4][add_ebig][7]_srl4_i_18/O
                         net (fo=1, unplaced)         0.260     6.523    u_accel/u_pool/g_fpu[0].u_fpu/e_reg[4][add_ebig][7]_srl4_i_18_n_0
                         CARRY8 (Prop_CARRY8_DI[0]_CO[3])
                                                      0.182     6.705 r  u_accel/u_pool/g_fpu[0].u_fpu/e_reg[4][add_ebig][7]_srl4_i_13/CO[3]
                         net (fo=1, unplaced)         0.091     6.796    u_accel/u_pool/g_fpu[0].u_fpu/p_112_in
                         LUT6 (Prop_LUT6_I3_O)        0.038     6.834 f  u_accel/u_pool/g_fpu[0].u_fpu/e_reg[4][add_ebig][7]_srl4_i_4/O
                         net (fo=1, unplaced)         0.186     7.020    u_accel/u_pool/g_fpu[0].u_fpu/e_reg[4][add_ebig][7]_srl4_i_4_n_0
                         LUT6 (Prop_LUT6_I1_O)        0.038     7.058 r  u_accel/u_pool/g_fpu[0].u_fpu/e_reg[4][add_ebig][7]_srl4_i_2/O
                         net (fo=104, unplaced)       0.272     7.330    u_accel/u_pool/g_fpu[0].u_fpu/e_reg[4][add_ebig][7]_srl4_i_2_n_0
                         LUT5 (Prop_LUT5_I3_O)        0.038     7.368 r  u_accel/u_pool/g_fpu[0].u_fpu/e_reg[4][add_mag][50]_srl4_i_16/O
                         net (fo=3, unplaced)         0.192     7.560    u_accel/u_pool/g_fpu[0].u_fpu/e_reg[4][add_mag][50]_srl4_i_16_n_0
                         LUT6 (Prop_LUT6_I0_O)        0.038     7.598 r  u_accel/u_pool/g_fpu[0].u_fpu/e_reg[4][add_mag][31]_srl4_i_44/O
                         net (fo=3, unplaced)         0.192     7.790    u_accel/u_pool/g_fpu[0].u_fpu/e_reg[4][add_mag][31]_srl4_i_44_n_0
                         LUT5 (Prop_LUT5_I4_O)        0.038     7.828 f  u_accel/u_pool/g_fpu[0].u_fpu/e_reg[4][add_mag][31]_srl4_i_22/O
                         net (fo=104, unplaced)       0.272     8.100    u_accel/u_pool/g_fpu[0].u_fpu/e_reg[4][add_mag][31]_srl4_i_22_n_0
                         LUT3 (Prop_LUT3_I2_O)        0.038     8.138 r  u_accel/u_pool/g_fpu[0].u_fpu/e_reg[4][add_mag][7]_srl4_i_13/O
                         net (fo=17, unplaced)        0.231     8.369    u_accel/u_pool/g_fpu[0].u_fpu/e_reg[4][add_mag][7]_srl4_i_13_n_0
                         LUT4 (Prop_LUT4_I0_O)        0.070     8.439 r  u_accel/u_pool/g_fpu[0].u_fpu/e_reg[4][add_mag][7]_srl4_i_89/O
                         net (fo=1, unplaced)         0.260     8.699    u_accel/u_pool/g_fpu[0].u_fpu/e_reg[4][add_mag][7]_srl4_i_89_n_0
                         CARRY8 (Prop_CARRY8_DI[0]_CO[7])
                                                      0.140     8.839 r  u_accel/u_pool/g_fpu[0].u_fpu/e_reg[4][add_mag][7]_srl4_i_36/CO[7]
                         net (fo=1, unplaced)         0.005     8.844    u_accel/u_pool/g_fpu[0].u_fpu/e_reg[4][add_mag][7]_srl4_i_36_n_0
                         CARRY8 (Prop_CARRY8_CI_O[4])
                                                      0.086     8.930 r  u_accel/u_pool/g_fpu[0].u_fpu/e_reg[4][add_mag][7]_srl4_i_31/O[4]
                         net (fo=1, unplaced)         0.184     9.114    u_accel/u_pool/g_fpu[0].u_fpu/e_reg[4][add_mag][7]_srl4_i_31_n_11
                         LUT6 (Prop_LUT6_I0_O)        0.038     9.152 r  u_accel/u_pool/g_fpu[0].u_fpu/e_reg[4][add_mag][7]_srl4_i_35/O
                         net (fo=1, unplaced)         0.137     9.289    u_accel/u_pool/g_fpu[0].u_fpu/e_reg[4][add_mag][7]_srl4_i_35_n_0
                         LUT6 (Prop_LUT6_I0_O)        0.053     9.342 r  u_accel/u_pool/g_fpu[0].u_fpu/e_reg[4][add_mag][7]_srl4_i_22/O
                         net (fo=1, unplaced)         0.186     9.528    u_accel/u_pool/g_fpu[0].u_fpu/e_reg[4][add_mag][7]_srl4_i_22_n_0
                         LUT6 (Prop_LUT6_I2_O)        0.038     9.566 r  u_accel/u_pool/g_fpu[0].u_fpu/e_reg[4][add_mag][7]_srl4_i_18/O
                         net (fo=1, unplaced)         0.186     9.752    u_accel/u_pool/g_fpu[0].u_fpu/e_reg[4][add_mag][7]_srl4_i_18_n_0
                         LUT6 (Prop_LUT6_I4_O)        0.038     9.790 r  u_accel/u_pool/g_fpu[0].u_fpu/e_reg[4][add_mag][7]_srl4_i_15/O
                         net (fo=1, unplaced)         0.186     9.976    u_accel/u_pool/g_fpu[0].u_fpu/e_reg[4][add_mag][7]_srl4_i_15_n_0
                         LUT5 (Prop_LUT5_I4_O)        0.038    10.014 r  u_accel/u_pool/g_fpu[0].u_fpu/e_reg[4][add_mag][7]_srl4_i_10/O
                         net (fo=1, unplaced)         0.020    10.034    u_accel/u_pool/g_fpu[0].u_fpu/e_reg[4][add_mag][7]_srl4_i_10_n_0
                         CARRY8 (Prop_CARRY8_S[0]_CO[7])
                                                      0.199    10.233 f  u_accel/u_pool/g_fpu[0].u_fpu/e_reg[4][add_mag][7]_srl4_i_1/CO[7]
                         net (fo=1, unplaced)         0.005    10.238    u_accel/u_pool/g_fpu[0].u_fpu/e_reg[4][add_mag][7]_srl4_i_1_n_0
                         CARRY8 (Prop_CARRY8_CI_CO[7])
                                                      0.022    10.260 f  u_accel/u_pool/g_fpu[0].u_fpu/e_reg[4][add_mag][15]_srl4_i_1/CO[7]
                         net (fo=1, unplaced)         0.005    10.265    u_accel/u_pool/g_fpu[0].u_fpu/e_reg[4][add_mag][15]_srl4_i_1_n_0
                         CARRY8 (Prop_CARRY8_CI_CO[7])
                                                      0.022    10.287 f  u_accel/u_pool/g_fpu[0].u_fpu/e_reg[4][add_mag][23]_srl4_i_1/CO[7]
                         net (fo=1, unplaced)         0.005    10.292    u_accel/u_pool/g_fpu[0].u_fpu/e_reg[4][add_mag][23]_srl4_i_1_n_0
                         CARRY8 (Prop_CARRY8_CI_CO[7])
                                                      0.022    10.314 f  u_accel/u_pool/g_fpu[0].u_fpu/e_reg[4][add_mag][31]_srl4_i_1/CO[7]
                         net (fo=1, unplaced)         0.005    10.319    u_accel/u_pool/g_fpu[0].u_fpu/e_reg[4][add_mag][31]_srl4_i_1_n_0
                         CARRY8 (Prop_CARRY8_CI_CO[7])
                                                      0.022    10.341 f  u_accel/u_pool/g_fpu[0].u_fpu/e_reg[4][add_mag][39]_srl4_i_1/CO[7]
                         net (fo=1, unplaced)         0.005    10.346    u_accel/u_pool/g_fpu[0].u_fpu/e_reg[4][add_mag][39]_srl4_i_1_n_0
                         CARRY8 (Prop_CARRY8_CI_CO[7])
                                                      0.022    10.368 f  u_accel/u_pool/g_fpu[0].u_fpu/e_reg[4][add_mag][47]_srl4_i_1/CO[7]
                         net (fo=1, unplaced)         0.005    10.373    u_accel/u_pool/g_fpu[0].u_fpu/e_reg[4][add_mag][47]_srl4_i_1_n_0
                         CARRY8 (Prop_CARRY8_CI_CO[3])
                                                      0.060    10.433 f  u_accel/u_pool/g_fpu[0].u_fpu/e_reg[4][add_mag][50]_srl4_i_1/CO[3]
                         net (fo=2, unplaced)         0.091    10.524    u_accel/u_pool/g_fpu[0].u_fpu/e_reg[4][add_mag][50]_srl4_i_1_n_4
                         LUT1 (Prop_LUT1_I0_O)        0.038    10.562 r  u_accel/u_pool/g_fpu[0].u_fpu/e_reg[4][add_mag][63]_srl4_i_1/O
                         net (fo=1, unplaced)         0.228    10.790    u_accel/u_pool/g_fpu[0].u_fpu/e_reg[4][add_mag][63]_srl4_i_1_n_0
                         SRL16E                                       r  u_accel/u_pool/g_fpu[0].u_fpu/e_reg[4][add_mag][63]_srl4/D
  -------------------------------------------------------------------    -------------------

                         (clock clk rise edge)       10.000    10.000 r  
                                                      0.000    10.000 r  clk (IN)
                         net (fo=0)                   0.000    10.000    clk_IBUF_inst/I
                         INBUF (Prop_INBUF_PAD_O)     0.331    10.331 r  clk_IBUF_inst/INBUF_INST/O
                         net (fo=1, unplaced)         0.000    10.331    clk_IBUF_inst/OUT
                         IBUFCTRL (Prop_IBUFCTRL_I_O)
                                                      0.000    10.331 r  clk_IBUF_inst/IBUFCTRL_INST/O
                         net (fo=1, unplaced)         0.133    10.464    clk_IBUF
                         BUFGCE (Prop_BUFGCE_I_O)     0.024    10.488 r  clk_IBUF_BUFG_inst/O
                         net (fo=26410, unplaced)     2.439    12.927    u_accel/u_pool/g_fpu[0].u_fpu/clk
                         SRL16E                                       r  u_accel/u_pool/g_fpu[0].u_fpu/e_reg[4][add_mag][63]_srl4/CLK
                         clock pessimism              0.283    13.210    
                         clock uncertainty           -0.035    13.175    
                         SRL16E (Setup_SRL16E_CLK_D)
                                                     -0.060    13.115    u_accel/u_pool/g_fpu[0].u_fpu/e_reg[4][add_mag][63]_srl4
  -------------------------------------------------------------------
                         required time                         13.115    
                         arrival time                         -10.790    
  -------------------------------------------------------------------
                         slack                                  2.325    

Slack (MET) :             2.325ns  (required time - arrival time)
  Source:                 u_accel/u_pool/q_frv1_reg[1][29]/C
                            (rising edge-triggered cell FDRE clocked by clk  {rise@0.000ns fall@5.000ns period=10.000ns})
  Destination:            u_accel/u_pool/g_fpu[1].u_fpu/e_reg[4][add_mag][63]_srl4/D
                            (rising edge-triggered cell SRL16E clocked by clk  {rise@0.000ns fall@5.000ns period=10.000ns})
  Path Group:             clk
  Path Type:              Setup (Max at Slow Process Corner)
  Requirement:            10.000ns  (clk rise@10.000ns - clk rise@0.000ns)
  Data Path Delay:        7.435ns  (logic 1.969ns (26.483%)  route 5.466ns (73.517%))
  Logic Levels:           34  (CARRY8=10 LUT1=1 LUT2=1 LUT3=1 LUT4=5 LUT5=7 LUT6=9)
  Clock Path Skew:        -0.145ns (DCD - SCD + CPR)
    Destination Clock Delay (DCD):    2.927ns = ( 12.927 - 10.000 ) 
    Source Clock Delay      (SCD):    3.355ns
    Clock Pessimism Removal (CPR):    0.283ns
  Clock Uncertainty:      0.035ns  ((TSJ^2 + TIJ^2)^1/2 + DJ) / 2 + PE
    Total System Jitter     (TSJ):    0.071ns
    Total Input Jitter      (TIJ):    0.000ns
    Discrete Jitter          (DJ):    0.000ns
    Phase Error              (PE):    0.000ns

    Location             Delay type                Incr(ns)  Path(ns)    Netlist Resource(s)
  -------------------------------------------------------------------    -------------------
                         (clock clk rise edge)        0.000     0.000 r  
                                                      0.000     0.000 r  clk (IN)
                         net (fo=0)                   0.000     0.000    clk_IBUF_inst/I
                         INBUF (Prop_INBUF_PAD_O)     0.582     0.582 r  clk_IBUF_inst/INBUF_INST/O
                         net (fo=1, unplaced)         0.000     0.582    clk_IBUF_inst/OUT
                         IBUFCTRL (Prop_IBUFCTRL_I_O)
                                                      0.000     0.582 r  clk_IBUF_inst/IBUFCTRL_INST/O
                         net (fo=1, unplaced)         0.161     0.743    clk_IBUF
                         BUFGCE (Prop_BUFGCE_I_O)     0.028     0.771 r  clk_IBUF_BUFG_inst/O
                         net (fo=26410, unplaced)     2.584     3.355    u_accel/u_pool/clk
                         FDRE                                         r  u_accel/u_pool/q_frv1_reg[1][29]/C
  -------------------------------------------------------------------    -------------------
                         FDRE (Prop_FDRE_C_Q)         0.077     3.432 f  u_accel/u_pool/q_frv1_reg[1][29]/Q
                         net (fo=5, unplaced)         0.110     3.542    u_accel/u_pool/g_fpu[1].u_fpu/a[29]
                         LUT4 (Prop_LUT4_I0_O)        0.100     3.642 r  u_accel/u_pool/g_fpu[1].u_fpu/e_reg[4][sgnj_h][14]_srl4_i_2/O
                         net (fo=3, unplaced)         0.192     3.834    u_accel/u_pool/g_fpu[1].u_fpu/e_reg[4][sgnj_h][14]_srl4_i_2_n_0
                         LUT5 (Prop_LUT5_I0_O)        0.038     3.872 r  u_accel/u_pool/g_fpu[1].u_fpu/e_reg[4][sgnj_h][13]_srl4_i_5/O
                         net (fo=1, unplaced)         0.186     4.058    u_accel/u_pool/g_fpu[1].u_fpu/e_reg[4][sgnj_h][13]_srl4_i_5_n_0
                         LUT4 (Prop_LUT4_I0_O)        0.038     4.096 r  u_accel/u_pool/g_fpu[1].u_fpu/e_reg[4][sgnj_h][13]_srl4_i_3/O
                         net (fo=5, unplaced)         0.204     4.300    u_accel/u_pool/g_fpu[1].u_fpu/e_reg[4][sgnj_h][13]_srl4_i_3_n_0
                         LUT6 (Prop_LUT6_I5_O)        0.038     4.338 r  u_accel/u_pool/g_fpu[1].u_fpu/e_reg[4][sgnj_h][10]_srl4_i_1/O
                         net (fo=5, unplaced)         0.204     4.542    u_accel/u_pool/g_fpu[1].u_fpu/p_0_in[0]
                         LUT5 (Prop_LUT5_I2_O)        0.038     4.580 f  u_accel/u_pool/g_fpu[1].u_fpu/e_reg[4][opa][26]_srl4_i_2/O
                         net (fo=6, unplaced)         0.208     4.788    u_accel/u_pool/g_fpu[1].u_fpu/e_reg[4][opa][26]_srl4_i_2_n_0
                         LUT5 (Prop_LUT5_I4_O)        0.038     4.826 f  u_accel/u_pool/g_fpu[1].u_fpu/e_reg[4][opa][26]_srl4_i_3/O
                         net (fo=25, unplaced)        0.240     5.066    u_accel/u_pool/g_fpu[1].u_fpu/e_reg[4][opa][26]_srl4_i_3_n_0
                         LUT6 (Prop_LUT6_I3_O)        0.038     5.104 f  u_accel/u_pool/g_fpu[1].u_fpu/e[1][minmax][24]_i_2/O
                         net (fo=73, unplaced)        0.219     5.323    u_accel/u_pool/g_fpu[1].u_fpu/e[1][minmax][24]_i_2_n_0
                         LUT4 (Prop_LUT4_I0_O)        0.100     5.423 f  u_accel/u_pool/g_fpu[1].u_fpu/prod2_reg_i_56/O
                         net (fo=1, unplaced)         0.186     5.609    u_accel/u_pool/g_fpu[1].u_fpu/prod2_reg_i_56_n_0
                         LUT5 (Prop_LUT5_I0_O)        0.038     5.647 f  u_accel/u_pool/g_fpu[1].u_fpu/prod2_reg_i_42/O
                         net (fo=97, unplaced)        0.271     5.918    u_accel/u_pool/g_fpu[1].u_fpu/prod2_reg_i_42_n_0
                         LUT2 (Prop_LUT2_I1_O)        0.038     5.956 r  u_accel/u_pool/g_fpu[1].u_fpu/prod3_reg_i_7/O
                         net (fo=22, unplaced)        0.237     6.193    u_accel/u_pool/g_fpu[1].u_fpu/prod3_reg_i_7_n_0
                         LUT4 (Prop_LUT4_I3_O)        0.070     6.263 r  u_accel/u_pool/g_fpu[1].u_fpu/e_reg[4][add_ebig][7]_srl4_i_18/O
                         net (fo=1, unplaced)         0.260     6.523    u_accel/u_pool/g_fpu[1].u_fpu/e_reg[4][add_ebig][7]_srl4_i_18_n_0
                         CARRY8 (Prop_CARRY8_DI[0]_CO[3])
                                                      0.182     6.705 r  u_accel/u_pool/g_fpu[1].u_fpu/e_reg[4][add_ebig][7]_srl4_i_13/CO[3]
                         net (fo=1, unplaced)         0.091     6.796    u_accel/u_pool/g_fpu[1].u_fpu/p_112_in
                         LUT6 (Prop_LUT6_I3_O)        0.038     6.834 f  u_accel/u_pool/g_fpu[1].u_fpu/e_reg[4][add_ebig][7]_srl4_i_4/O
                         net (fo=1, unplaced)         0.186     7.020    u_accel/u_pool/g_fpu[1].u_fpu/e_reg[4][add_ebig][7]_srl4_i_4_n_0
                         LUT6 (Prop_LUT6_I1_O)        0.038     7.058 r  u_accel/u_pool/g_fpu[1].u_fpu/e_reg[4][add_ebig][7]_srl4_i_2/O
                         net (fo=104, unplaced)       0.272     7.330    u_accel/u_pool/g_fpu[1].u_fpu/e_reg[4][add_ebig][7]_srl4_i_2_n_0
                         LUT5 (Prop_LUT5_I3_O)        0.038     7.368 r  u_accel/u_pool/g_fpu[1].u_fpu/e_reg[4][add_mag][50]_srl4_i_16/O
                         net (fo=3, unplaced)         0.192     7.560    u_accel/u_pool/g_fpu[1].u_fpu/e_reg[4][add_mag][50]_srl4_i_16_n_0
                         LUT6 (Prop_LUT6_I0_O)        0.038     7.598 r  u_accel/u_pool/g_fpu[1].u_fpu/e_reg[4][add_mag][31]_srl4_i_44/O
                         net (fo=3, unplaced)         0.192     7.790    u_accel/u_pool/g_fpu[1].u_fpu/e_reg[4][add_mag][31]_srl4_i_44_n_0
                         LUT5 (Prop_LUT5_I4_O)        0.038     7.828 f  u_accel/u_pool/g_fpu[1].u_fpu/e_reg[4][add_mag][31]_srl4_i_22/O
                         net (fo=104, unplaced)       0.272     8.100    u_accel/u_pool/g_fpu[1].u_fpu/e_reg[4][add_mag][31]_srl4_i_22_n_0
                         LUT3 (Prop_LUT3_I2_O)        0.038     8.138 r  u_accel/u_pool/g_fpu[1].u_fpu/e_reg[4][add_mag][7]_srl4_i_13/O
                         net (fo=17, unplaced)        0.231     8.369    u_accel/u_pool/g_fpu[1].u_fpu/e_reg[4][add_mag][7]_srl4_i_13_n_0
                         LUT4 (Prop_LUT4_I0_O)        0.070     8.439 r  u_accel/u_pool/g_fpu[1].u_fpu/e_reg[4][add_mag][7]_srl4_i_89/O
                         net (fo=1, unplaced)         0.260     8.699    u_accel/u_pool/g_fpu[1].u_fpu/e_reg[4][add_mag][7]_srl4_i_89_n_0
                         CARRY8 (Prop_CARRY8_DI[0]_CO[7])
                                                      0.140     8.839 r  u_accel/u_pool/g_fpu[1].u_fpu/e_reg[4][add_mag][7]_srl4_i_36/CO[7]
                         net (fo=1, unplaced)         0.005     8.844    u_accel/u_pool/g_fpu[1].u_fpu/e_reg[4][add_mag][7]_srl4_i_36_n_0
                         CARRY8 (Prop_CARRY8_CI_O[4])
                                                      0.086     8.930 r  u_accel/u_pool/g_fpu[1].u_fpu/e_reg[4][add_mag][7]_srl4_i_31/O[4]
                         net (fo=1, unplaced)         0.184     9.114    u_accel/u_pool/g_fpu[1].u_fpu/e_reg[4][add_mag][7]_srl4_i_31_n_11
                         LUT6 (Prop_LUT6_I0_O)        0.038     9.152 r  u_accel/u_pool/g_fpu[1].u_fpu/e_reg[4][add_mag][7]_srl4_i_35/O
                         net (fo=1, unplaced)         0.137     9.289    u_accel/u_pool/g_fpu[1].u_fpu/e_reg[4][add_mag][7]_srl4_i_35_n_0
                         LUT6 (Prop_LUT6_I0_O)        0.053     9.342 r  u_accel/u_pool/g_fpu[1].u_fpu/e_reg[4][add_mag][7]_srl4_i_22/O
                         net (fo=1, unplaced)         0.186     9.528    u_accel/u_pool/g_fpu[1].u_fpu/e_reg[4][add_mag][7]_srl4_i_22_n_0
                         LUT6 (Prop_LUT6_I2_O)        0.038     9.566 r  u_accel/u_pool/g_fpu[1].u_fpu/e_reg[4][add_mag][7]_srl4_i_18/O
                         net (fo=1, unplaced)         0.186     9.752    u_accel/u_pool/g_fpu[1].u_fpu/e_reg[4][add_mag][7]_srl4_i_18_n_0
                         LUT6 (Prop_LUT6_I4_O)        0.038     9.790 r  u_accel/u_pool/g_fpu[1].u_fpu/e_reg[4][add_mag][7]_srl4_i_15/O
                         net (fo=1, unplaced)         0.186     9.976    u_accel/u_pool/g_fpu[1].u_fpu/e_reg[4][add_mag][7]_srl4_i_15_n_0
                         LUT5 (Prop_LUT5_I4_O)        0.038    10.014 r  u_accel/u_pool/g_fpu[1].u_fpu/e_reg[4][add_mag][7]_srl4_i_10/O
                         net (fo=1, unplaced)         0.020    10.034    u_accel/u_pool/g_fpu[1].u_fpu/e_reg[4][add_mag][7]_srl4_i_10_n_0
                         CARRY8 (Prop_CARRY8_S[0]_CO[7])
                                                      0.199    10.233 f  u_accel/u_pool/g_fpu[1].u_fpu/e_reg[4][add_mag][7]_srl4_i_1/CO[7]
                         net (fo=1, unplaced)         0.005    10.238    u_accel/u_pool/g_fpu[1].u_fpu/e_reg[4][add_mag][7]_srl4_i_1_n_0
                         CARRY8 (Prop_CARRY8_CI_CO[7])
                                                      0.022    10.260 f  u_accel/u_pool/g_fpu[1].u_fpu/e_reg[4][add_mag][15]_srl4_i_1/CO[7]
                         net (fo=1, unplaced)         0.005    10.265    u_accel/u_pool/g_fpu[1].u_fpu/e_reg[4][add_mag][15]_srl4_i_1_n_0
                         CARRY8 (Prop_CARRY8_CI_CO[7])
                                                      0.022    10.287 f  u_accel/u_pool/g_fpu[1].u_fpu/e_reg[4][add_mag][23]_srl4_i_1/CO[7]
                         net (fo=1, unplaced)         0.005    10.292    u_accel/u_pool/g_fpu[1].u_fpu/e_reg[4][add_mag][23]_srl4_i_1_n_0
                         CARRY8 (Prop_CARRY8_CI_CO[7])
                                                      0.022    10.314 f  u_accel/u_pool/g_fpu[1].u_fpu/e_reg[4][add_mag][31]_srl4_i_1/CO[7]
                         net (fo=1, unplaced)         0.005    10.319    u_accel/u_pool/g_fpu[1].u_fpu/e_reg[4][add_mag][31]_srl4_i_1_n_0
                         CARRY8 (Prop_CARRY8_CI_CO[7])
                                                      0.022    10.341 f  u_accel/u_pool/g_fpu[1].u_fpu/e_reg[4][add_mag][39]_srl4_i_1/CO[7]
                         net (fo=1, unplaced)         0.005    10.346    u_accel/u_pool/g_fpu[1].u_fpu/e_reg[4][add_mag][39]_srl4_i_1_n_0
                         CARRY8 (Prop_CARRY8_CI_CO[7])
                                                      0.022    10.368 f  u_accel/u_pool/g_fpu[1].u_fpu/e_reg[4][add_mag][47]_srl4_i_1/CO[7]
                         net (fo=1, unplaced)         0.005    10.373    u_accel/u_pool/g_fpu[1].u_fpu/e_reg[4][add_mag][47]_srl4_i_1_n_0
                         CARRY8 (Prop_CARRY8_CI_CO[3])
                                                      0.060    10.433 f  u_accel/u_pool/g_fpu[1].u_fpu/e_reg[4][add_mag][50]_srl4_i_1/CO[3]
                         net (fo=2, unplaced)         0.091    10.524    u_accel/u_pool/g_fpu[1].u_fpu/e_reg[4][add_mag][50]_srl4_i_1_n_4
                         LUT1 (Prop_LUT1_I0_O)        0.038    10.562 r  u_accel/u_pool/g_fpu[1].u_fpu/e_reg[4][add_mag][63]_srl4_i_1/O
                         net (fo=1, unplaced)         0.228    10.790    u_accel/u_pool/g_fpu[1].u_fpu/e_reg[4][add_mag][63]_srl4_i_1_n_0
                         SRL16E                                       r  u_accel/u_pool/g_fpu[1].u_fpu/e_reg[4][add_mag][63]_srl4/D
  -------------------------------------------------------------------    -------------------

                         (clock clk rise edge)       10.000    10.000 r  
                                                      0.000    10.000 r  clk (IN)
                         net (fo=0)                   0.000    10.000    clk_IBUF_inst/I
                         INBUF (Prop_INBUF_PAD_O)     0.331    10.331 r  clk_IBUF_inst/INBUF_INST/O
                         net (fo=1, unplaced)         0.000    10.331    clk_IBUF_inst/OUT
                         IBUFCTRL (Prop_IBUFCTRL_I_O)
                                                      0.000    10.331 r  clk_IBUF_inst/IBUFCTRL_INST/O
                         net (fo=1, unplaced)         0.133    10.464    clk_IBUF
                         BUFGCE (Prop_BUFGCE_I_O)     0.024    10.488 r  clk_IBUF_BUFG_inst/O
                         net (fo=26410, unplaced)     2.439    12.927    u_accel/u_pool/g_fpu[1].u_fpu/clk
                         SRL16E                                       r  u_accel/u_pool/g_fpu[1].u_fpu/e_reg[4][add_mag][63]_srl4/CLK
                         clock pessimism              0.283    13.210    
                         clock uncertainty           -0.035    13.175    
                         SRL16E (Setup_SRL16E_CLK_D)
                                                     -0.060    13.115    u_accel/u_pool/g_fpu[1].u_fpu/e_reg[4][add_mag][63]_srl4
  -------------------------------------------------------------------
                         required time                         13.115    
                         arrival time                         -10.790    
  -------------------------------------------------------------------
                         slack                                  2.325    





Min Delay Paths
--------------------------------------------------------------------------------------
Slack (VIOLATED) :        -0.082ns  (arrival time - required time)
  Source:                 u_accel/cyc_count_reg[10]/C
                            (rising edge-triggered cell FDRE clocked by clk  {rise@0.000ns fall@5.000ns period=10.000ns})
  Destination:            u_accel/cycles_reg[10]/D
                            (rising edge-triggered cell FDRE clocked by clk  {rise@0.000ns fall@5.000ns period=10.000ns})
  Path Group:             clk
  Path Type:              Hold (Min at Fast Process Corner)
  Requirement:            0.000ns  (clk rise@0.000ns - clk rise@0.000ns)
  Data Path Delay:        0.109ns  (logic 0.056ns (51.376%)  route 0.053ns (48.624%))
  Logic Levels:           1  (CARRY8=1)
  Clock Path Skew:        0.145ns (DCD - SCD - CPR)
    Destination Clock Delay (DCD):    1.763ns
    Source Clock Delay      (SCD):    1.413ns
    Clock Pessimism Removal (CPR):    0.205ns

    Location             Delay type                Incr(ns)  Path(ns)    Netlist Resource(s)
  -------------------------------------------------------------------    -------------------
                         (clock clk rise edge)        0.000     0.000 r  
                                                      0.000     0.000 r  clk (IN)
                         net (fo=0)                   0.000     0.000    clk_IBUF_inst/I
                         INBUF (Prop_INBUF_PAD_O)     0.216     0.216 r  clk_IBUF_inst/INBUF_INST/O
                         net (fo=1, unplaced)         0.000     0.216    clk_IBUF_inst/OUT
                         IBUFCTRL (Prop_IBUFCTRL_I_O)
                                                      0.000     0.216 r  clk_IBUF_inst/IBUFCTRL_INST/O
                         net (fo=1, unplaced)         0.066     0.282    clk_IBUF
                         BUFGCE (Prop_BUFGCE_I_O)     0.017     0.299 r  clk_IBUF_BUFG_inst/O
                         net (fo=26410, unplaced)     1.114     1.413    u_accel/clk
                         FDRE                                         r  u_accel/cyc_count_reg[10]/C
  -------------------------------------------------------------------    -------------------
                         FDRE (Prop_FDRE_C_Q)         0.038     1.451 r  u_accel/cyc_count_reg[10]/Q
                         net (fo=1, unplaced)         0.046     1.497    u_accel/cyc_count_reg_n_0_[10]
                         CARRY8 (Prop_CARRY8_S[1]_O[1])
                                                      0.018     1.515 r  u_accel/cycles_reg[16]_i_1/O[1]
                         net (fo=2, unplaced)         0.007     1.522    u_accel/cycles_reg[16]_i_1_n_14
                         FDRE                                         r  u_accel/cycles_reg[10]/D
  -------------------------------------------------------------------    -------------------

                         (clock clk rise edge)        0.000     0.000 r  
                                                      0.000     0.000 r  clk (IN)
                         net (fo=0)                   0.000     0.000    clk_IBUF_inst/I
                         INBUF (Prop_INBUF_PAD_O)     0.402     0.402 r  clk_IBUF_inst/INBUF_INST/O
                         net (fo=1, unplaced)         0.000     0.402    clk_IBUF_inst/OUT
                         IBUFCTRL (Prop_IBUFCTRL_I_O)
                                                      0.000     0.402 r  clk_IBUF_inst/IBUFCTRL_INST/O
                         net (fo=1, unplaced)         0.083     0.485    clk_IBUF
                         BUFGCE (Prop_BUFGCE_I_O)     0.019     0.504 r  clk_IBUF_BUFG_inst/O
                         net (fo=26410, unplaced)     1.259     1.763    u_accel/clk
                         FDRE                                         r  u_accel/cycles_reg[10]/C
                         clock pessimism             -0.205     1.558    
                         FDRE (Hold_FDRE_C_D)         0.046     1.604    u_accel/cycles_reg[10]
  -------------------------------------------------------------------
                         required time                         -1.604    
                         arrival time                           1.522    
  -------------------------------------------------------------------
                         slack                                 -0.082    

Slack (VIOLATED) :        -0.082ns  (arrival time - required time)
  Source:                 u_accel/cyc_count_reg[18]/C
                            (rising edge-triggered cell FDRE clocked by clk  {rise@0.000ns fall@5.000ns period=10.000ns})
  Destination:            u_accel/cycles_reg[18]/D
                            (rising edge-triggered cell FDRE clocked by clk  {rise@0.000ns fall@5.000ns period=10.000ns})
  Path Group:             clk
  Path Type:              Hold (Min at Fast Process Corner)
  Requirement:            0.000ns  (clk rise@0.000ns - clk rise@0.000ns)
  Data Path Delay:        0.109ns  (logic 0.056ns (51.376%)  route 0.053ns (48.624%))
  Logic Levels:           1  (CARRY8=1)
  Clock Path Skew:        0.145ns (DCD - SCD - CPR)
    Destination Clock Delay (DCD):    1.763ns
    Source Clock Delay      (SCD):    1.413ns
    Clock Pessimism Removal (CPR):    0.205ns

    Location             Delay type                Incr(ns)  Path(ns)    Netlist Resource(s)
  -------------------------------------------------------------------    -------------------
                         (clock clk rise edge)        0.000     0.000 r  
                                                      0.000     0.000 r  clk (IN)
                         net (fo=0)                   0.000     0.000    clk_IBUF_inst/I
                         INBUF (Prop_INBUF_PAD_O)     0.216     0.216 r  clk_IBUF_inst/INBUF_INST/O
                         net (fo=1, unplaced)         0.000     0.216    clk_IBUF_inst/OUT
                         IBUFCTRL (Prop_IBUFCTRL_I_O)
                                                      0.000     0.216 r  clk_IBUF_inst/IBUFCTRL_INST/O
                         net (fo=1, unplaced)         0.066     0.282    clk_IBUF
                         BUFGCE (Prop_BUFGCE_I_O)     0.017     0.299 r  clk_IBUF_BUFG_inst/O
                         net (fo=26410, unplaced)     1.114     1.413    u_accel/clk
                         FDRE                                         r  u_accel/cyc_count_reg[18]/C
  -------------------------------------------------------------------    -------------------
                         FDRE (Prop_FDRE_C_Q)         0.038     1.451 r  u_accel/cyc_count_reg[18]/Q
                         net (fo=1, unplaced)         0.046     1.497    u_accel/cyc_count_reg_n_0_[18]
                         CARRY8 (Prop_CARRY8_S[1]_O[1])
                                                      0.018     1.515 r  u_accel/cycles_reg[24]_i_1/O[1]
                         net (fo=2, unplaced)         0.007     1.522    u_accel/cycles_reg[24]_i_1_n_14
                         FDRE                                         r  u_accel/cycles_reg[18]/D
  -------------------------------------------------------------------    -------------------

                         (clock clk rise edge)        0.000     0.000 r  
                                                      0.000     0.000 r  clk (IN)
                         net (fo=0)                   0.000     0.000    clk_IBUF_inst/I
                         INBUF (Prop_INBUF_PAD_O)     0.402     0.402 r  clk_IBUF_inst/INBUF_INST/O
                         net (fo=1, unplaced)         0.000     0.402    clk_IBUF_inst/OUT
                         IBUFCTRL (Prop_IBUFCTRL_I_O)
                                                      0.000     0.402 r  clk_IBUF_inst/IBUFCTRL_INST/O
                         net (fo=1, unplaced)         0.083     0.485    clk_IBUF
                         BUFGCE (Prop_BUFGCE_I_O)     0.019     0.504 r  clk_IBUF_BUFG_inst/O
                         net (fo=26410, unplaced)     1.259     1.763    u_accel/clk
                         FDRE                                         r  u_accel/cycles_reg[18]/C
                         clock pessimism             -0.205     1.558    
                         FDRE (Hold_FDRE_C_D)         0.046     1.604    u_accel/cycles_reg[18]
  -------------------------------------------------------------------
                         required time                         -1.604    
                         arrival time                           1.522    
  -------------------------------------------------------------------
                         slack                                 -0.082    

Slack (VIOLATED) :        -0.082ns  (arrival time - required time)
  Source:                 u_accel/cyc_count_reg[26]/C
                            (rising edge-triggered cell FDRE clocked by clk  {rise@0.000ns fall@5.000ns period=10.000ns})
  Destination:            u_accel/cycles_reg[26]/D
                            (rising edge-triggered cell FDRE clocked by clk  {rise@0.000ns fall@5.000ns period=10.000ns})
  Path Group:             clk
  Path Type:              Hold (Min at Fast Process Corner)
  Requirement:            0.000ns  (clk rise@0.000ns - clk rise@0.000ns)
  Data Path Delay:        0.109ns  (logic 0.056ns (51.376%)  route 0.053ns (48.624%))
  Logic Levels:           1  (CARRY8=1)
  Clock Path Skew:        0.145ns (DCD - SCD - CPR)
    Destination Clock Delay (DCD):    1.763ns
    Source Clock Delay      (SCD):    1.413ns
    Clock Pessimism Removal (CPR):    0.205ns

    Location             Delay type                Incr(ns)  Path(ns)    Netlist Resource(s)
  -------------------------------------------------------------------    -------------------
                         (clock clk rise edge)        0.000     0.000 r  
                                                      0.000     0.000 r  clk (IN)
                         net (fo=0)                   0.000     0.000    clk_IBUF_inst/I
                         INBUF (Prop_INBUF_PAD_O)     0.216     0.216 r  clk_IBUF_inst/INBUF_INST/O
                         net (fo=1, unplaced)         0.000     0.216    clk_IBUF_inst/OUT
                         IBUFCTRL (Prop_IBUFCTRL_I_O)
                                                      0.000     0.216 r  clk_IBUF_inst/IBUFCTRL_INST/O
                         net (fo=1, unplaced)         0.066     0.282    clk_IBUF
                         BUFGCE (Prop_BUFGCE_I_O)     0.017     0.299 r  clk_IBUF_BUFG_inst/O
                         net (fo=26410, unplaced)     1.114     1.413    u_accel/clk
                         FDRE                                         r  u_accel/cyc_count_reg[26]/C
  -------------------------------------------------------------------    -------------------
                         FDRE (Prop_FDRE_C_Q)         0.038     1.451 r  u_accel/cyc_count_reg[26]/Q
                         net (fo=1, unplaced)         0.046     1.497    u_accel/cyc_count_reg_n_0_[26]
                         CARRY8 (Prop_CARRY8_S[1]_O[1])
                                                      0.018     1.515 r  u_accel/cycles_reg[31]_i_2/O[1]
                         net (fo=2, unplaced)         0.007     1.522    u_accel/cycles_reg[31]_i_2_n_14
                         FDRE                                         r  u_accel/cycles_reg[26]/D
  -------------------------------------------------------------------    -------------------

                         (clock clk rise edge)        0.000     0.000 r  
                                                      0.000     0.000 r  clk (IN)
                         net (fo=0)                   0.000     0.000    clk_IBUF_inst/I
                         INBUF (Prop_INBUF_PAD_O)     0.402     0.402 r  clk_IBUF_inst/INBUF_INST/O
                         net (fo=1, unplaced)         0.000     0.402    clk_IBUF_inst/OUT
                         IBUFCTRL (Prop_IBUFCTRL_I_O)
                                                      0.000     0.402 r  clk_IBUF_inst/IBUFCTRL_INST/O
                         net (fo=1, unplaced)         0.083     0.485    clk_IBUF
                         BUFGCE (Prop_BUFGCE_I_O)     0.019     0.504 r  clk_IBUF_BUFG_inst/O
                         net (fo=26410, unplaced)     1.259     1.763    u_accel/clk
                         FDRE                                         r  u_accel/cycles_reg[26]/C
                         clock pessimism             -0.205     1.558    
                         FDRE (Hold_FDRE_C_D)         0.046     1.604    u_accel/cycles_reg[26]
  -------------------------------------------------------------------
                         required time                         -1.604    
                         arrival time                           1.522    
  -------------------------------------------------------------------
                         slack                                 -0.082    

Slack (VIOLATED) :        -0.082ns  (arrival time - required time)
  Source:                 u_accel/cyc_count_reg[2]/C
                            (rising edge-triggered cell FDRE clocked by clk  {rise@0.000ns fall@5.000ns period=10.000ns})
  Destination:            u_accel/cycles_reg[2]/D
                            (rising edge-triggered cell FDRE clocked by clk  {rise@0.000ns fall@5.000ns period=10.000ns})
  Path Group:             clk
  Path Type:              Hold (Min at Fast Process Corner)
  Requirement:            0.000ns  (clk rise@0.000ns - clk rise@0.000ns)
  Data Path Delay:        0.109ns  (logic 0.056ns (51.376%)  route 0.053ns (48.624%))
  Logic Levels:           1  (CARRY8=1)
  Clock Path Skew:        0.145ns (DCD - SCD - CPR)
    Destination Clock Delay (DCD):    1.763ns
    Source Clock Delay      (SCD):    1.413ns
    Clock Pessimism Removal (CPR):    0.205ns

    Location             Delay type                Incr(ns)  Path(ns)    Netlist Resource(s)
  -------------------------------------------------------------------    -------------------
                         (clock clk rise edge)        0.000     0.000 r  
                                                      0.000     0.000 r  clk (IN)
                         net (fo=0)                   0.000     0.000    clk_IBUF_inst/I
                         INBUF (Prop_INBUF_PAD_O)     0.216     0.216 r  clk_IBUF_inst/INBUF_INST/O
                         net (fo=1, unplaced)         0.000     0.216    clk_IBUF_inst/OUT
                         IBUFCTRL (Prop_IBUFCTRL_I_O)
                                                      0.000     0.216 r  clk_IBUF_inst/IBUFCTRL_INST/O
                         net (fo=1, unplaced)         0.066     0.282    clk_IBUF
                         BUFGCE (Prop_BUFGCE_I_O)     0.017     0.299 r  clk_IBUF_BUFG_inst/O
                         net (fo=26410, unplaced)     1.114     1.413    u_accel/clk
                         FDRE                                         r  u_accel/cyc_count_reg[2]/C
  -------------------------------------------------------------------    -------------------
                         FDRE (Prop_FDRE_C_Q)         0.038     1.451 r  u_accel/cyc_count_reg[2]/Q
                         net (fo=1, unplaced)         0.046     1.497    u_accel/cyc_count_reg_n_0_[2]
                         CARRY8 (Prop_CARRY8_S[1]_O[1])
                                                      0.018     1.515 r  u_accel/cycles_reg[8]_i_1/O[1]
                         net (fo=2, unplaced)         0.007     1.522    u_accel/cycles_reg[8]_i_1_n_14
                         FDRE                                         r  u_accel/cycles_reg[2]/D
  -------------------------------------------------------------------    -------------------

                         (clock clk rise edge)        0.000     0.000 r  
                                                      0.000     0.000 r  clk (IN)
                         net (fo=0)                   0.000     0.000    clk_IBUF_inst/I
                         INBUF (Prop_INBUF_PAD_O)     0.402     0.402 r  clk_IBUF_inst/INBUF_INST/O
                         net (fo=1, unplaced)         0.000     0.402    clk_IBUF_inst/OUT
                         IBUFCTRL (Prop_IBUFCTRL_I_O)
                                                      0.000     0.402 r  clk_IBUF_inst/IBUFCTRL_INST/O
                         net (fo=1, unplaced)         0.083     0.485    clk_IBUF
                         BUFGCE (Prop_BUFGCE_I_O)     0.019     0.504 r  clk_IBUF_BUFG_inst/O
                         net (fo=26410, unplaced)     1.259     1.763    u_accel/clk
                         FDRE                                         r  u_accel/cycles_reg[2]/C
                         clock pessimism             -0.205     1.558    
                         FDRE (Hold_FDRE_C_D)         0.046     1.604    u_accel/cycles_reg[2]
  -------------------------------------------------------------------
                         required time                         -1.604    
                         arrival time                           1.522    
  -------------------------------------------------------------------
                         slack                                 -0.082    

Slack (VIOLATED) :        -0.081ns  (arrival time - required time)
  Source:                 u_accel/cyc_count_reg[15]/C
                            (rising edge-triggered cell FDRE clocked by clk  {rise@0.000ns fall@5.000ns period=10.000ns})
  Destination:            u_accel/cycles_reg[15]/D
                            (rising edge-triggered cell FDRE clocked by clk  {rise@0.000ns fall@5.000ns period=10.000ns})
  Path Group:             clk
  Path Type:              Hold (Min at Fast Process Corner)
  Requirement:            0.000ns  (clk rise@0.000ns - clk rise@0.000ns)
  Data Path Delay:        0.110ns  (logic 0.056ns (50.909%)  route 0.054ns (49.091%))
  Logic Levels:           1  (CARRY8=1)
  Clock Path Skew:        0.145ns (DCD - SCD - CPR)
    Destination Clock Delay (DCD):    1.763ns
    Source Clock Delay      (SCD):    1.413ns
    Clock Pessimism Removal (CPR):    0.205ns

    Location             Delay type                Incr(ns)  Path(ns)    Netlist Resource(s)
  -------------------------------------------------------------------    -------------------
                         (clock clk rise edge)        0.000     0.000 r  
                                                      0.000     0.000 r  clk (IN)
                         net (fo=0)                   0.000     0.000    clk_IBUF_inst/I
                         INBUF (Prop_INBUF_PAD_O)     0.216     0.216 r  clk_IBUF_inst/INBUF_INST/O
                         net (fo=1, unplaced)         0.000     0.216    clk_IBUF_inst/OUT
                         IBUFCTRL (Prop_IBUFCTRL_I_O)
                                                      0.000     0.216 r  clk_IBUF_inst/IBUFCTRL_INST/O
                         net (fo=1, unplaced)         0.066     0.282    clk_IBUF
                         BUFGCE (Prop_BUFGCE_I_O)     0.017     0.299 r  clk_IBUF_BUFG_inst/O
                         net (fo=26410, unplaced)     1.114     1.413    u_accel/clk
                         FDRE                                         r  u_accel/cyc_count_reg[15]/C
  -------------------------------------------------------------------    -------------------
                         FDRE (Prop_FDRE_C_Q)         0.038     1.451 r  u_accel/cyc_count_reg[15]/Q
                         net (fo=1, unplaced)         0.047     1.498    u_accel/cyc_count_reg_n_0_[15]
                         CARRY8 (Prop_CARRY8_S[6]_O[6])
                                                      0.018     1.516 r  u_accel/cycles_reg[16]_i_1/O[6]
                         net (fo=2, unplaced)         0.007     1.523    u_accel/cycles_reg[16]_i_1_n_9
                         FDRE                                         r  u_accel/cycles_reg[15]/D
  -------------------------------------------------------------------    -------------------

                         (clock clk rise edge)        0.000     0.000 r  
                                                      0.000     0.000 r  clk (IN)
                         net (fo=0)                   0.000     0.000    clk_IBUF_inst/I
                         INBUF (Prop_INBUF_PAD_O)     0.402     0.402 r  clk_IBUF_inst/INBUF_INST/O
                         net (fo=1, unplaced)         0.000     0.402    clk_IBUF_inst/OUT
                         IBUFCTRL (Prop_IBUFCTRL_I_O)
                                                      0.000     0.402 r  clk_IBUF_inst/IBUFCTRL_INST/O
                         net (fo=1, unplaced)         0.083     0.485    clk_IBUF
                         BUFGCE (Prop_BUFGCE_I_O)     0.019     0.504 r  clk_IBUF_BUFG_inst/O
                         net (fo=26410, unplaced)     1.259     1.763    u_accel/clk
                         FDRE                                         r  u_accel/cycles_reg[15]/C
                         clock pessimism             -0.205     1.558    
                         FDRE (Hold_FDRE_C_D)         0.046     1.604    u_accel/cycles_reg[15]
  -------------------------------------------------------------------
                         required time                         -1.604    
                         arrival time                           1.523    
  -------------------------------------------------------------------
                         slack                                 -0.081    

Slack (VIOLATED) :        -0.081ns  (arrival time - required time)
  Source:                 u_accel/cyc_count_reg[16]/C
                            (rising edge-triggered cell FDRE clocked by clk  {rise@0.000ns fall@5.000ns period=10.000ns})
  Destination:            u_accel/cycles_reg[16]/D
                            (rising edge-triggered cell FDRE clocked by clk  {rise@0.000ns fall@5.000ns period=10.000ns})
  Path Group:             clk
  Path Type:              Hold (Min at Fast Process Corner)
  Requirement:            0.000ns  (clk rise@0.000ns - clk rise@0.000ns)
  Data Path Delay:        0.110ns  (logic 0.056ns (50.909%)  route 0.054ns (49.091%))
  Logic Levels:           1  (CARRY8=1)
  Clock Path Skew:        0.145ns (DCD - SCD - CPR)
    Destination Clock Delay (DCD):    1.763ns
    Source Clock Delay      (SCD):    1.413ns
    Clock Pessimism Removal (CPR):    0.205ns

    Location             Delay type                Incr(ns)  Path(ns)    Netlist Resource(s)
  -------------------------------------------------------------------    -------------------
                         (clock clk rise edge)        0.000     0.000 r  
                                                      0.000     0.000 r  clk (IN)
                         net (fo=0)                   0.000     0.000    clk_IBUF_inst/I
                         INBUF (Prop_INBUF_PAD_O)     0.216     0.216 r  clk_IBUF_inst/INBUF_INST/O
                         net (fo=1, unplaced)         0.000     0.216    clk_IBUF_inst/OUT
                         IBUFCTRL (Prop_IBUFCTRL_I_O)
                                                      0.000     0.216 r  clk_IBUF_inst/IBUFCTRL_INST/O
                         net (fo=1, unplaced)         0.066     0.282    clk_IBUF
                         BUFGCE (Prop_BUFGCE_I_O)     0.017     0.299 r  clk_IBUF_BUFG_inst/O
                         net (fo=26410, unplaced)     1.114     1.413    u_accel/clk
                         FDRE                                         r  u_accel/cyc_count_reg[16]/C
  -------------------------------------------------------------------    -------------------
                         FDRE (Prop_FDRE_C_Q)         0.038     1.451 r  u_accel/cyc_count_reg[16]/Q
                         net (fo=1, unplaced)         0.047     1.498    u_accel/cyc_count_reg_n_0_[16]
                         CARRY8 (Prop_CARRY8_S[7]_O[7])
                                                      0.018     1.516 r  u_accel/cycles_reg[16]_i_1/O[7]
                         net (fo=2, unplaced)         0.007     1.523    u_accel/cycles_reg[16]_i_1_n_8
                         FDRE                                         r  u_accel/cycles_reg[16]/D
  -------------------------------------------------------------------    -------------------

                         (clock clk rise edge)        0.000     0.000 r  
                                                      0.000     0.000 r  clk (IN)
                         net (fo=0)                   0.000     0.000    clk_IBUF_inst/I
                         INBUF (Prop_INBUF_PAD_O)     0.402     0.402 r  clk_IBUF_inst/INBUF_INST/O
                         net (fo=1, unplaced)         0.000     0.402    clk_IBUF_inst/OUT
                         IBUFCTRL (Prop_IBUFCTRL_I_O)
                                                      0.000     0.402 r  clk_IBUF_inst/IBUFCTRL_INST/O
                         net (fo=1, unplaced)         0.083     0.485    clk_IBUF
                         BUFGCE (Prop_BUFGCE_I_O)     0.019     0.504 r  clk_IBUF_BUFG_inst/O
                         net (fo=26410, unplaced)     1.259     1.763    u_accel/clk
                         FDRE                                         r  u_accel/cycles_reg[16]/C
                         clock pessimism             -0.205     1.558    
                         FDRE (Hold_FDRE_C_D)         0.046     1.604    u_accel/cycles_reg[16]
  -------------------------------------------------------------------
                         required time                         -1.604    
                         arrival time                           1.523    
  -------------------------------------------------------------------
                         slack                                 -0.081    

Slack (VIOLATED) :        -0.081ns  (arrival time - required time)
  Source:                 u_accel/cyc_count_reg[17]/C
                            (rising edge-triggered cell FDRE clocked by clk  {rise@0.000ns fall@5.000ns period=10.000ns})
  Destination:            u_accel/cycles_reg[17]/D
                            (rising edge-triggered cell FDRE clocked by clk  {rise@0.000ns fall@5.000ns period=10.000ns})
  Path Group:             clk
  Path Type:              Hold (Min at Fast Process Corner)
  Requirement:            0.000ns  (clk rise@0.000ns - clk rise@0.000ns)
  Data Path Delay:        0.110ns  (logic 0.057ns (51.818%)  route 0.053ns (48.182%))
  Logic Levels:           1  (CARRY8=1)
  Clock Path Skew:        0.145ns (DCD - SCD - CPR)
    Destination Clock Delay (DCD):    1.763ns
    Source Clock Delay      (SCD):    1.413ns
    Clock Pessimism Removal (CPR):    0.205ns

    Location             Delay type                Incr(ns)  Path(ns)    Netlist Resource(s)
  -------------------------------------------------------------------    -------------------
                         (clock clk rise edge)        0.000     0.000 r  
                                                      0.000     0.000 r  clk (IN)
                         net (fo=0)                   0.000     0.000    clk_IBUF_inst/I
                         INBUF (Prop_INBUF_PAD_O)     0.216     0.216 r  clk_IBUF_inst/INBUF_INST/O
                         net (fo=1, unplaced)         0.000     0.216    clk_IBUF_inst/OUT
                         IBUFCTRL (Prop_IBUFCTRL_I_O)
                                                      0.000     0.216 r  clk_IBUF_inst/IBUFCTRL_INST/O
                         net (fo=1, unplaced)         0.066     0.282    clk_IBUF
                         BUFGCE (Prop_BUFGCE_I_O)     0.017     0.299 r  clk_IBUF_BUFG_inst/O
                         net (fo=26410, unplaced)     1.114     1.413    u_accel/clk
                         FDRE                                         r  u_accel/cyc_count_reg[17]/C
  -------------------------------------------------------------------    -------------------
                         FDRE (Prop_FDRE_C_Q)         0.038     1.451 r  u_accel/cyc_count_reg[17]/Q
                         net (fo=1, unplaced)         0.046     1.497    u_accel/cyc_count_reg_n_0_[17]
                         CARRY8 (Prop_CARRY8_S[0]_O[0])
                                                      0.019     1.516 r  u_accel/cycles_reg[24]_i_1/O[0]
                         net (fo=2, unplaced)         0.007     1.523    u_accel/cycles_reg[24]_i_1_n_15
                         FDRE                                         r  u_accel/cycles_reg[17]/D
  -------------------------------------------------------------------    -------------------

                         (clock clk rise edge)        0.000     0.000 r  
                                                      0.000     0.000 r  clk (IN)
                         net (fo=0)                   0.000     0.000    clk_IBUF_inst/I
                         INBUF (Prop_INBUF_PAD_O)     0.402     0.402 r  clk_IBUF_inst/INBUF_INST/O
                         net (fo=1, unplaced)         0.000     0.402    clk_IBUF_inst/OUT
                         IBUFCTRL (Prop_IBUFCTRL_I_O)
                                                      0.000     0.402 r  clk_IBUF_inst/IBUFCTRL_INST/O
                         net (fo=1, unplaced)         0.083     0.485    clk_IBUF
                         BUFGCE (Prop_BUFGCE_I_O)     0.019     0.504 r  clk_IBUF_BUFG_inst/O
                         net (fo=26410, unplaced)     1.259     1.763    u_accel/clk
                         FDRE                                         r  u_accel/cycles_reg[17]/C
                         clock pessimism             -0.205     1.558    
                         FDRE (Hold_FDRE_C_D)         0.046     1.604    u_accel/cycles_reg[17]
  -------------------------------------------------------------------
                         required time                         -1.604    
                         arrival time                           1.523    
  -------------------------------------------------------------------
                         slack                                 -0.081    

Slack (VIOLATED) :        -0.081ns  (arrival time - required time)
  Source:                 u_accel/cyc_count_reg[1]/C
                            (rising edge-triggered cell FDRE clocked by clk  {rise@0.000ns fall@5.000ns period=10.000ns})
  Destination:            u_accel/cycles_reg[1]/D
                            (rising edge-triggered cell FDRE clocked by clk  {rise@0.000ns fall@5.000ns period=10.000ns})
  Path Group:             clk
  Path Type:              Hold (Min at Fast Process Corner)
  Requirement:            0.000ns  (clk rise@0.000ns - clk rise@0.000ns)
  Data Path Delay:        0.110ns  (logic 0.057ns (51.818%)  route 0.053ns (48.182%))
  Logic Levels:           1  (CARRY8=1)
  Clock Path Skew:        0.145ns (DCD - SCD - CPR)
    Destination Clock Delay (DCD):    1.763ns
    Source Clock Delay      (SCD):    1.413ns
    Clock Pessimism Removal (CPR):    0.205ns

    Location             Delay type                Incr(ns)  Path(ns)    Netlist Resource(s)
  -------------------------------------------------------------------    -------------------
                         (clock clk rise edge)        0.000     0.000 r  
                                                      0.000     0.000 r  clk (IN)
                         net (fo=0)                   0.000     0.000    clk_IBUF_inst/I
                         INBUF (Prop_INBUF_PAD_O)     0.216     0.216 r  clk_IBUF_inst/INBUF_INST/O
                         net (fo=1, unplaced)         0.000     0.216    clk_IBUF_inst/OUT
                         IBUFCTRL (Prop_IBUFCTRL_I_O)
                                                      0.000     0.216 r  clk_IBUF_inst/IBUFCTRL_INST/O
                         net (fo=1, unplaced)         0.066     0.282    clk_IBUF
                         BUFGCE (Prop_BUFGCE_I_O)     0.017     0.299 r  clk_IBUF_BUFG_inst/O
                         net (fo=26410, unplaced)     1.114     1.413    u_accel/clk
                         FDRE                                         r  u_accel/cyc_count_reg[1]/C
  -------------------------------------------------------------------    -------------------
                         FDRE (Prop_FDRE_C_Q)         0.038     1.451 r  u_accel/cyc_count_reg[1]/Q
                         net (fo=1, unplaced)         0.046     1.497    u_accel/cyc_count_reg_n_0_[1]
                         CARRY8 (Prop_CARRY8_S[0]_O[0])
                                                      0.019     1.516 r  u_accel/cycles_reg[8]_i_1/O[0]
                         net (fo=2, unplaced)         0.007     1.523    u_accel/cycles_reg[8]_i_1_n_15
                         FDRE                                         r  u_accel/cycles_reg[1]/D
  -------------------------------------------------------------------    -------------------

                         (clock clk rise edge)        0.000     0.000 r  
                                                      0.000     0.000 r  clk (IN)
                         net (fo=0)                   0.000     0.000    clk_IBUF_inst/I
                         INBUF (Prop_INBUF_PAD_O)     0.402     0.402 r  clk_IBUF_inst/INBUF_INST/O
                         net (fo=1, unplaced)         0.000     0.402    clk_IBUF_inst/OUT
                         IBUFCTRL (Prop_IBUFCTRL_I_O)
                                                      0.000     0.402 r  clk_IBUF_inst/IBUFCTRL_INST/O
                         net (fo=1, unplaced)         0.083     0.485    clk_IBUF
                         BUFGCE (Prop_BUFGCE_I_O)     0.019     0.504 r  clk_IBUF_BUFG_inst/O
                         net (fo=26410, unplaced)     1.259     1.763    u_accel/clk
                         FDRE                                         r  u_accel/cycles_reg[1]/C
                         clock pessimism             -0.205     1.558    
                         FDRE (Hold_FDRE_C_D)         0.046     1.604    u_accel/cycles_reg[1]
  -------------------------------------------------------------------
                         required time                         -1.604    
                         arrival time                           1.523    
  -------------------------------------------------------------------
                         slack                                 -0.081    

Slack (VIOLATED) :        -0.081ns  (arrival time - required time)
  Source:                 u_accel/cyc_count_reg[23]/C
                            (rising edge-triggered cell FDRE clocked by clk  {rise@0.000ns fall@5.000ns period=10.000ns})
  Destination:            u_accel/cycles_reg[23]/D
                            (rising edge-triggered cell FDRE clocked by clk  {rise@0.000ns fall@5.000ns period=10.000ns})
  Path Group:             clk
  Path Type:              Hold (Min at Fast Process Corner)
  Requirement:            0.000ns  (clk rise@0.000ns - clk rise@0.000ns)
  Data Path Delay:        0.110ns  (logic 0.056ns (50.909%)  route 0.054ns (49.091%))
  Logic Levels:           1  (CARRY8=1)
  Clock Path Skew:        0.145ns (DCD - SCD - CPR)
    Destination Clock Delay (DCD):    1.763ns
    Source Clock Delay      (SCD):    1.413ns
    Clock Pessimism Removal (CPR):    0.205ns

    Location             Delay type                Incr(ns)  Path(ns)    Netlist Resource(s)
  -------------------------------------------------------------------    -------------------
                         (clock clk rise edge)        0.000     0.000 r  
                                                      0.000     0.000 r  clk (IN)
                         net (fo=0)                   0.000     0.000    clk_IBUF_inst/I
                         INBUF (Prop_INBUF_PAD_O)     0.216     0.216 r  clk_IBUF_inst/INBUF_INST/O
                         net (fo=1, unplaced)         0.000     0.216    clk_IBUF_inst/OUT
                         IBUFCTRL (Prop_IBUFCTRL_I_O)
                                                      0.000     0.216 r  clk_IBUF_inst/IBUFCTRL_INST/O
                         net (fo=1, unplaced)         0.066     0.282    clk_IBUF
                         BUFGCE (Prop_BUFGCE_I_O)     0.017     0.299 r  clk_IBUF_BUFG_inst/O
                         net (fo=26410, unplaced)     1.114     1.413    u_accel/clk
                         FDRE                                         r  u_accel/cyc_count_reg[23]/C
  -------------------------------------------------------------------    -------------------
                         FDRE (Prop_FDRE_C_Q)         0.038     1.451 r  u_accel/cyc_count_reg[23]/Q
                         net (fo=1, unplaced)         0.047     1.498    u_accel/cyc_count_reg_n_0_[23]
                         CARRY8 (Prop_CARRY8_S[6]_O[6])
                                                      0.018     1.516 r  u_accel/cycles_reg[24]_i_1/O[6]
                         net (fo=2, unplaced)         0.007     1.523    u_accel/cycles_reg[24]_i_1_n_9
                         FDRE                                         r  u_accel/cycles_reg[23]/D
  -------------------------------------------------------------------    -------------------

                         (clock clk rise edge)        0.000     0.000 r  
                                                      0.000     0.000 r  clk (IN)
                         net (fo=0)                   0.000     0.000    clk_IBUF_inst/I
                         INBUF (Prop_INBUF_PAD_O)     0.402     0.402 r  clk_IBUF_inst/INBUF_INST/O
                         net (fo=1, unplaced)         0.000     0.402    clk_IBUF_inst/OUT
                         IBUFCTRL (Prop_IBUFCTRL_I_O)
                                                      0.000     0.402 r  clk_IBUF_inst/IBUFCTRL_INST/O
                         net (fo=1, unplaced)         0.083     0.485    clk_IBUF
                         BUFGCE (Prop_BUFGCE_I_O)     0.019     0.504 r  clk_IBUF_BUFG_inst/O
                         net (fo=26410, unplaced)     1.259     1.763    u_accel/clk
                         FDRE                                         r  u_accel/cycles_reg[23]/C
                         clock pessimism             -0.205     1.558    
                         FDRE (Hold_FDRE_C_D)         0.046     1.604    u_accel/cycles_reg[23]
  -------------------------------------------------------------------
                         required time                         -1.604    
                         arrival time                           1.523    
  -------------------------------------------------------------------
                         slack                                 -0.081    

Slack (VIOLATED) :        -0.081ns  (arrival time - required time)
  Source:                 u_accel/cyc_count_reg[24]/C
                            (rising edge-triggered cell FDRE clocked by clk  {rise@0.000ns fall@5.000ns period=10.000ns})
  Destination:            u_accel/cycles_reg[24]/D
                            (rising edge-triggered cell FDRE clocked by clk  {rise@0.000ns fall@5.000ns period=10.000ns})
  Path Group:             clk
  Path Type:              Hold (Min at Fast Process Corner)
  Requirement:            0.000ns  (clk rise@0.000ns - clk rise@0.000ns)
  Data Path Delay:        0.110ns  (logic 0.056ns (50.909%)  route 0.054ns (49.091%))
  Logic Levels:           1  (CARRY8=1)
  Clock Path Skew:        0.145ns (DCD - SCD - CPR)
    Destination Clock Delay (DCD):    1.763ns
    Source Clock Delay      (SCD):    1.413ns
    Clock Pessimism Removal (CPR):    0.205ns

    Location             Delay type                Incr(ns)  Path(ns)    Netlist Resource(s)
  -------------------------------------------------------------------    -------------------
                         (clock clk rise edge)        0.000     0.000 r  
                                                      0.000     0.000 r  clk (IN)
                         net (fo=0)                   0.000     0.000    clk_IBUF_inst/I
                         INBUF (Prop_INBUF_PAD_O)     0.216     0.216 r  clk_IBUF_inst/INBUF_INST/O
                         net (fo=1, unplaced)         0.000     0.216    clk_IBUF_inst/OUT
                         IBUFCTRL (Prop_IBUFCTRL_I_O)
                                                      0.000     0.216 r  clk_IBUF_inst/IBUFCTRL_INST/O
                         net (fo=1, unplaced)         0.066     0.282    clk_IBUF
                         BUFGCE (Prop_BUFGCE_I_O)     0.017     0.299 r  clk_IBUF_BUFG_inst/O
                         net (fo=26410, unplaced)     1.114     1.413    u_accel/clk
                         FDRE                                         r  u_accel/cyc_count_reg[24]/C
  -------------------------------------------------------------------    -------------------
                         FDRE (Prop_FDRE_C_Q)         0.038     1.451 r  u_accel/cyc_count_reg[24]/Q
                         net (fo=1, unplaced)         0.047     1.498    u_accel/cyc_count_reg_n_0_[24]
                         CARRY8 (Prop_CARRY8_S[7]_O[7])
                                                      0.018     1.516 r  u_accel/cycles_reg[24]_i_1/O[7]
                         net (fo=2, unplaced)         0.007     1.523    u_accel/cycles_reg[24]_i_1_n_8
                         FDRE                                         r  u_accel/cycles_reg[24]/D
  -------------------------------------------------------------------    -------------------

                         (clock clk rise edge)        0.000     0.000 r  
                                                      0.000     0.000 r  clk (IN)
                         net (fo=0)                   0.000     0.000    clk_IBUF_inst/I
                         INBUF (Prop_INBUF_PAD_O)     0.402     0.402 r  clk_IBUF_inst/INBUF_INST/O
                         net (fo=1, unplaced)         0.000     0.402    clk_IBUF_inst/OUT
                         IBUFCTRL (Prop_IBUFCTRL_I_O)
                                                      0.000     0.402 r  clk_IBUF_inst/IBUFCTRL_INST/O
                         net (fo=1, unplaced)         0.083     0.485    clk_IBUF
                         BUFGCE (Prop_BUFGCE_I_O)     0.019     0.504 r  clk_IBUF_BUFG_inst/O
                         net (fo=26410, unplaced)     1.259     1.763    u_accel/clk
                         FDRE                                         r  u_accel/cycles_reg[24]/C
                         clock pessimism             -0.205     1.558    
                         FDRE (Hold_FDRE_C_D)         0.046     1.604    u_accel/cycles_reg[24]
  -------------------------------------------------------------------
                         required time                         -1.604    
                         arrival time                           1.523    
  -------------------------------------------------------------------
                         slack                                 -0.081    





Pulse Width Checks
--------------------------------------------------------------------------------------
Clock Name:         clk
Waveform(ns):       { 0.000 5.000 }
Period(ns):         10.000
Sources:            { clk }

Check Type        Corner  Lib Pin     Reference Pin  Required(ns)  Actual(ns)  Slack(ns)  Location  Pin
Min Period        n/a     BUFGCE/I    n/a            1.290         10.000      8.710                clk_IBUF_BUFG_inst/I
Min Period        n/a     SRL16E/CLK  n/a            1.064         10.000      8.936                u_accel/u_pool/g_fpu[0].u_fpu/e_reg[3][f_c_zero]_srl3/CLK
Min Period        n/a     SRL16E/CLK  n/a            1.064         10.000      8.936                u_accel/u_pool/g_fpu[0].u_fpu/e_reg[3][f_csign]_srl3/CLK
Min Period        n/a     SRL16E/CLK  n/a            1.064         10.000      8.936                u_accel/u_pool/g_fpu[0].u_fpu/e_reg[3][f_fma_spec]_srl3/CLK
Min Period        n/a     SRL16E/CLK  n/a            1.064         10.000      8.936                u_accel/u_pool/g_fpu[0].u_fpu/e_reg[3][f_pos0][0]_srl2/CLK
Min Period        n/a     SRL16E/CLK  n/a            1.064         10.000      8.936                u_accel/u_pool/g_fpu[0].u_fpu/e_reg[3][f_pos0][11]_srl2/CLK
Min Period        n/a     SRL16E/CLK  n/a            1.064         10.000      8.936                u_accel/u_pool/g_fpu[0].u_fpu/e_reg[3][f_pos0][1]_srl2/CLK
Min Period        n/a     SRL16E/CLK  n/a            1.064         10.000      8.936                u_accel/u_pool/g_fpu[0].u_fpu/e_reg[3][f_pos0][2]_srl2/CLK
Min Period        n/a     SRL16E/CLK  n/a            1.064         10.000      8.936                u_accel/u_pool/g_fpu[0].u_fpu/e_reg[3][f_pos0][3]_srl2/CLK
Min Period        n/a     SRL16E/CLK  n/a            1.064         10.000      8.936                u_accel/u_pool/g_fpu[0].u_fpu/e_reg[3][f_pos0][4]_srl2/CLK
Low Pulse Width   Slow    SRL16E/CLK  n/a            0.532         5.000       4.468                u_accel/u_pool/g_fpu[0].u_fpu/e_reg[3][f_c_zero]_srl3/CLK
Low Pulse Width   Fast    SRL16E/CLK  n/a            0.532         5.000       4.468                u_accel/u_pool/g_fpu[0].u_fpu/e_reg[3][f_c_zero]_srl3/CLK
Low Pulse Width   Slow    SRL16E/CLK  n/a            0.532         5.000       4.468                u_accel/u_pool/g_fpu[0].u_fpu/e_reg[3][f_csign]_srl3/CLK
Low Pulse Width   Fast    SRL16E/CLK  n/a            0.532         5.000       4.468                u_accel/u_pool/g_fpu[0].u_fpu/e_reg[3][f_csign]_srl3/CLK
Low Pulse Width   Slow    SRL16E/CLK  n/a            0.532         5.000       4.468                u_accel/u_pool/g_fpu[0].u_fpu/e_reg[3][f_fma_spec]_srl3/CLK
Low Pulse Width   Fast    SRL16E/CLK  n/a            0.532         5.000       4.468                u_accel/u_pool/g_fpu[0].u_fpu/e_reg[3][f_fma_spec]_srl3/CLK
Low Pulse Width   Slow    SRL16E/CLK  n/a            0.532         5.000       4.468                u_accel/u_pool/g_fpu[0].u_fpu/e_reg[3][f_pos0][0]_srl2/CLK
Low Pulse Width   Fast    SRL16E/CLK  n/a            0.532         5.000       4.468                u_accel/u_pool/g_fpu[0].u_fpu/e_reg[3][f_pos0][0]_srl2/CLK
Low Pulse Width   Slow    SRL16E/CLK  n/a            0.532         5.000       4.468                u_accel/u_pool/g_fpu[0].u_fpu/e_reg[3][f_pos0][11]_srl2/CLK
Low Pulse Width   Fast    SRL16E/CLK  n/a            0.532         5.000       4.468                u_accel/u_pool/g_fpu[0].u_fpu/e_reg[3][f_pos0][11]_srl2/CLK
High Pulse Width  Slow    SRL16E/CLK  n/a            0.532         5.000       4.468                u_accel/u_pool/g_fpu[0].u_fpu/e_reg[3][f_c_zero]_srl3/CLK
High Pulse Width  Fast    SRL16E/CLK  n/a            0.532         5.000       4.468                u_accel/u_pool/g_fpu[0].u_fpu/e_reg[3][f_c_zero]_srl3/CLK
High Pulse Width  Slow    SRL16E/CLK  n/a            0.532         5.000       4.468                u_accel/u_pool/g_fpu[0].u_fpu/e_reg[3][f_csign]_srl3/CLK
High Pulse Width  Fast    SRL16E/CLK  n/a            0.532         5.000       4.468                u_accel/u_pool/g_fpu[0].u_fpu/e_reg[3][f_csign]_srl3/CLK
High Pulse Width  Slow    SRL16E/CLK  n/a            0.532         5.000       4.468                u_accel/u_pool/g_fpu[0].u_fpu/e_reg[3][f_fma_spec]_srl3/CLK
High Pulse Width  Fast    SRL16E/CLK  n/a            0.532         5.000       4.468                u_accel/u_pool/g_fpu[0].u_fpu/e_reg[3][f_fma_spec]_srl3/CLK
High Pulse Width  Slow    SRL16E/CLK  n/a            0.532         5.000       4.468                u_accel/u_pool/g_fpu[0].u_fpu/e_reg[3][f_pos0][0]_srl2/CLK
High Pulse Width  Fast    SRL16E/CLK  n/a            0.532         5.000       4.468                u_accel/u_pool/g_fpu[0].u_fpu/e_reg[3][f_pos0][0]_srl2/CLK
High Pulse Width  Slow    SRL16E/CLK  n/a            0.532         5.000       4.468                u_accel/u_pool/g_fpu[0].u_fpu/e_reg[3][f_pos0][11]_srl2/CLK
High Pulse Width  Fast    SRL16E/CLK  n/a            0.532         5.000       4.468                u_accel/u_pool/g_fpu[0].u_fpu/e_reg[3][f_pos0][11]_srl2/CLK



