Copyright 1986-2022 Xilinx, Inc. All Rights Reserved. Copyright 2022-2025 Advanced Micro Devices, Inc. All Rights Reserved.
--------------------------------------------------------------------------------------------------------------------------------------------------
| Tool Version      : Vivado v.2025.1 (win64) Build 6140274 Thu May 22 00:12:29 MDT 2025
| Date              : Thu Jul  2 14:35:17 2026
| Host              : Krishna_NITjsr running 64-bit major release  (build 9200)
| Command           : report_timing_summary -max_paths 20 -file {D:/Verilog Projects/simtix/fpga/reports_fp_chip_fast/post_route_timing.rpt}
| Design            : chip_top
| Device            : xczu7ev-ffvc1156
| Speed File        : -2  PRODUCTION 1.30 05-15-2022
| Design State      : Routed
| Temperature Grade : E
--------------------------------------------------------------------------------------------------------------------------------------------------

Timing Summary Report

------------------------------------------------------------------------------------------------
| Timer Settings
| --------------
------------------------------------------------------------------------------------------------

  Enable Multi Corner Analysis               :  Yes
  Enable Pessimism Removal                   :  Yes
  Pessimism Removal Resolution               :  Nearest Common Node
  Enable Input Delay Default Clock           :  No
  Enable Preset / Clear Arcs                 :  No
  Disable Flight Delays                      :  No
  Ignore I/O Paths                           :  No
  Timing Early Launch at Borrowing Latches   :  No
  Borrow Time for Max Delay Exceptions       :  Yes
  Merge Timing Exceptions                    :  Yes
  Inter-SLR Compensation                     :  Conservative

  Corner  Analyze    Analyze    
  Name    Max Paths  Min Paths  
  ------  ---------  ---------  
  Slow    Yes        Yes        
  Fast    Yes        Yes        


------------------------------------------------------------------------------------------------
| Report Methodology
| ------------------
------------------------------------------------------------------------------------------------

No report available as report_methodology has not been run prior. Run report_methodology on the current design for the summary of methodology violations.



check_timing report

Table of Contents
-----------------
1. checking no_clock (0)
2. checking constant_clock (0)
3. checking pulse_width_clock (0)
4. checking unconstrained_internal_endpoints (0)
5. checking no_input_delay (1)
6. checking no_output_delay (33)
7. checking multiple_clock (0)
8. checking generated_clocks (0)
9. checking loops (0)
10. checking partial_input_delay (0)
11. checking partial_output_delay (0)
12. checking latch_loops (0)

1. checking no_clock (0)
------------------------
 There are 0 register/latch pins with no clock.


2. checking constant_clock (0)
------------------------------
 There are 0 register/latch pins with constant_clock.


3. checking pulse_width_clock (0)
---------------------------------
 There are 0 register/latch pins which need pulse_width check


4. checking unconstrained_internal_endpoints (0)
------------------------------------------------
 There are 0 pins that are not constrained for maximum delay.

 There are 0 pins that are not constrained for maximum delay due to constant clock.


5. checking no_input_delay (1)
------------------------------
 There are 0 input ports with no input delay specified.

 There is 1 input port with no input delay but user has a false path constraint. (MEDIUM)


6. checking no_output_delay (33)
--------------------------------
 There are 33 ports with no output delay specified. (HIGH)

 There are 0 ports with no output delay but user has a false path constraint

 There are 0 ports with no output delay but with a timing clock defined on it or propagating through it


7. checking multiple_clock (0)
------------------------------
 There are 0 register/latch pins with multiple clocks.


8. checking generated_clocks (0)
--------------------------------
 There are 0 generated clocks that are not connected to a clock source.


9. checking loops (0)
---------------------
 There are 0 combinational loops in the design.


10. checking partial_input_delay (0)
------------------------------------
 There are 0 input ports with partial input delay specified.


11. checking partial_output_delay (0)
-------------------------------------
 There are 0 ports with partial output delay specified.


12. checking latch_loops (0)
----------------------------
 There are 0 combinational latch loops in the design through latch input



------------------------------------------------------------------------------------------------
| Design Timing Summary
| ---------------------
------------------------------------------------------------------------------------------------

    WNS(ns)      TNS(ns)  TNS Failing Endpoints  TNS Total Endpoints      WHS(ns)      THS(ns)  THS Failing Endpoints  THS Total Endpoints     WPWS(ns)     TPWS(ns)  TPWS Failing Endpoints  TPWS Total Endpoints  
    -------      -------  ---------------------  -------------------      -------      -------  ---------------------  -------------------     --------     --------  ----------------------  --------------------  
      0.677        0.000                      0                81889        0.010        0.000                      0                81889        4.468        0.000                       0                 26329  


All user specified timing constraints are met.


------------------------------------------------------------------------------------------------
| Clock Summary
| -------------
------------------------------------------------------------------------------------------------

Clock  Waveform(ns)       Period(ns)      Frequency(MHz)
-----  ------------       ----------      --------------
clk    {0.000 5.000}      10.000          100.000         


------------------------------------------------------------------------------------------------
| Intra Clock Table
| -----------------
------------------------------------------------------------------------------------------------

Clock             WNS(ns)      TNS(ns)  TNS Failing Endpoints  TNS Total Endpoints      WHS(ns)      THS(ns)  THS Failing Endpoints  THS Total Endpoints     WPWS(ns)     TPWS(ns)  TPWS Failing Endpoints  TPWS Total Endpoints  
-----             -------      -------  ---------------------  -------------------      -------      -------  ---------------------  -------------------     --------     --------  ----------------------  --------------------  
clk                 0.677        0.000                      0                81889        0.010        0.000                      0                81889        4.468        0.000                       0                 26329  


------------------------------------------------------------------------------------------------
| Inter Clock Table
| -----------------
------------------------------------------------------------------------------------------------

From Clock    To Clock          WNS(ns)      TNS(ns)  TNS Failing Endpoints  TNS Total Endpoints      WHS(ns)      THS(ns)  THS Failing Endpoints  THS Total Endpoints  
----------    --------          -------      -------  ---------------------  -------------------      -------      -------  ---------------------  -------------------  


------------------------------------------------------------------------------------------------
| Other Path Groups Table
| -----------------------
------------------------------------------------------------------------------------------------

Path Group    From Clock    To Clock          WNS(ns)      TNS(ns)  TNS Failing Endpoints  TNS Total Endpoints      WHS(ns)      THS(ns)  THS Failing Endpoints  THS Total Endpoints  
----------    ----------    --------          -------      -------  ---------------------  -------------------      -------      -------  ---------------------  -------------------  


------------------------------------------------------------------------------------------------
| Timing Details
| --------------
------------------------------------------------------------------------------------------------


---------------------------------------------------------------------------------------------------
From Clock:  clk
  To Clock:  clk

Setup :            0  Failing Endpoints,  Worst Slack        0.677ns,  Total Violation        0.000ns
Hold  :            0  Failing Endpoints,  Worst Slack        0.010ns,  Total Violation        0.000ns
PW    :            0  Failing Endpoints,  Worst Slack        4.468ns,  Total Violation        0.000ns
---------------------------------------------------------------------------------------------------


Max Delay Paths
--------------------------------------------------------------------------------------
Slack (MET) :             0.677ns  (required time - arrival time)
  Source:                 u_accel/u_pool/q_fp_funct5_reg[1]/C
                            (rising edge-triggered cell FDRE clocked by clk  {rise@0.000ns fall@5.000ns period=10.000ns})
  Destination:            u_accel/u_pool/g_fpu[1].u_fpu/e_reg[4][add_spec]_srl4/D
                            (rising edge-triggered cell SRL16E clocked by clk  {rise@0.000ns fall@5.000ns period=10.000ns})
  Path Group:             clk
  Path Type:              Setup (Max at Slow Process Corner)
  Requirement:            10.000ns  (clk rise@10.000ns - clk rise@0.000ns)
  Data Path Delay:        9.040ns  (logic 2.758ns (30.509%)  route 6.282ns (69.491%))
  Logic Levels:           30  (CARRY8=7 LUT3=4 LUT4=4 LUT5=5 LUT6=10)
  Clock Path Skew:        -0.185ns (DCD - SCD + CPR)
    Destination Clock Delay (DCD):    3.062ns = ( 13.062 - 10.000 ) 
    Source Clock Delay      (SCD):    3.938ns
    Clock Pessimism Removal (CPR):    0.691ns
  Clock Uncertainty:      0.035ns  ((TSJ^2 + TIJ^2)^1/2 + DJ) / 2 + PE
    Total System Jitter     (TSJ):    0.071ns
    Total Input Jitter      (TIJ):    0.000ns
    Discrete Jitter          (DJ):    0.000ns
    Phase Error              (PE):    0.000ns
  Clock Net Delay (Source):      2.666ns (routing 1.343ns, distribution 1.323ns)
  Clock Net Delay (Destination): 2.336ns (routing 1.221ns, distribution 1.115ns)

    Location             Delay type                Incr(ns)  Path(ns)    Netlist Resource(s)
  -------------------------------------------------------------------    -------------------
                         (clock clk rise edge)        0.000     0.000 r  
    E4                                                0.000     0.000 r  clk (IN)
                         net (fo=0)                   0.000     0.000    clk_IBUF_inst/I
    E4                   INBUF (Prop_INBUF_HDIOB_M_PAD_O)
                                                      1.040     1.040 r  clk_IBUF_inst/INBUF_INST/O
                         net (fo=1, routed)           0.000     1.040    clk_IBUF_inst/OUT
    E4                   IBUFCTRL (Prop_IBUFCTRL_HDIOB_M_I_O)
                                                      0.000     1.040 r  clk_IBUF_inst/IBUFCTRL_INST/O
                         net (fo=1, routed)           0.204     1.244    clk_IBUF
    BUFGCE_HDIO_X2Y2     BUFGCE (Prop_BUFCE_BUFGCE_HDIO_I_O)
                                                      0.028     1.272 r  clk_IBUF_BUFG_inst/O
    X1Y3 (CLOCK_ROOT)    net (fo=26496, routed)       2.666     3.938    u_accel/u_pool/clk
    SLICE_X71Y165        FDRE                                         r  u_accel/u_pool/q_fp_funct5_reg[1]/C
  -------------------------------------------------------------------    -------------------
    SLICE_X71Y165        FDRE (Prop_EFF_SLICEM_C_Q)
                                                      0.076     4.014 f  u_accel/u_pool/q_fp_funct5_reg[1]/Q
                         net (fo=24, routed)          0.566     4.580    u_accel/u_pool/g_fpu[1].u_fpu/funct5[1]
    SLICE_X66Y142        LUT6 (Prop_C6LUT_SLICEL_I1_O)
                                                      0.035     4.615 r  u_accel/u_pool/g_fpu[1].u_fpu/e_reg[4][op_is_h]_srl4_i_2/O
                         net (fo=3, routed)           0.501     5.116    u_accel/u_pool/g_fpu[1].u_fpu/e_reg[4][op_is_h]_srl4_i_2_n_0
    SLICE_X63Y138        LUT4 (Prop_B6LUT_SLICEM_I3_O)
                                                      0.052     5.168 r  u_accel/u_pool/g_fpu[1].u_fpu/e[1][f_sigc][21]_i_2/O
                         net (fo=119, routed)         0.689     5.857    u_accel/u_pool/g_fpu[1].u_fpu/e[1][f_sigc][21]_i_2_n_0
    SLICE_X60Y99         LUT3 (Prop_H6LUT_SLICEL_I1_O)
                                                      0.099     5.956 f  u_accel/u_pool/g_fpu[1].u_fpu/e[1][minmax][24]_i_3/O
                         net (fo=20, routed)          0.329     6.285    u_accel/u_pool/g_fpu[1].u_fpu/e[1][minmax][24]_i_3_n_0
    SLICE_X59Y97         LUT4 (Prop_C6LUT_SLICEL_I1_O)
                                                      0.123     6.408 r  u_accel/u_pool/g_fpu[1].u_fpu/prod2_reg_i_57/O
                         net (fo=1, routed)           0.088     6.496    u_accel/u_pool/g_fpu[1].u_fpu/prod2_reg_i_57_n_0
    SLICE_X59Y97         LUT5 (Prop_F6LUT_SLICEL_I0_O)
                                                      0.035     6.531 f  u_accel/u_pool/g_fpu[1].u_fpu/prod2_reg_i_45/O
                         net (fo=71, routed)          0.362     6.893    u_accel/u_pool/g_fpu[1].u_fpu/sigb[23]
    SLICE_X61Y93         LUT3 (Prop_H6LUT_SLICEM_I2_O)
                                                      0.053     6.946 f  u_accel/u_pool/g_fpu[1].u_fpu/prod2_reg_i_36/O
                         net (fo=10, routed)          0.177     7.123    u_accel/u_pool/g_fpu[1].u_fpu/sigb[5]
    SLICE_X60Y93         LUT6 (Prop_E6LUT_SLICEL_I4_O)
                                                      0.147     7.270 r  u_accel/u_pool/g_fpu[1].u_fpu/e_reg[4][cmp][0]_srl4_i_66/O
                         net (fo=2, routed)           0.292     7.562    u_accel/u_pool/g_fpu[1].u_fpu/e_reg[4][cmp][0]_srl4_i_66_n_0
    SLICE_X58Y90         CARRY8 (Prop_CARRY8_SLICEL_DI[2]_CO[7])
                                                      0.105     7.667 r  u_accel/u_pool/g_fpu[1].u_fpu/e_reg[4][add_ebig][7]_srl4_i_14/CO[7]
                         net (fo=1, routed)           0.026     7.693    u_accel/u_pool/g_fpu[1].u_fpu/e_reg[4][add_ebig][7]_srl4_i_14_n_0
    SLICE_X58Y91         CARRY8 (Prop_CARRY8_SLICEL_CI_CO[3])
                                                      0.060     7.753 r  u_accel/u_pool/g_fpu[1].u_fpu/e_reg[4][add_ebig][7]_srl4_i_13/CO[3]
                         net (fo=1, routed)           0.165     7.918    u_accel/u_pool/g_fpu[1].u_fpu/p_112_in
    SLICE_X58Y91         LUT6 (Prop_G6LUT_SLICEL_I3_O)
                                                      0.035     7.953 f  u_accel/u_pool/g_fpu[1].u_fpu/e_reg[4][add_ebig][7]_srl4_i_4/O
                         net (fo=1, routed)           0.044     7.997    u_accel/u_pool/g_fpu[1].u_fpu/e_reg[4][add_ebig][7]_srl4_i_4_n_0
    SLICE_X58Y91         LUT6 (Prop_H6LUT_SLICEL_I1_O)
                                                      0.051     8.048 r  u_accel/u_pool/g_fpu[1].u_fpu/e_reg[4][add_ebig][7]_srl4_i_2/O
                         net (fo=104, routed)         0.211     8.260    u_accel/u_pool/g_fpu[1].u_fpu/e_reg[4][add_ebig][7]_srl4_i_2_n_0
    SLICE_X59Y91         LUT5 (Prop_D6LUT_SLICEL_I3_O)
                                                      0.050     8.310 r  u_accel/u_pool/g_fpu[1].u_fpu/e_reg[4][add_mag][50]_srl4_i_16/O
                         net (fo=3, routed)           0.097     8.407    u_accel/u_pool/g_fpu[1].u_fpu/e_reg[4][add_mag][50]_srl4_i_16_n_0
    SLICE_X59Y91         LUT6 (Prop_H6LUT_SLICEL_I0_O)
                                                      0.036     8.443 r  u_accel/u_pool/g_fpu[1].u_fpu/e_reg[4][add_mag][31]_srl4_i_44/O
                         net (fo=3, routed)           0.091     8.534    u_accel/u_pool/g_fpu[1].u_fpu/e_reg[4][add_mag][31]_srl4_i_44_n_0
    SLICE_X59Y92         LUT5 (Prop_C5LUT_SLICEL_I4_O)
                                                      0.098     8.632 r  u_accel/u_pool/g_fpu[1].u_fpu/e_reg[4][add_mag][31]_srl4_i_22/O
                         net (fo=104, routed)         0.373     9.005    u_accel/u_pool/g_fpu[1].u_fpu/e_reg[4][add_mag][31]_srl4_i_22_n_0
    SLICE_X60Y85         LUT3 (Prop_C5LUT_SLICEL_I2_O)
                                                      0.110     9.115 f  u_accel/u_pool/g_fpu[1].u_fpu/e_reg[4][add_mag][7]_srl4_i_13/O
                         net (fo=17, routed)          0.340     9.455    u_accel/u_pool/g_fpu[1].u_fpu/e_reg[4][add_mag][7]_srl4_i_13_n_0
    SLICE_X60Y90         LUT4 (Prop_F6LUT_SLICEL_I3_O)
                                                      0.148     9.603 r  u_accel/u_pool/g_fpu[1].u_fpu/e_reg[4][add_mag][7]_srl4_i_92/O
                         net (fo=1, routed)           0.011     9.614    u_accel/u_pool/g_fpu[1].u_fpu/e_reg[4][add_mag][7]_srl4_i_92_n_0
    SLICE_X60Y90         CARRY8 (Prop_CARRY8_SLICEL_S[5]_CO[7])
                                                      0.155     9.769 r  u_accel/u_pool/g_fpu[1].u_fpu/e_reg[4][add_mag][7]_srl4_i_36/CO[7]
                         net (fo=1, routed)           0.026     9.795    u_accel/u_pool/g_fpu[1].u_fpu/e_reg[4][add_mag][7]_srl4_i_36_n_0
    SLICE_X60Y91         CARRY8 (Prop_CARRY8_SLICEL_CI_CO[7])
                                                      0.015     9.810 r  u_accel/u_pool/g_fpu[1].u_fpu/e_reg[4][add_mag][7]_srl4_i_31/CO[7]
                         net (fo=1, routed)           0.026     9.836    u_accel/u_pool/g_fpu[1].u_fpu/e_reg[4][add_mag][7]_srl4_i_31_n_0
    SLICE_X60Y92         CARRY8 (Prop_CARRY8_SLICEL_CI_O[5])
                                                      0.116     9.952 r  u_accel/u_pool/g_fpu[1].u_fpu/e_reg[4][add_mag][7]_srl4_i_33/O[5]
                         net (fo=1, routed)           0.264    10.216    u_accel/u_pool/g_fpu[1].u_fpu/e_reg[4][add_mag][7]_srl4_i_33_n_10
    SLICE_X59Y92         LUT6 (Prop_G6LUT_SLICEL_I5_O)
                                                      0.149    10.365 r  u_accel/u_pool/g_fpu[1].u_fpu/e_reg[4][add_mag][7]_srl4_i_20/O
                         net (fo=1, routed)           0.252    10.617    u_accel/u_pool/g_fpu[1].u_fpu/e_reg[4][add_mag][7]_srl4_i_20_n_0
    SLICE_X58Y89         LUT6 (Prop_B6LUT_SLICEL_I0_O)
                                                      0.098    10.715 r  u_accel/u_pool/g_fpu[1].u_fpu/e_reg[4][add_mag][7]_srl4_i_18/O
                         net (fo=1, routed)           0.138    10.853    u_accel/u_pool/g_fpu[1].u_fpu/e_reg[4][add_mag][7]_srl4_i_18_n_0
    SLICE_X58Y85         LUT6 (Prop_G6LUT_SLICEL_I4_O)
                                                      0.097    10.950 r  u_accel/u_pool/g_fpu[1].u_fpu/e_reg[4][add_mag][7]_srl4_i_15/O
                         net (fo=1, routed)           0.198    11.148    u_accel/u_pool/g_fpu[1].u_fpu/e_reg[4][add_mag][7]_srl4_i_15_n_0
    SLICE_X59Y82         LUT5 (Prop_A6LUT_SLICEL_I4_O)
                                                      0.035    11.183 r  u_accel/u_pool/g_fpu[1].u_fpu/e_reg[4][add_mag][7]_srl4_i_10/O
                         net (fo=1, routed)           0.009    11.192    u_accel/u_pool/g_fpu[1].u_fpu/e_reg[4][add_mag][7]_srl4_i_10_n_0
    SLICE_X59Y82         CARRY8 (Prop_CARRY8_SLICEL_S[0]_CO[7])
                                                      0.190    11.382 r  u_accel/u_pool/g_fpu[1].u_fpu/e_reg[4][add_mag][7]_srl4_i_1/CO[7]
                         net (fo=1, routed)           0.026    11.408    u_accel/u_pool/g_fpu[1].u_fpu/e_reg[4][add_mag][7]_srl4_i_1_n_0
    SLICE_X59Y83         CARRY8 (Prop_CARRY8_SLICEL_CI_O[5])
                                                      0.116    11.524 f  u_accel/u_pool/g_fpu[1].u_fpu/e_reg[4][add_mag][15]_srl4_i_1/O[5]
                         net (fo=2, routed)           0.354    11.878    u_accel/u_pool/g_fpu[1].u_fpu/e_reg[4][add_mag][15]_srl4_i_1_n_10
    SLICE_X60Y82         LUT4 (Prop_B6LUT_SLICEL_I3_O)
                                                      0.098    11.976 f  u_accel/u_pool/g_fpu[1].u_fpu/e_reg[4][add_spec]_srl4_i_14/O
                         net (fo=1, routed)           0.091    12.067    u_accel/u_pool/g_fpu[1].u_fpu/e_reg[4][add_spec]_srl4_i_14_n_0
    SLICE_X60Y82         LUT5 (Prop_C6LUT_SLICEL_I4_O)
                                                      0.088    12.155 f  u_accel/u_pool/g_fpu[1].u_fpu/e_reg[4][add_spec]_srl4_i_12/O
                         net (fo=1, routed)           0.158    12.313    u_accel/u_pool/g_fpu[1].u_fpu/e_reg[4][add_spec]_srl4_i_12_n_0
    SLICE_X58Y83         LUT6 (Prop_D6LUT_SLICEL_I5_O)
                                                      0.099    12.412 f  u_accel/u_pool/g_fpu[1].u_fpu/e_reg[4][add_spec]_srl4_i_7/O
                         net (fo=1, routed)           0.043    12.455    u_accel/u_pool/g_fpu[1].u_fpu/e_reg[4][add_spec]_srl4_i_7_n_0
    SLICE_X58Y83         LUT6 (Prop_H6LUT_SLICEL_I5_O)
                                                      0.099    12.554 r  u_accel/u_pool/g_fpu[1].u_fpu/e_reg[4][add_spec]_srl4_i_3/O
                         net (fo=1, routed)           0.148    12.702    u_accel/u_pool/g_fpu[1].u_fpu/e_reg[4][add_spec]_srl4_i_3_n_0
    SLICE_X58Y82         LUT3 (Prop_A6LUT_SLICEL_I2_O)
                                                      0.090    12.792 r  u_accel/u_pool/g_fpu[1].u_fpu/e_reg[4][add_spec]_srl4_i_1/O
                         net (fo=1, routed)           0.186    12.978    u_accel/u_pool/g_fpu[1].u_fpu/e_reg[4][add_spec]_srl4_i_1_n_0
    SLICE_X57Y81         SRL16E                                       r  u_accel/u_pool/g_fpu[1].u_fpu/e_reg[4][add_spec]_srl4/D
  -------------------------------------------------------------------    -------------------

                         (clock clk rise edge)       10.000    10.000 r  
    E4                                                0.000    10.000 r  clk (IN)
                         net (fo=0)                   0.000    10.000    clk_IBUF_inst/I
    E4                   INBUF (Prop_INBUF_HDIOB_M_PAD_O)
                                                      0.533    10.533 r  clk_IBUF_inst/INBUF_INST/O
                         net (fo=1, routed)           0.000    10.533    clk_IBUF_inst/OUT
    E4                   IBUFCTRL (Prop_IBUFCTRL_HDIOB_M_I_O)
                                                      0.000    10.533 r  clk_IBUF_inst/IBUFCTRL_INST/O
                         net (fo=1, routed)           0.169    10.702    clk_IBUF
    BUFGCE_HDIO_X2Y2     BUFGCE (Prop_BUFCE_BUFGCE_HDIO_I_O)
                                                      0.024    10.726 r  clk_IBUF_BUFG_inst/O
    X1Y3 (CLOCK_ROOT)    net (fo=26496, routed)       2.336    13.062    u_accel/u_pool/g_fpu[1].u_fpu/clk
    SLICE_X57Y81         SRL16E                                       r  u_accel/u_pool/g_fpu[1].u_fpu/e_reg[4][add_spec]_srl4/CLK
                         clock pessimism              0.691    13.754    
                         clock uncertainty           -0.035    13.718    
    SLICE_X57Y81         SRL16E (Setup_E6LUT_SLICEM_CLK_D)
                                                     -0.063    13.655    u_accel/u_pool/g_fpu[1].u_fpu/e_reg[4][add_spec]_srl4
  -------------------------------------------------------------------
                         required time                         13.655    
                         arrival time                         -12.978    
  -------------------------------------------------------------------
                         slack                                  0.677    

Slack (MET) :             0.681ns  (required time - arrival time)
  Source:                 u_accel/u_pool/mem_pending_reg[6]/C
                            (rising edge-triggered cell FDRE clocked by clk  {rise@0.000ns fall@5.000ns period=10.000ns})
  Destination:            u_mem/g_bank[4].bank_reg_r2_64_127_14_20/RAMF/I
                            (rising edge-triggered cell RAMD64E clocked by clk  {rise@0.000ns fall@5.000ns period=10.000ns})
  Path Group:             clk
  Path Type:              Setup (Max at Slow Process Corner)
  Requirement:            10.000ns  (clk rise@10.000ns - clk rise@0.000ns)
  Data Path Delay:        8.973ns  (logic 2.113ns (23.550%)  route 6.860ns (76.450%))
  Logic Levels:           23  (CARRY8=2 LUT2=2 LUT3=1 LUT5=3 LUT6=13 MUXF7=2)
  Clock Path Skew:        -0.254ns (DCD - SCD + CPR)
    Destination Clock Delay (DCD):    3.006ns = ( 13.006 - 10.000 ) 
    Source Clock Delay      (SCD):    3.932ns
    Clock Pessimism Removal (CPR):    0.672ns
  Clock Uncertainty:      0.035ns  ((TSJ^2 + TIJ^2)^1/2 + DJ) / 2 + PE
    Total System Jitter     (TSJ):    0.071ns
    Total Input Jitter      (TIJ):    0.000ns
    Discrete Jitter          (DJ):    0.000ns
    Phase Error              (PE):    0.000ns
  Clock Net Delay (Source):      2.660ns (routing 1.343ns, distribution 1.317ns)
  Clock Net Delay (Destination): 2.280ns (routing 1.221ns, distribution 1.059ns)

    Location             Delay type                Incr(ns)  Path(ns)    Netlist Resource(s)
  -------------------------------------------------------------------    -------------------
                         (clock clk rise edge)        0.000     0.000 r  
    E4                                                0.000     0.000 r  clk (IN)
                         net (fo=0)                   0.000     0.000    clk_IBUF_inst/I
    E4                   INBUF (Prop_INBUF_HDIOB_M_PAD_O)
                                                      1.040     1.040 r  clk_IBUF_inst/INBUF_INST/O
                         net (fo=1, routed)           0.000     1.040    clk_IBUF_inst/OUT
    E4                   IBUFCTRL (Prop_IBUFCTRL_HDIOB_M_I_O)
                                                      0.000     1.040 r  clk_IBUF_inst/IBUFCTRL_INST/O
                         net (fo=1, routed)           0.204     1.244    clk_IBUF
    BUFGCE_HDIO_X2Y2     BUFGCE (Prop_BUFCE_BUFGCE_HDIO_I_O)
                                                      0.028     1.272 r  clk_IBUF_BUFG_inst/O
    X1Y3 (CLOCK_ROOT)    net (fo=26496, routed)       2.660     3.932    u_accel/u_pool/clk
    SLICE_X67Y170        FDRE                                         r  u_accel/u_pool/mem_pending_reg[6]/C
  -------------------------------------------------------------------    -------------------
    SLICE_X67Y170        FDRE (Prop_DFF_SLICEM_C_Q)
                                                      0.078     4.010 r  u_accel/u_pool/mem_pending_reg[6]/Q
                         net (fo=14, routed)          0.258     4.268    u_accel/u_pool/mem_pending_reg_n_0_[6]
    SLICE_X68Y171        LUT6 (Prop_G6LUT_SLICEL_I3_O)
                                                      0.050     4.318 f  u_accel/u_pool/dmem_addr[31]_INST_0_i_8/O
                         net (fo=1, routed)           0.089     4.407    u_accel/u_pool/dmem_addr[31]_INST_0_i_8_n_0
    SLICE_X68Y171        LUT3 (Prop_F6LUT_SLICEL_I2_O)
                                                      0.035     4.442 r  u_accel/u_pool/dmem_addr[31]_INST_0_i_6/O
                         net (fo=141, routed)         0.337     4.779    u_accel/u_pool/dmem_addr[31]_INST_0_i_6_n_0
    SLICE_X69Y175        LUT6 (Prop_H6LUT_SLICEL_I2_O)
                                                      0.124     4.903 r  u_accel/u_pool/dmem_addr[5]_INST_0_i_2/O
                         net (fo=1, routed)           0.010     4.913    u_accel/u_pool/dmem_addr[5]_INST_0_i_2_n_0
    SLICE_X69Y175        MUXF7 (Prop_F7MUX_GH_SLICEL_I0_O)
                                                      0.064     4.977 r  u_accel/u_pool/dmem_addr[5]_INST_0_i_1/O
                         net (fo=137, routed)         0.399     5.377    u_accel/u_pool/sc_sidx[3]
    SLICE_X68Y176        LUT6 (Prop_A6LUT_SLICEL_I4_O)
                                                      0.149     5.526 r  u_accel/u_pool/g_vrf[0].bank_reg_r1_0_63_0_6_i_114/O
                         net (fo=1, routed)           0.009     5.535    u_accel/u_pool/g_vrf[0].bank_reg_r1_0_63_0_6_i_114_n_0
    SLICE_X68Y176        CARRY8 (Prop_CARRY8_SLICEL_S[0]_CO[7])
                                                      0.190     5.725 r  u_accel/u_pool/g_vrf[0].bank_reg_r1_0_63_0_6_i_67/CO[7]
                         net (fo=1, routed)           0.026     5.751    u_accel/u_pool/g_vrf[0].bank_reg_r1_0_63_0_6_i_67_n_0
    SLICE_X68Y177        CARRY8 (Prop_CARRY8_SLICEL_CI_CO[0])
                                                      0.052     5.803 r  u_accel/u_pool/g_vrf[0].bank_reg_r1_0_63_0_6_i_44/CO[0]
                         net (fo=10, routed)          0.337     6.140    u_accel/u_pool/mem_busy4
    SLICE_X68Y163        LUT2 (Prop_H6LUT_SLICEL_I0_O)
                                                      0.099     6.239 r  u_accel/u_pool/dmem_be[31]_INST_0_i_35/O
                         net (fo=60, routed)          0.552     6.791    u_accel/u_pool/mem_busy3
    SLICE_X69Y126        LUT5 (Prop_D5LUT_SLICEL_I1_O)
                                                      0.110     6.901 r  u_accel/u_pool/dmem_wdata[239]_INST_0_i_53/O
                         net (fo=128, routed)         0.834     7.735    u_accel/u_pool/dmem_wdata[239]_INST_0_i_53_n_0
    SLICE_X71Y80         LUT6 (Prop_F6LUT_SLICEM_I3_O)
                                                      0.037     7.772 r  u_accel/u_pool/dmem_wdata[147]_INST_0_i_23/O
                         net (fo=1, routed)           0.099     7.871    u_accel/u_pool/dmem_wdata[147]_INST_0_i_23_n_0
    SLICE_X71Y80         LUT6 (Prop_D6LUT_SLICEM_I2_O)
                                                      0.122     7.993 r  u_accel/u_pool/dmem_wdata[147]_INST_0_i_22/O
                         net (fo=1, routed)           0.052     8.045    u_accel/u_pool/dmem_wdata[147]_INST_0_i_22_n_0
    SLICE_X71Y80         LUT5 (Prop_C6LUT_SLICEM_I0_O)
                                                      0.145     8.190 r  u_accel/u_pool/dmem_wdata[147]_INST_0_i_20/O
                         net (fo=1, routed)           0.092     8.282    u_accel/u_pool/dmem_wdata[147]_INST_0_i_20_n_0
    SLICE_X71Y80         LUT6 (Prop_H6LUT_SLICEM_I0_O)
                                                      0.090     8.372 r  u_accel/u_pool/dmem_wdata[147]_INST_0_i_17/O
                         net (fo=1, routed)           0.183     8.555    u_accel/u_pool/dmem_wdata[147]_INST_0_i_17_n_0
    SLICE_X71Y81         LUT6 (Prop_H6LUT_SLICEM_I1_O)
                                                      0.152     8.707 r  u_accel/u_pool/dmem_wdata[147]_INST_0_i_15/O
                         net (fo=1, routed)           0.304     9.011    u_accel/u_pool/dmem_wdata[147]_INST_0_i_15_n_0
    SLICE_X71Y92         LUT6 (Prop_H6LUT_SLICEM_I5_O)
                                                      0.039     9.050 f  u_accel/u_pool/dmem_wdata[147]_INST_0_i_12/O
                         net (fo=1, routed)           0.321     9.371    u_accel/u_pool/dmem_wdata[147]_INST_0_i_12_n_0
    SLICE_X66Y94         LUT6 (Prop_H6LUT_SLICEL_I0_O)
                                                      0.036     9.407 f  u_accel/u_pool/dmem_wdata[147]_INST_0_i_10/O
                         net (fo=1, routed)           0.535     9.942    u_accel/u_pool/dmem_wdata[147]_INST_0_i_10_n_0
    SLICE_X65Y108        LUT6 (Prop_G6LUT_SLICEL_I0_O)
                                                      0.035     9.977 r  u_accel/u_pool/dmem_wdata[147]_INST_0_i_9/O
                         net (fo=1, routed)           0.388    10.365    u_accel/u_pool/dmem_wdata[147]_INST_0_i_9_n_0
    SLICE_X60Y110        LUT6 (Prop_G6LUT_SLICEL_I0_O)
                                                      0.123    10.488 r  u_accel/u_pool/dmem_wdata[147]_INST_0_i_6/O
                         net (fo=1, routed)           0.044    10.532    u_accel/u_pool/dmem_wdata[147]_INST_0_i_6_n_0
    SLICE_X60Y110        LUT6 (Prop_H6LUT_SLICEL_I1_O)
                                                      0.051    10.583 r  u_accel/u_pool/dmem_wdata[147]_INST_0_i_3/O
                         net (fo=1, routed)           0.318    10.901    u_accel/u_pool/dmem_wdata[147]_INST_0_i_3_n_0
    SLICE_X57Y120        LUT6 (Prop_H6LUT_SLICEM_I5_O)
                                                      0.039    10.940 r  u_accel/u_pool/dmem_wdata[147]_INST_0_i_1/O
                         net (fo=1, routed)           0.378    11.318    u_accel/u_pool/dmem_wdata[147]_INST_0_i_1_n_0
    SLICE_X55Y130        LUT2 (Prop_B5LUT_SLICEL_I0_O)
                                                      0.141    11.459 r  u_accel/u_pool/dmem_wdata[147]_INST_0/O
                         net (fo=1, routed)           0.161    11.620    u_mem/dmem_wdata[147]
    SLICE_X55Y130        LUT5 (Prop_G6LUT_SLICEL_I0_O)
                                                      0.089    11.709 r  u_mem/g_bank[4].bank_reg_r1_0_63_14_20_i_19/O
                         net (fo=1, routed)           0.008    11.717    u_mem/g_bank[4].bank_reg_r1_0_63_14_20_i_19_n_0
    SLICE_X55Y130        MUXF7 (Prop_F7MUX_GH_SLICEL_I1_O)
                                                      0.063    11.780 r  u_mem/g_bank[4].bank_reg_r1_0_63_14_20_i_6/O
                         net (fo=6, routed)           1.125    12.905    u_mem/g_bank[4].bank_reg_r2_64_127_14_20/DIF
    SLICE_X64Y201        RAMD64E                                      r  u_mem/g_bank[4].bank_reg_r2_64_127_14_20/RAMF/I
  -------------------------------------------------------------------    -------------------

                         (clock clk rise edge)       10.000    10.000 r  
    E4                                                0.000    10.000 r  clk (IN)
                         net (fo=0)                   0.000    10.000    clk_IBUF_inst/I
    E4                   INBUF (Prop_INBUF_HDIOB_M_PAD_O)
                                                      0.533    10.533 r  clk_IBUF_inst/INBUF_INST/O
                         net (fo=1, routed)           0.000    10.533    clk_IBUF_inst/OUT
    E4                   IBUFCTRL (Prop_IBUFCTRL_HDIOB_M_I_O)
                                                      0.000    10.533 r  clk_IBUF_inst/IBUFCTRL_INST/O
                         net (fo=1, routed)           0.169    10.702    clk_IBUF
    BUFGCE_HDIO_X2Y2     BUFGCE (Prop_BUFCE_BUFGCE_HDIO_I_O)
                                                      0.024    10.726 r  clk_IBUF_BUFG_inst/O
    X1Y3 (CLOCK_ROOT)    net (fo=26496, routed)       2.280    13.006    u_mem/g_bank[4].bank_reg_r2_64_127_14_20/WCLK
    SLICE_X64Y201        RAMD64E                                      r  u_mem/g_bank[4].bank_reg_r2_64_127_14_20/RAMF/CLK
                         clock pessimism              0.672    13.678    
                         clock uncertainty           -0.035    13.643    
    SLICE_X64Y201        RAMD64E (Setup_F6LUT_SLICEM_CLK_I)
                                                     -0.057    13.586    u_mem/g_bank[4].bank_reg_r2_64_127_14_20/RAMF
  -------------------------------------------------------------------
                         required time                         13.586    
                         arrival time                         -12.905    
  -------------------------------------------------------------------
                         slack                                  0.681    

Slack (MET) :             0.697ns  (required time - arrival time)
  Source:                 u_accel/u_pool/mem_pending_reg[6]/C
                            (rising edge-triggered cell FDRE clocked by clk  {rise@0.000ns fall@5.000ns period=10.000ns})
  Destination:            u_mem/g_bank[4].bank_reg_r2_0_63_14_20/RAMF/I
                            (rising edge-triggered cell RAMD64E clocked by clk  {rise@0.000ns fall@5.000ns period=10.000ns})
  Path Group:             clk
  Path Type:              Setup (Max at Slow Process Corner)
  Requirement:            10.000ns  (clk rise@10.000ns - clk rise@0.000ns)
  Data Path Delay:        8.956ns  (logic 2.113ns (23.594%)  route 6.843ns (76.406%))
  Logic Levels:           23  (CARRY8=2 LUT2=2 LUT3=1 LUT5=3 LUT6=13 MUXF7=2)
  Clock Path Skew:        -0.255ns (DCD - SCD + CPR)
    Destination Clock Delay (DCD):    3.005ns = ( 13.005 - 10.000 ) 
    Source Clock Delay      (SCD):    3.932ns
    Clock Pessimism Removal (CPR):    0.672ns
  Clock Uncertainty:      0.035ns  ((TSJ^2 + TIJ^2)^1/2 + DJ) / 2 + PE
    Total System Jitter     (TSJ):    0.071ns
    Total Input Jitter      (TIJ):    0.000ns
    Discrete Jitter          (DJ):    0.000ns
    Phase Error              (PE):    0.000ns
  Clock Net Delay (Source):      2.660ns (routing 1.343ns, distribution 1.317ns)
  Clock Net Delay (Destination): 2.279ns (routing 1.221ns, distribution 1.058ns)

    Location             Delay type                Incr(ns)  Path(ns)    Netlist Resource(s)
  -------------------------------------------------------------------    -------------------
                         (clock clk rise edge)        0.000     0.000 r  
    E4                                                0.000     0.000 r  clk (IN)
                         net (fo=0)                   0.000     0.000    clk_IBUF_inst/I
    E4                   INBUF (Prop_INBUF_HDIOB_M_PAD_O)
                                                      1.040     1.040 r  clk_IBUF_inst/INBUF_INST/O
                         net (fo=1, routed)           0.000     1.040    clk_IBUF_inst/OUT
    E4                   IBUFCTRL (Prop_IBUFCTRL_HDIOB_M_I_O)
                                                      0.000     1.040 r  clk_IBUF_inst/IBUFCTRL_INST/O
                         net (fo=1, routed)           0.204     1.244    clk_IBUF
    BUFGCE_HDIO_X2Y2     BUFGCE (Prop_BUFCE_BUFGCE_HDIO_I_O)
                                                      0.028     1.272 r  clk_IBUF_BUFG_inst/O
    X1Y3 (CLOCK_ROOT)    net (fo=26496, routed)       2.660     3.932    u_accel/u_pool/clk
    SLICE_X67Y170        FDRE                                         r  u_accel/u_pool/mem_pending_reg[6]/C
  -------------------------------------------------------------------    -------------------
    SLICE_X67Y170        FDRE (Prop_DFF_SLICEM_C_Q)
                                                      0.078     4.010 r  u_accel/u_pool/mem_pending_reg[6]/Q
                         net (fo=14, routed)          0.258     4.268    u_accel/u_pool/mem_pending_reg_n_0_[6]
    SLICE_X68Y171        LUT6 (Prop_G6LUT_SLICEL_I3_O)
                                                      0.050     4.318 f  u_accel/u_pool/dmem_addr[31]_INST_0_i_8/O
                         net (fo=1, routed)           0.089     4.407    u_accel/u_pool/dmem_addr[31]_INST_0_i_8_n_0
    SLICE_X68Y171        LUT3 (Prop_F6LUT_SLICEL_I2_O)
                                                      0.035     4.442 r  u_accel/u_pool/dmem_addr[31]_INST_0_i_6/O
                         net (fo=141, routed)         0.337     4.779    u_accel/u_pool/dmem_addr[31]_INST_0_i_6_n_0
    SLICE_X69Y175        LUT6 (Prop_H6LUT_SLICEL_I2_O)
                                                      0.124     4.903 r  u_accel/u_pool/dmem_addr[5]_INST_0_i_2/O
                         net (fo=1, routed)           0.010     4.913    u_accel/u_pool/dmem_addr[5]_INST_0_i_2_n_0
    SLICE_X69Y175        MUXF7 (Prop_F7MUX_GH_SLICEL_I0_O)
                                                      0.064     4.977 r  u_accel/u_pool/dmem_addr[5]_INST_0_i_1/O
                         net (fo=137, routed)         0.399     5.377    u_accel/u_pool/sc_sidx[3]
    SLICE_X68Y176        LUT6 (Prop_A6LUT_SLICEL_I4_O)
                                                      0.149     5.526 r  u_accel/u_pool/g_vrf[0].bank_reg_r1_0_63_0_6_i_114/O
                         net (fo=1, routed)           0.009     5.535    u_accel/u_pool/g_vrf[0].bank_reg_r1_0_63_0_6_i_114_n_0
    SLICE_X68Y176        CARRY8 (Prop_CARRY8_SLICEL_S[0]_CO[7])
                                                      0.190     5.725 r  u_accel/u_pool/g_vrf[0].bank_reg_r1_0_63_0_6_i_67/CO[7]
                         net (fo=1, routed)           0.026     5.751    u_accel/u_pool/g_vrf[0].bank_reg_r1_0_63_0_6_i_67_n_0
    SLICE_X68Y177        CARRY8 (Prop_CARRY8_SLICEL_CI_CO[0])
                                                      0.052     5.803 r  u_accel/u_pool/g_vrf[0].bank_reg_r1_0_63_0_6_i_44/CO[0]
                         net (fo=10, routed)          0.337     6.140    u_accel/u_pool/mem_busy4
    SLICE_X68Y163        LUT2 (Prop_H6LUT_SLICEL_I0_O)
                                                      0.099     6.239 r  u_accel/u_pool/dmem_be[31]_INST_0_i_35/O
                         net (fo=60, routed)          0.552     6.791    u_accel/u_pool/mem_busy3
    SLICE_X69Y126        LUT5 (Prop_D5LUT_SLICEL_I1_O)
                                                      0.110     6.901 r  u_accel/u_pool/dmem_wdata[239]_INST_0_i_53/O
                         net (fo=128, routed)         0.834     7.735    u_accel/u_pool/dmem_wdata[239]_INST_0_i_53_n_0
    SLICE_X71Y80         LUT6 (Prop_F6LUT_SLICEM_I3_O)
                                                      0.037     7.772 r  u_accel/u_pool/dmem_wdata[147]_INST_0_i_23/O
                         net (fo=1, routed)           0.099     7.871    u_accel/u_pool/dmem_wdata[147]_INST_0_i_23_n_0
    SLICE_X71Y80         LUT6 (Prop_D6LUT_SLICEM_I2_O)
                                                      0.122     7.993 r  u_accel/u_pool/dmem_wdata[147]_INST_0_i_22/O
                         net (fo=1, routed)           0.052     8.045    u_accel/u_pool/dmem_wdata[147]_INST_0_i_22_n_0
    SLICE_X71Y80         LUT5 (Prop_C6LUT_SLICEM_I0_O)
                                                      0.145     8.190 r  u_accel/u_pool/dmem_wdata[147]_INST_0_i_20/O
                         net (fo=1, routed)           0.092     8.282    u_accel/u_pool/dmem_wdata[147]_INST_0_i_20_n_0
    SLICE_X71Y80         LUT6 (Prop_H6LUT_SLICEM_I0_O)
                                                      0.090     8.372 r  u_accel/u_pool/dmem_wdata[147]_INST_0_i_17/O
                         net (fo=1, routed)           0.183     8.555    u_accel/u_pool/dmem_wdata[147]_INST_0_i_17_n_0
    SLICE_X71Y81         LUT6 (Prop_H6LUT_SLICEM_I1_O)
                                                      0.152     8.707 r  u_accel/u_pool/dmem_wdata[147]_INST_0_i_15/O
                         net (fo=1, routed)           0.304     9.011    u_accel/u_pool/dmem_wdata[147]_INST_0_i_15_n_0
    SLICE_X71Y92         LUT6 (Prop_H6LUT_SLICEM_I5_O)
                                                      0.039     9.050 f  u_accel/u_pool/dmem_wdata[147]_INST_0_i_12/O
                         net (fo=1, routed)           0.321     9.371    u_accel/u_pool/dmem_wdata[147]_INST_0_i_12_n_0
    SLICE_X66Y94         LUT6 (Prop_H6LUT_SLICEL_I0_O)
                                                      0.036     9.407 f  u_accel/u_pool/dmem_wdata[147]_INST_0_i_10/O
                         net (fo=1, routed)           0.535     9.942    u_accel/u_pool/dmem_wdata[147]_INST_0_i_10_n_0
    SLICE_X65Y108        LUT6 (Prop_G6LUT_SLICEL_I0_O)
                                                      0.035     9.977 r  u_accel/u_pool/dmem_wdata[147]_INST_0_i_9/O
                         net (fo=1, routed)           0.388    10.365    u_accel/u_pool/dmem_wdata[147]_INST_0_i_9_n_0
    SLICE_X60Y110        LUT6 (Prop_G6LUT_SLICEL_I0_O)
                                                      0.123    10.488 r  u_accel/u_pool/dmem_wdata[147]_INST_0_i_6/O
                         net (fo=1, routed)           0.044    10.532    u_accel/u_pool/dmem_wdata[147]_INST_0_i_6_n_0
    SLICE_X60Y110        LUT6 (Prop_H6LUT_SLICEL_I1_O)
                                                      0.051    10.583 r  u_accel/u_pool/dmem_wdata[147]_INST_0_i_3/O
                         net (fo=1, routed)           0.318    10.901    u_accel/u_pool/dmem_wdata[147]_INST_0_i_3_n_0
    SLICE_X57Y120        LUT6 (Prop_H6LUT_SLICEM_I5_O)
                                                      0.039    10.940 r  u_accel/u_pool/dmem_wdata[147]_INST_0_i_1/O
                         net (fo=1, routed)           0.378    11.318    u_accel/u_pool/dmem_wdata[147]_INST_0_i_1_n_0
    SLICE_X55Y130        LUT2 (Prop_B5LUT_SLICEL_I0_O)
                                                      0.141    11.459 r  u_accel/u_pool/dmem_wdata[147]_INST_0/O
                         net (fo=1, routed)           0.161    11.620    u_mem/dmem_wdata[147]
    SLICE_X55Y130        LUT5 (Prop_G6LUT_SLICEL_I0_O)
                                                      0.089    11.709 r  u_mem/g_bank[4].bank_reg_r1_0_63_14_20_i_19/O
                         net (fo=1, routed)           0.008    11.717    u_mem/g_bank[4].bank_reg_r1_0_63_14_20_i_19_n_0
    SLICE_X55Y130        MUXF7 (Prop_F7MUX_GH_SLICEL_I1_O)
                                                      0.063    11.780 r  u_mem/g_bank[4].bank_reg_r1_0_63_14_20_i_6/O
                         net (fo=6, routed)           1.108    12.888    u_mem/g_bank[4].bank_reg_r2_0_63_14_20/DIF
    SLICE_X64Y202        RAMD64E                                      r  u_mem/g_bank[4].bank_reg_r2_0_63_14_20/RAMF/I
  -------------------------------------------------------------------    -------------------

                         (clock clk rise edge)       10.000    10.000 r  
    E4                                                0.000    10.000 r  clk (IN)
                         net (fo=0)                   0.000    10.000    clk_IBUF_inst/I
    E4                   INBUF (Prop_INBUF_HDIOB_M_PAD_O)
                                                      0.533    10.533 r  clk_IBUF_inst/INBUF_INST/O
                         net (fo=1, routed)           0.000    10.533    clk_IBUF_inst/OUT
    E4                   IBUFCTRL (Prop_IBUFCTRL_HDIOB_M_I_O)
                                                      0.000    10.533 r  clk_IBUF_inst/IBUFCTRL_INST/O
                         net (fo=1, routed)           0.169    10.702    clk_IBUF
    BUFGCE_HDIO_X2Y2     BUFGCE (Prop_BUFCE_BUFGCE_HDIO_I_O)
                                                      0.024    10.726 r  clk_IBUF_BUFG_inst/O
    X1Y3 (CLOCK_ROOT)    net (fo=26496, routed)       2.279    13.005    u_mem/g_bank[4].bank_reg_r2_0_63_14_20/WCLK
    SLICE_X64Y202        RAMD64E                                      r  u_mem/g_bank[4].bank_reg_r2_0_63_14_20/RAMF/CLK
                         clock pessimism              0.672    13.677    
                         clock uncertainty           -0.035    13.642    
    SLICE_X64Y202        RAMD64E (Setup_F6LUT_SLICEM_CLK_I)
                                                     -0.057    13.585    u_mem/g_bank[4].bank_reg_r2_0_63_14_20/RAMF
  -------------------------------------------------------------------
                         required time                         13.585    
                         arrival time                         -12.888    
  -------------------------------------------------------------------
                         slack                                  0.697    

Slack (MET) :             0.722ns  (required time - arrival time)
  Source:                 u_accel/u_pool/q_frv1_reg[6][22]/C
                            (rising edge-triggered cell FDRE clocked by clk  {rise@0.000ns fall@5.000ns period=10.000ns})
  Destination:            u_accel/u_pool/g_fpu[6].u_fpu/e_reg[4][add_spec]_srl4_srlopt/D
                            (rising edge-triggered cell FDRE clocked by clk  {rise@0.000ns fall@5.000ns period=10.000ns})
  Path Group:             clk
  Path Type:              Setup (Max at Slow Process Corner)
  Requirement:            10.000ns  (clk rise@10.000ns - clk rise@0.000ns)
  Data Path Delay:        9.214ns  (logic 3.220ns (34.948%)  route 5.994ns (65.052%))
  Logic Levels:           38  (CARRY8=12 LUT3=2 LUT4=2 LUT5=6 LUT6=16)
  Clock Path Skew:        -0.054ns (DCD - SCD + CPR)
    Destination Clock Delay (DCD):    3.190ns = ( 13.190 - 10.000 ) 
    Source Clock Delay      (SCD):    3.935ns
    Clock Pessimism Removal (CPR):    0.691ns
  Clock Uncertainty:      0.035ns  ((TSJ^2 + TIJ^2)^1/2 + DJ) / 2 + PE
    Total System Jitter     (TSJ):    0.071ns
    Total Input Jitter      (TIJ):    0.000ns
    Discrete Jitter          (DJ):    0.000ns
    Phase Error              (PE):    0.000ns
  Clock Net Delay (Source):      2.663ns (routing 1.343ns, distribution 1.320ns)
  Clock Net Delay (Destination): 2.464ns (routing 1.221ns, distribution 1.243ns)

    Location             Delay type                Incr(ns)  Path(ns)    Netlist Resource(s)
  -------------------------------------------------------------------    -------------------
                         (clock clk rise edge)        0.000     0.000 r  
    E4                                                0.000     0.000 r  clk (IN)
                         net (fo=0)                   0.000     0.000    clk_IBUF_inst/I
    E4                   INBUF (Prop_INBUF_HDIOB_M_PAD_O)
                                                      1.040     1.040 r  clk_IBUF_inst/INBUF_INST/O
                         net (fo=1, routed)           0.000     1.040    clk_IBUF_inst/OUT
    E4                   IBUFCTRL (Prop_IBUFCTRL_HDIOB_M_I_O)
                                                      0.000     1.040 r  clk_IBUF_inst/IBUFCTRL_INST/O
                         net (fo=1, routed)           0.204     1.244    clk_IBUF
    BUFGCE_HDIO_X2Y2     BUFGCE (Prop_BUFCE_BUFGCE_HDIO_I_O)
                                                      0.028     1.272 r  clk_IBUF_BUFG_inst/O
    X1Y3 (CLOCK_ROOT)    net (fo=26496, routed)       2.663     3.935    u_accel/u_pool/clk
    SLICE_X82Y161        FDRE                                         r  u_accel/u_pool/q_frv1_reg[6][22]/C
  -------------------------------------------------------------------    -------------------
    SLICE_X82Y161        FDRE (Prop_DFF_SLICEL_C_Q)
                                                      0.079     4.014 f  u_accel/u_pool/q_frv1_reg[6][22]/Q
                         net (fo=3, routed)           0.392     4.406    u_accel/u_pool/g_fpu[6].u_fpu/a[22]
    SLICE_X81Y150        LUT6 (Prop_B6LUT_SLICEM_I4_O)
                                                      0.149     4.555 r  u_accel/u_pool/g_fpu[6].u_fpu/e_reg[4][sgnj_h][14]_srl4_i_5/O
                         net (fo=2, routed)           0.052     4.608    u_accel/u_pool/g_fpu[6].u_fpu/e_reg[4][sgnj_h][14]_srl4_i_5_n_0
    SLICE_X81Y150        LUT6 (Prop_H6LUT_SLICEM_I0_O)
                                                      0.101     4.709 r  u_accel/u_pool/g_fpu[6].u_fpu/e_reg[4][sgnj_h][14]_srl4_i_4/O
                         net (fo=1, routed)           0.316     5.025    u_accel/u_pool/g_fpu[6].u_fpu/e_reg[4][sgnj_h][14]_srl4_i_4_n_0
    SLICE_X81Y143        LUT6 (Prop_A6LUT_SLICEM_I5_O)
                                                      0.125     5.150 r  u_accel/u_pool/g_fpu[6].u_fpu/e_reg[4][sgnj_h][14]_srl4_i_1/O
                         net (fo=8, routed)           0.314     5.464    u_accel/u_pool/g_fpu[6].u_fpu/p_0_in[4]
    SLICE_X80Y142        LUT6 (Prop_H6LUT_SLICEL_I0_O)
                                                      0.099     5.563 r  u_accel/u_pool/g_fpu[6].u_fpu/e[1][minmax_h][9]_i_4/O
                         net (fo=1, routed)           0.037     5.600    u_accel/u_pool/g_fpu[6].u_fpu/e[1][minmax_h][9]_i_4_n_0
    SLICE_X80Y142        LUT5 (Prop_F6LUT_SLICEL_I0_O)
                                                      0.089     5.689 f  u_accel/u_pool/g_fpu[6].u_fpu/e[1][minmax_h][9]_i_2/O
                         net (fo=28, routed)          0.130     5.819    u_accel/u_pool/g_fpu[6].u_fpu/e[1][minmax_h][9]_i_2_n_0
    SLICE_X82Y142        LUT6 (Prop_H6LUT_SLICEL_I2_O)
                                                      0.124     5.943 r  u_accel/u_pool/g_fpu[6].u_fpu/e[1][minmax][24]_i_2/O
                         net (fo=73, routed)          0.392     6.335    u_accel/u_pool/g_fpu[6].u_fpu/e[1][mul_esum][7]_i_6_n_0
    SLICE_X81Y131        LUT4 (Prop_B6LUT_SLICEM_I0_O)
                                                      0.037     6.372 f  u_accel/u_pool/g_fpu[6].u_fpu/prod2_reg_i_56/O
                         net (fo=1, routed)           0.142     6.514    u_accel/u_pool/g_fpu[6].u_fpu/prod2_reg_i_56_n_0
    SLICE_X81Y131        LUT5 (Prop_C6LUT_SLICEM_I0_O)
                                                      0.037     6.551 r  u_accel/u_pool/g_fpu[6].u_fpu/prod2_reg_i_42/O
                         net (fo=97, routed)          0.262     6.813    u_accel/u_pool/g_fpu[6].u_fpu/siga[23]
    SLICE_X80Y134        LUT3 (Prop_C5LUT_SLICEL_I2_O)
                                                      0.098     6.911 r  u_accel/u_pool/g_fpu[6].u_fpu/prod2_reg_i_7/O
                         net (fo=17, routed)          0.498     7.408    u_accel/u_pool/g_fpu[6].u_fpu/siga[10]
    SLICE_X83Y126        LUT6 (Prop_H6LUT_SLICEM_I0_O)
                                                      0.152     7.560 r  u_accel/u_pool/g_fpu[6].u_fpu/e_reg[4][cmp][0]_srl4_i_63/O
                         net (fo=2, routed)           0.188     7.748    u_accel/u_pool/g_fpu[6].u_fpu/e_reg[4][cmp][0]_srl4_i_63_n_0
    SLICE_X83Y125        CARRY8 (Prop_CARRY8_SLICEM_DI[5]_CO[7])
                                                      0.088     7.836 r  u_accel/u_pool/g_fpu[6].u_fpu/e_reg[4][add_ebig][7]_srl4_i_14/CO[7]
                         net (fo=1, routed)           0.026     7.862    u_accel/u_pool/g_fpu[6].u_fpu/e_reg[4][add_ebig][7]_srl4_i_14_n_0
    SLICE_X83Y126        CARRY8 (Prop_CARRY8_SLICEM_CI_CO[3])
                                                      0.060     7.922 r  u_accel/u_pool/g_fpu[6].u_fpu/e_reg[4][add_ebig][7]_srl4_i_13/CO[3]
                         net (fo=1, routed)           0.194     8.116    u_accel/u_pool/g_fpu[6].u_fpu/p_112_in
    SLICE_X84Y126        LUT6 (Prop_H6LUT_SLICEM_I3_O)
                                                      0.053     8.169 f  u_accel/u_pool/g_fpu[6].u_fpu/e_reg[4][add_ebig][7]_srl4_i_4/O
                         net (fo=1, routed)           0.085     8.254    u_accel/u_pool/g_fpu[6].u_fpu/e_reg[4][add_ebig][7]_srl4_i_4_n_0
    SLICE_X85Y126        LUT6 (Prop_H6LUT_SLICEL_I1_O)
                                                      0.051     8.305 r  u_accel/u_pool/g_fpu[6].u_fpu/e_reg[4][add_ebig][7]_srl4_i_2/O
                         net (fo=104, routed)         0.243     8.548    u_accel/u_pool/g_fpu[6].u_fpu/e_reg[4][add_ebig][7]_srl4_i_2_n_0
    SLICE_X85Y123        LUT5 (Prop_C6LUT_SLICEL_I3_O)
                                                      0.050     8.598 r  u_accel/u_pool/g_fpu[6].u_fpu/e_reg[4][add_mag][50]_srl4_i_16/O
                         net (fo=3, routed)           0.091     8.689    u_accel/u_pool/g_fpu[6].u_fpu/e_reg[4][add_mag][50]_srl4_i_16_n_0
    SLICE_X85Y123        LUT6 (Prop_H6LUT_SLICEL_I0_O)
                                                      0.090     8.779 r  u_accel/u_pool/g_fpu[6].u_fpu/e_reg[4][add_mag][31]_srl4_i_44/O
                         net (fo=3, routed)           0.045     8.824    u_accel/u_pool/g_fpu[6].u_fpu/e_reg[4][add_mag][31]_srl4_i_44_n_0
    SLICE_X85Y123        LUT5 (Prop_F6LUT_SLICEL_I4_O)
                                                      0.089     8.913 f  u_accel/u_pool/g_fpu[6].u_fpu/e_reg[4][add_mag][31]_srl4_i_22/O
                         net (fo=104, routed)         0.414     9.327    u_accel/u_pool/g_fpu[6].u_fpu/e_reg[4][add_mag][31]_srl4_i_22_n_0
    SLICE_X87Y116        LUT6 (Prop_F6LUT_SLICEL_I2_O)
                                                      0.097     9.424 r  u_accel/u_pool/g_fpu[6].u_fpu/e_reg[4][add_mag][7]_srl4_i_141/O
                         net (fo=1, routed)           0.270     9.694    u_accel/u_pool/g_fpu[6].u_fpu/e_reg[4][add_mag][7]_srl4_i_141_n_0
    SLICE_X86Y116        CARRY8 (Prop_CARRY8_SLICEM_DI[0]_CO[7])
                                                      0.132     9.826 r  u_accel/u_pool/g_fpu[6].u_fpu/e_reg[4][add_mag][7]_srl4_i_116/CO[7]
                         net (fo=1, routed)           0.026     9.852    u_accel/u_pool/g_fpu[6].u_fpu/e_reg[4][add_mag][7]_srl4_i_116_n_0
    SLICE_X86Y117        CARRY8 (Prop_CARRY8_SLICEM_CI_CO[7])
                                                      0.015     9.867 r  u_accel/u_pool/g_fpu[6].u_fpu/e_reg[4][add_mag][7]_srl4_i_99/CO[7]
                         net (fo=1, routed)           0.026     9.893    u_accel/u_pool/g_fpu[6].u_fpu/e_reg[4][add_mag][7]_srl4_i_99_n_0
    SLICE_X86Y118        CARRY8 (Prop_CARRY8_SLICEM_CI_CO[7])
                                                      0.015     9.908 r  u_accel/u_pool/g_fpu[6].u_fpu/e_reg[4][add_mag][7]_srl4_i_81/CO[7]
                         net (fo=1, routed)           0.026     9.934    u_accel/u_pool/g_fpu[6].u_fpu/e_reg[4][add_mag][7]_srl4_i_81_n_0
    SLICE_X86Y119        CARRY8 (Prop_CARRY8_SLICEM_CI_O[5])
                                                      0.116    10.050 r  u_accel/u_pool/g_fpu[6].u_fpu/e_reg[4][add_mag][7]_srl4_i_36/O[5]
                         net (fo=1, routed)           0.277    10.327    u_accel/u_pool/g_fpu[6].u_fpu/e_reg[4][add_mag][7]_srl4_i_36_n_10
    SLICE_X85Y121        LUT6 (Prop_B6LUT_SLICEL_I0_O)
                                                      0.051    10.378 r  u_accel/u_pool/g_fpu[6].u_fpu/e_reg[4][add_mag][7]_srl4_i_38/O
                         net (fo=1, routed)           0.171    10.549    u_accel/u_pool/g_fpu[6].u_fpu/e_reg[4][add_mag][7]_srl4_i_38_n_0
    SLICE_X85Y121        LUT6 (Prop_D6LUT_SLICEL_I3_O)
                                                      0.146    10.695 r  u_accel/u_pool/g_fpu[6].u_fpu/e_reg[4][add_mag][7]_srl4_i_22/O
                         net (fo=1, routed)           0.043    10.738    u_accel/u_pool/g_fpu[6].u_fpu/e_reg[4][add_mag][7]_srl4_i_22_n_0
    SLICE_X85Y121        LUT6 (Prop_H6LUT_SLICEL_I2_O)
                                                      0.099    10.837 r  u_accel/u_pool/g_fpu[6].u_fpu/e_reg[4][add_mag][7]_srl4_i_18/O
                         net (fo=1, routed)           0.311    11.148    u_accel/u_pool/g_fpu[6].u_fpu/e_reg[4][add_mag][7]_srl4_i_18_n_0
    SLICE_X88Y112        LUT6 (Prop_G6LUT_SLICEM_I4_O)
                                                      0.150    11.298 r  u_accel/u_pool/g_fpu[6].u_fpu/e_reg[4][add_mag][7]_srl4_i_15/O
                         net (fo=1, routed)           0.166    11.464    u_accel/u_pool/g_fpu[6].u_fpu/e_reg[4][add_mag][7]_srl4_i_15_n_0
    SLICE_X89Y110        LUT5 (Prop_A6LUT_SLICEM_I4_O)
                                                      0.125    11.589 r  u_accel/u_pool/g_fpu[6].u_fpu/e_reg[4][add_mag][7]_srl4_i_10/O
                         net (fo=1, routed)           0.013    11.602    u_accel/u_pool/g_fpu[6].u_fpu/e_reg[4][add_mag][7]_srl4_i_10_n_0
    SLICE_X89Y110        CARRY8 (Prop_CARRY8_SLICEM_S[0]_CO[7])
                                                      0.192    11.794 r  u_accel/u_pool/g_fpu[6].u_fpu/e_reg[4][add_mag][7]_srl4_i_1/CO[7]
                         net (fo=1, routed)           0.026    11.820    u_accel/u_pool/g_fpu[6].u_fpu/e_reg[4][add_mag][7]_srl4_i_1_n_0
    SLICE_X89Y111        CARRY8 (Prop_CARRY8_SLICEM_CI_CO[7])
                                                      0.015    11.835 r  u_accel/u_pool/g_fpu[6].u_fpu/e_reg[4][add_mag][15]_srl4_i_1/CO[7]
                         net (fo=1, routed)           0.026    11.861    u_accel/u_pool/g_fpu[6].u_fpu/e_reg[4][add_mag][15]_srl4_i_1_n_0
    SLICE_X89Y112        CARRY8 (Prop_CARRY8_SLICEM_CI_CO[7])
                                                      0.015    11.876 r  u_accel/u_pool/g_fpu[6].u_fpu/e_reg[4][add_mag][23]_srl4_i_1/CO[7]
                         net (fo=1, routed)           0.026    11.902    u_accel/u_pool/g_fpu[6].u_fpu/e_reg[4][add_mag][23]_srl4_i_1_n_0
    SLICE_X89Y113        CARRY8 (Prop_CARRY8_SLICEM_CI_CO[7])
                                                      0.015    11.917 r  u_accel/u_pool/g_fpu[6].u_fpu/e_reg[4][add_mag][31]_srl4_i_1/CO[7]
                         net (fo=1, routed)           0.026    11.943    u_accel/u_pool/g_fpu[6].u_fpu/e_reg[4][add_mag][31]_srl4_i_1_n_0
    SLICE_X89Y114        CARRY8 (Prop_CARRY8_SLICEM_CI_CO[7])
                                                      0.015    11.958 r  u_accel/u_pool/g_fpu[6].u_fpu/e_reg[4][add_mag][39]_srl4_i_1/CO[7]
                         net (fo=1, routed)           0.026    11.984    u_accel/u_pool/g_fpu[6].u_fpu/e_reg[4][add_mag][39]_srl4_i_1_n_0
    SLICE_X89Y115        CARRY8 (Prop_CARRY8_SLICEM_CI_O[3])
                                                      0.082    12.066 f  u_accel/u_pool/g_fpu[6].u_fpu/e_reg[4][add_mag][47]_srl4_i_1/O[3]
                         net (fo=2, routed)           0.255    12.321    u_accel/u_pool/g_fpu[6].u_fpu/e_reg[4][add_mag][47]_srl4_i_1_n_12
    SLICE_X89Y109        LUT4 (Prop_G6LUT_SLICEM_I0_O)
                                                      0.090    12.411 f  u_accel/u_pool/g_fpu[6].u_fpu/e_reg[4][add_spec]_srl4_i_14/O
                         net (fo=1, routed)           0.198    12.609    u_accel/u_pool/g_fpu[6].u_fpu/e_reg[4][add_spec]_srl4_i_14_n_0
    SLICE_X90Y109        LUT5 (Prop_F6LUT_SLICEL_I4_O)
                                                      0.035    12.644 f  u_accel/u_pool/g_fpu[6].u_fpu/e_reg[4][add_spec]_srl4_i_12/O
                         net (fo=1, routed)           0.039    12.683    u_accel/u_pool/g_fpu[6].u_fpu/e_reg[4][add_spec]_srl4_i_12_n_0
    SLICE_X90Y109        LUT6 (Prop_G6LUT_SLICEL_I5_O)
                                                      0.035    12.718 f  u_accel/u_pool/g_fpu[6].u_fpu/e_reg[4][add_spec]_srl4_i_7/O
                         net (fo=1, routed)           0.044    12.762    u_accel/u_pool/g_fpu[6].u_fpu/e_reg[4][add_spec]_srl4_i_7_n_0
    SLICE_X90Y109        LUT6 (Prop_H6LUT_SLICEL_I5_O)
                                                      0.051    12.813 r  u_accel/u_pool/g_fpu[6].u_fpu/e_reg[4][add_spec]_srl4_i_3/O
                         net (fo=1, routed)           0.163    12.976    u_accel/u_pool/g_fpu[6].u_fpu/e_reg[4][add_spec]_srl4_i_3_n_0
    SLICE_X90Y110        LUT3 (Prop_H5LUT_SLICEL_I2_O)
                                                      0.158    13.134 r  u_accel/u_pool/g_fpu[6].u_fpu/e_reg[4][add_spec]_srl4_i_1/O
                         net (fo=1, routed)           0.015    13.149    u_accel/u_pool/g_fpu[6].u_fpu/e_reg[4][add_spec]_srl4_i_1_n_0
    SLICE_X90Y110        FDRE                                         r  u_accel/u_pool/g_fpu[6].u_fpu/e_reg[4][add_spec]_srl4_srlopt/D
  -------------------------------------------------------------------    -------------------

                         (clock clk rise edge)       10.000    10.000 r  
    E4                                                0.000    10.000 r  clk (IN)
                         net (fo=0)                   0.000    10.000    clk_IBUF_inst/I
    E4                   INBUF (Prop_INBUF_HDIOB_M_PAD_O)
                                                      0.533    10.533 r  clk_IBUF_inst/INBUF_INST/O
                         net (fo=1, routed)           0.000    10.533    clk_IBUF_inst/OUT
    E4                   IBUFCTRL (Prop_IBUFCTRL_HDIOB_M_I_O)
                                                      0.000    10.533 r  clk_IBUF_inst/IBUFCTRL_INST/O
                         net (fo=1, routed)           0.169    10.702    clk_IBUF
    BUFGCE_HDIO_X2Y2     BUFGCE (Prop_BUFCE_BUFGCE_HDIO_I_O)
                                                      0.024    10.726 r  clk_IBUF_BUFG_inst/O
    X1Y3 (CLOCK_ROOT)    net (fo=26496, routed)       2.464    13.190    u_accel/u_pool/g_fpu[6].u_fpu/clk
    SLICE_X90Y110        FDRE                                         r  u_accel/u_pool/g_fpu[6].u_fpu/e_reg[4][add_spec]_srl4_srlopt/C
                         clock pessimism              0.691    13.881    
                         clock uncertainty           -0.035    13.846    
    SLICE_X90Y110        FDRE (Setup_HFF2_SLICEL_C_D)
                                                      0.025    13.871    u_accel/u_pool/g_fpu[6].u_fpu/e_reg[4][add_spec]_srl4_srlopt
  -------------------------------------------------------------------
                         required time                         13.871    
                         arrival time                         -13.149    
  -------------------------------------------------------------------
                         slack                                  0.722    

Slack (MET) :             0.737ns  (required time - arrival time)
  Source:                 u_accel/u_pool/reg_written_reg[1][7][4]/C
                            (rising edge-triggered cell FDRE clocked by clk  {rise@0.000ns fall@5.000ns period=10.000ns})
  Destination:            u_accel/u_pool/stk_npc_reg[2][3][17]/CE
                            (rising edge-triggered cell FDRE clocked by clk  {rise@0.000ns fall@5.000ns period=10.000ns})
  Path Group:             clk
  Path Type:              Setup (Max at Slow Process Corner)
  Requirement:            10.000ns  (clk rise@10.000ns - clk rise@0.000ns)
  Data Path Delay:        8.988ns  (logic 1.925ns (21.416%)  route 7.063ns (78.584%))
  Logic Levels:           21  (CARRY8=1 LUT2=1 LUT4=5 LUT5=5 LUT6=7 MUXF7=1 MUXF8=1)
  Clock Path Skew:        -0.179ns (DCD - SCD + CPR)
    Destination Clock Delay (DCD):    3.060ns = ( 13.060 - 10.000 ) 
    Source Clock Delay      (SCD):    3.908ns
    Clock Pessimism Removal (CPR):    0.668ns
  Clock Uncertainty:      0.035ns  ((TSJ^2 + TIJ^2)^1/2 + DJ) / 2 + PE
    Total System Jitter     (TSJ):    0.071ns
    Total Input Jitter      (TIJ):    0.000ns
    Discrete Jitter          (DJ):    0.000ns
    Phase Error              (PE):    0.000ns
  Clock Net Delay (Source):      2.635ns (routing 1.343ns, distribution 1.292ns)
  Clock Net Delay (Destination): 2.334ns (routing 1.221ns, distribution 1.113ns)

    Location             Delay type                Incr(ns)  Path(ns)    Netlist Resource(s)
  -------------------------------------------------------------------    -------------------
                         (clock clk rise edge)        0.000     0.000 r  
    E4                                                0.000     0.000 r  clk (IN)
                         net (fo=0)                   0.000     0.000    clk_IBUF_inst/I
    E4                   INBUF (Prop_INBUF_HDIOB_M_PAD_O)
                                                      1.040     1.040 r  clk_IBUF_inst/INBUF_INST/O
                         net (fo=1, routed)           0.000     1.040    clk_IBUF_inst/OUT
    E4                   IBUFCTRL (Prop_IBUFCTRL_HDIOB_M_I_O)
                                                      0.000     1.040 r  clk_IBUF_inst/IBUFCTRL_INST/O
                         net (fo=1, routed)           0.204     1.244    clk_IBUF
    BUFGCE_HDIO_X2Y2     BUFGCE (Prop_BUFCE_BUFGCE_HDIO_I_O)
                                                      0.028     1.272 r  clk_IBUF_BUFG_inst/O
    X1Y3 (CLOCK_ROOT)    net (fo=26496, routed)       2.635     3.908    u_accel/u_pool/clk
    SLICE_X75Y209        FDRE                                         r  u_accel/u_pool/reg_written_reg[1][7][4]/C
  -------------------------------------------------------------------    -------------------
    SLICE_X75Y209        FDRE (Prop_DFF_SLICEL_C_Q)
                                                      0.079     3.987 r  u_accel/u_pool/reg_written_reg[1][7][4]/Q
                         net (fo=2, routed)           0.925     4.912    u_accel/u_pool/reg_written_reg_n_0_[1][7][4]
    SLICE_X56Y217        LUT4 (Prop_G6LUT_SLICEM_I2_O)
                                                      0.090     5.002 r  u_accel/u_pool/q_mul_b[7][31]_i_92/O
                         net (fo=2, routed)           0.236     5.238    u_accel/u_pool/q_mul_b[7][31]_i_92_n_0
    SLICE_X57Y219        LUT5 (Prop_B6LUT_SLICEM_I4_O)
                                                      0.125     5.363 r  u_accel/u_pool/q_mul_b[7][31]_i_31/O
                         net (fo=1, routed)           0.017     5.380    u_accel/u_pool/q_mul_b[7][31]_i_31_n_0
    SLICE_X57Y219        MUXF7 (Prop_F7MUX_AB_SLICEM_I0_O)
                                                      0.060     5.440 r  u_accel/u_pool/q_mul_b_reg[7][31]_i_16/O
                         net (fo=1, routed)           0.000     5.440    u_accel/u_pool/q_mul_b_reg[7][31]_i_16_n_0
    SLICE_X57Y219        MUXF8 (Prop_F8MUX_BOT_SLICEM_I1_O)
                                                      0.028     5.468 r  u_accel/u_pool/q_mul_b_reg[7][31]_i_7/O
                         net (fo=1, routed)           0.789     6.257    u_accel/u_pool/q_mul_b_reg[7][31]_i_7_n_0
    SLICE_X68Y221        LUT6 (Prop_E6LUT_SLICEL_I5_O)
                                                      0.090     6.347 r  u_accel/u_pool/q_mul_b[7][31]_i_2/O
                         net (fo=34, routed)          0.471     6.818    u_accel/u_pool/q_mul_b[7][31]_i_2_n_0
    SLICE_X79Y227        LUT5 (Prop_C6LUT_SLICEM_I3_O)
                                                      0.088     6.906 r  u_accel/u_pool/q_mul_b[7][26]_i_1/O
                         net (fo=2, routed)           0.333     7.239    u_accel/u_pool/q_mul_b[7][26]_i_1_n_0
    SLICE_X74Y232        LUT2 (Prop_C5LUT_SLICEM_I1_O)
                                                      0.111     7.350 r  u_accel/u_pool/mem_sdata_lane[7][26]_i_2/O
                         net (fo=12, routed)          0.471     7.821    u_accel/u_pool/rv2[7][26]
    SLICE_X73Y245        LUT4 (Prop_F6LUT_SLICEM_I0_O)
                                                      0.088     7.909 r  u_accel/u_pool/stk_mask[0][7][7]_i_63/O
                         net (fo=1, routed)           0.022     7.931    u_accel/u_pool/stk_mask[0][7][7]_i_63_n_0
    SLICE_X73Y245        CARRY8 (Prop_CARRY8_SLICEM_S[5]_CO[7])
                                                      0.166     8.097 r  u_accel/u_pool/stk_mask_reg[0][7][7]_i_9/CO[7]
                         net (fo=1, routed)           0.305     8.402    u_accel/u_pool/stk_mask_reg[0][7][7]_i_9_n_0
    SLICE_X72Y248        LUT6 (Prop_G6LUT_SLICEL_I5_O)
                                                      0.089     8.491 f  u_accel/u_pool/stk_mask[0][7][7]_i_4/O
                         net (fo=1, routed)           0.141     8.632    u_accel/u_pool/stk_mask[0][7][7]_i_4_n_0
    SLICE_X71Y250        LUT6 (Prop_G6LUT_SLICEM_I0_O)
                                                      0.090     8.722 f  u_accel/u_pool/stk_mask[0][7][7]_i_3/O
                         net (fo=28, routed)          0.415     9.137    u_accel/u_pool/(null)[7].t
    SLICE_X69Y260        LUT4 (Prop_B6LUT_SLICEL_I0_O)
                                                      0.051     9.188 r  u_accel/u_pool/stk_rpc[0][0][30]_i_54/O
                         net (fo=1, routed)           0.214     9.402    u_accel/u_pool/stk_rpc[0][0][30]_i_54_n_0
    SLICE_X66Y262        LUT6 (Prop_G6LUT_SLICEL_I4_O)
                                                      0.097     9.499 f  u_accel/u_pool/stk_rpc[0][0][30]_i_34/O
                         net (fo=4, routed)           0.154     9.653    u_accel/u_pool/stk_rpc[0][0][30]_i_34_n_0
    SLICE_X66Y263        LUT6 (Prop_A6LUT_SLICEL_I1_O)
                                                      0.050     9.703 f  u_accel/u_pool/stk_rpc[0][0][30]_i_7/O
                         net (fo=34, routed)          0.793    10.496    u_accel/u_pool/stk_rpc[0][0][30]_i_7_n_0
    SLICE_X60Y263        LUT6 (Prop_G6LUT_SLICEL_I0_O)
                                                      0.035    10.531 r  u_accel/u_pool/stk_npc[2][3][31]_i_18/O
                         net (fo=1, routed)           0.186    10.717    u_accel/u_pool/stk_npc[2][3][31]_i_18_n_0
    SLICE_X57Y263        LUT5 (Prop_B6LUT_SLICEM_I4_O)
                                                      0.052    10.769 r  u_accel/u_pool/stk_npc[2][3][31]_i_13/O
                         net (fo=3, routed)           0.293    11.062    u_accel/u_pool/stk_npc[2][3][31]_i_13_n_0
    SLICE_X53Y262        LUT5 (Prop_B6LUT_SLICEM_I2_O)
                                                      0.149    11.211 r  u_accel/u_pool/stk_npc[2][3][31]_i_14/O
                         net (fo=2, routed)           0.115    11.326    u_accel/u_pool/stk_npc[2][3][31]_i_14_n_0
    SLICE_X53Y262        LUT6 (Prop_D6LUT_SLICEM_I5_O)
                                                      0.145    11.471 r  u_accel/u_pool/stk_npc[2][3][31]_i_12/O
                         net (fo=1, routed)           0.318    11.789    u_accel/u_pool/stk_npc[2][3][31]_i_12_n_0
    SLICE_X50Y269        LUT5 (Prop_C6LUT_SLICEM_I0_O)
                                                      0.051    11.840 r  u_accel/u_pool/stk_npc[2][3][31]_i_8/O
                         net (fo=1, routed)           0.106    11.946    u_accel/u_pool/stk_npc[2][3][31]_i_8_n_0
    SLICE_X50Y270        LUT4 (Prop_F6LUT_SLICEM_I0_O)
                                                      0.088    12.034 r  u_accel/u_pool/stk_npc[2][3][31]_i_3/O
                         net (fo=1, routed)           0.174    12.208    u_accel/u_pool/stk_npc[2][3][31]_i_3_n_0
    SLICE_X50Y272        LUT4 (Prop_B5LUT_SLICEM_I3_O)
                                                      0.103    12.311 r  u_accel/u_pool/stk_npc[2][3][31]_i_1/O
                         net (fo=32, routed)          0.585    12.896    u_accel/u_pool/stk_npc[2][3][31]_i_1_n_0
    SLICE_X45Y281        FDRE                                         r  u_accel/u_pool/stk_npc_reg[2][3][17]/CE
  -------------------------------------------------------------------    -------------------

                         (clock clk rise edge)       10.000    10.000 r  
    E4                                                0.000    10.000 r  clk (IN)
                         net (fo=0)                   0.000    10.000    clk_IBUF_inst/I
    E4                   INBUF (Prop_INBUF_HDIOB_M_PAD_O)
                                                      0.533    10.533 r  clk_IBUF_inst/INBUF_INST/O
                         net (fo=1, routed)           0.000    10.533    clk_IBUF_inst/OUT
    E4                   IBUFCTRL (Prop_IBUFCTRL_HDIOB_M_I_O)
                                                      0.000    10.533 r  clk_IBUF_inst/IBUFCTRL_INST/O
                         net (fo=1, routed)           0.169    10.702    clk_IBUF
    BUFGCE_HDIO_X2Y2     BUFGCE (Prop_BUFCE_BUFGCE_HDIO_I_O)
                                                      0.024    10.726 r  clk_IBUF_BUFG_inst/O
    X1Y3 (CLOCK_ROOT)    net (fo=26496, routed)       2.334    13.060    u_accel/u_pool/clk
    SLICE_X45Y281        FDRE                                         r  u_accel/u_pool/stk_npc_reg[2][3][17]/C
                         clock pessimism              0.668    13.728    
                         clock uncertainty           -0.035    13.693    
    SLICE_X45Y281        FDRE (Setup_DFF_SLICEL_C_CE)
                                                     -0.060    13.633    u_accel/u_pool/stk_npc_reg[2][3][17]
  -------------------------------------------------------------------
                         required time                         13.633    
                         arrival time                         -12.896    
  -------------------------------------------------------------------
                         slack                                  0.737    

Slack (MET) :             0.737ns  (required time - arrival time)
  Source:                 u_accel/u_pool/reg_written_reg[1][7][4]/C
                            (rising edge-triggered cell FDRE clocked by clk  {rise@0.000ns fall@5.000ns period=10.000ns})
  Destination:            u_accel/u_pool/stk_npc_reg[2][3][1]/CE
                            (rising edge-triggered cell FDRE clocked by clk  {rise@0.000ns fall@5.000ns period=10.000ns})
  Path Group:             clk
  Path Type:              Setup (Max at Slow Process Corner)
  Requirement:            10.000ns  (clk rise@10.000ns - clk rise@0.000ns)
  Data Path Delay:        8.988ns  (logic 1.925ns (21.416%)  route 7.063ns (78.584%))
  Logic Levels:           21  (CARRY8=1 LUT2=1 LUT4=5 LUT5=5 LUT6=7 MUXF7=1 MUXF8=1)
  Clock Path Skew:        -0.179ns (DCD - SCD + CPR)
    Destination Clock Delay (DCD):    3.060ns = ( 13.060 - 10.000 ) 
    Source Clock Delay      (SCD):    3.908ns
    Clock Pessimism Removal (CPR):    0.668ns
  Clock Uncertainty:      0.035ns  ((TSJ^2 + TIJ^2)^1/2 + DJ) / 2 + PE
    Total System Jitter     (TSJ):    0.071ns
    Total Input Jitter      (TIJ):    0.000ns
    Discrete Jitter          (DJ):    0.000ns
    Phase Error              (PE):    0.000ns
  Clock Net Delay (Source):      2.635ns (routing 1.343ns, distribution 1.292ns)
  Clock Net Delay (Destination): 2.334ns (routing 1.221ns, distribution 1.113ns)

    Location             Delay type                Incr(ns)  Path(ns)    Netlist Resource(s)
  -------------------------------------------------------------------    -------------------
                         (clock clk rise edge)        0.000     0.000 r  
    E4                                                0.000     0.000 r  clk (IN)
                         net (fo=0)                   0.000     0.000    clk_IBUF_inst/I
    E4                   INBUF (Prop_INBUF_HDIOB_M_PAD_O)
                                                      1.040     1.040 r  clk_IBUF_inst/INBUF_INST/O
                         net (fo=1, routed)           0.000     1.040    clk_IBUF_inst/OUT
    E4                   IBUFCTRL (Prop_IBUFCTRL_HDIOB_M_I_O)
                                                      0.000     1.040 r  clk_IBUF_inst/IBUFCTRL_INST/O
                         net (fo=1, routed)           0.204     1.244    clk_IBUF
    BUFGCE_HDIO_X2Y2     BUFGCE (Prop_BUFCE_BUFGCE_HDIO_I_O)
                                                      0.028     1.272 r  clk_IBUF_BUFG_inst/O
    X1Y3 (CLOCK_ROOT)    net (fo=26496, routed)       2.635     3.908    u_accel/u_pool/clk
    SLICE_X75Y209        FDRE                                         r  u_accel/u_pool/reg_written_reg[1][7][4]/C
  -------------------------------------------------------------------    -------------------
    SLICE_X75Y209        FDRE (Prop_DFF_SLICEL_C_Q)
                                                      0.079     3.987 r  u_accel/u_pool/reg_written_reg[1][7][4]/Q
                         net (fo=2, routed)           0.925     4.912    u_accel/u_pool/reg_written_reg_n_0_[1][7][4]
    SLICE_X56Y217        LUT4 (Prop_G6LUT_SLICEM_I2_O)
                                                      0.090     5.002 r  u_accel/u_pool/q_mul_b[7][31]_i_92/O
                         net (fo=2, routed)           0.236     5.238    u_accel/u_pool/q_mul_b[7][31]_i_92_n_0
    SLICE_X57Y219        LUT5 (Prop_B6LUT_SLICEM_I4_O)
                                                      0.125     5.363 r  u_accel/u_pool/q_mul_b[7][31]_i_31/O
                         net (fo=1, routed)           0.017     5.380    u_accel/u_pool/q_mul_b[7][31]_i_31_n_0
    SLICE_X57Y219        MUXF7 (Prop_F7MUX_AB_SLICEM_I0_O)
                                                      0.060     5.440 r  u_accel/u_pool/q_mul_b_reg[7][31]_i_16/O
                         net (fo=1, routed)           0.000     5.440    u_accel/u_pool/q_mul_b_reg[7][31]_i_16_n_0
    SLICE_X57Y219        MUXF8 (Prop_F8MUX_BOT_SLICEM_I1_O)
                                                      0.028     5.468 r  u_accel/u_pool/q_mul_b_reg[7][31]_i_7/O
                         net (fo=1, routed)           0.789     6.257    u_accel/u_pool/q_mul_b_reg[7][31]_i_7_n_0
    SLICE_X68Y221        LUT6 (Prop_E6LUT_SLICEL_I5_O)
                                                      0.090     6.347 r  u_accel/u_pool/q_mul_b[7][31]_i_2/O
                         net (fo=34, routed)          0.471     6.818    u_accel/u_pool/q_mul_b[7][31]_i_2_n_0
    SLICE_X79Y227        LUT5 (Prop_C6LUT_SLICEM_I3_O)
                                                      0.088     6.906 r  u_accel/u_pool/q_mul_b[7][26]_i_1/O
                         net (fo=2, routed)           0.333     7.239    u_accel/u_pool/q_mul_b[7][26]_i_1_n_0
    SLICE_X74Y232        LUT2 (Prop_C5LUT_SLICEM_I1_O)
                                                      0.111     7.350 r  u_accel/u_pool/mem_sdata_lane[7][26]_i_2/O
                         net (fo=12, routed)          0.471     7.821    u_accel/u_pool/rv2[7][26]
    SLICE_X73Y245        LUT4 (Prop_F6LUT_SLICEM_I0_O)
                                                      0.088     7.909 r  u_accel/u_pool/stk_mask[0][7][7]_i_63/O
                         net (fo=1, routed)           0.022     7.931    u_accel/u_pool/stk_mask[0][7][7]_i_63_n_0
    SLICE_X73Y245        CARRY8 (Prop_CARRY8_SLICEM_S[5]_CO[7])
                                                      0.166     8.097 r  u_accel/u_pool/stk_mask_reg[0][7][7]_i_9/CO[7]
                         net (fo=1, routed)           0.305     8.402    u_accel/u_pool/stk_mask_reg[0][7][7]_i_9_n_0
    SLICE_X72Y248        LUT6 (Prop_G6LUT_SLICEL_I5_O)
                                                      0.089     8.491 f  u_accel/u_pool/stk_mask[0][7][7]_i_4/O
                         net (fo=1, routed)           0.141     8.632    u_accel/u_pool/stk_mask[0][7][7]_i_4_n_0
    SLICE_X71Y250        LUT6 (Prop_G6LUT_SLICEM_I0_O)
                                                      0.090     8.722 f  u_accel/u_pool/stk_mask[0][7][7]_i_3/O
                         net (fo=28, routed)          0.415     9.137    u_accel/u_pool/(null)[7].t
    SLICE_X69Y260        LUT4 (Prop_B6LUT_SLICEL_I0_O)
                                                      0.051     9.188 r  u_accel/u_pool/stk_rpc[0][0][30]_i_54/O
                         net (fo=1, routed)           0.214     9.402    u_accel/u_pool/stk_rpc[0][0][30]_i_54_n_0
    SLICE_X66Y262        LUT6 (Prop_G6LUT_SLICEL_I4_O)
                                                      0.097     9.499 f  u_accel/u_pool/stk_rpc[0][0][30]_i_34/O
                         net (fo=4, routed)           0.154     9.653    u_accel/u_pool/stk_rpc[0][0][30]_i_34_n_0
    SLICE_X66Y263        LUT6 (Prop_A6LUT_SLICEL_I1_O)
                                                      0.050     9.703 f  u_accel/u_pool/stk_rpc[0][0][30]_i_7/O
                         net (fo=34, routed)          0.793    10.496    u_accel/u_pool/stk_rpc[0][0][30]_i_7_n_0
    SLICE_X60Y263        LUT6 (Prop_G6LUT_SLICEL_I0_O)
                                                      0.035    10.531 r  u_accel/u_pool/stk_npc[2][3][31]_i_18/O
                         net (fo=1, routed)           0.186    10.717    u_accel/u_pool/stk_npc[2][3][31]_i_18_n_0
    SLICE_X57Y263        LUT5 (Prop_B6LUT_SLICEM_I4_O)
                                                      0.052    10.769 r  u_accel/u_pool/stk_npc[2][3][31]_i_13/O
                         net (fo=3, routed)           0.293    11.062    u_accel/u_pool/stk_npc[2][3][31]_i_13_n_0
    SLICE_X53Y262        LUT5 (Prop_B6LUT_SLICEM_I2_O)
                                                      0.149    11.211 r  u_accel/u_pool/stk_npc[2][3][31]_i_14/O
                         net (fo=2, routed)           0.115    11.326    u_accel/u_pool/stk_npc[2][3][31]_i_14_n_0
    SLICE_X53Y262        LUT6 (Prop_D6LUT_SLICEM_I5_O)
                                                      0.145    11.471 r  u_accel/u_pool/stk_npc[2][3][31]_i_12/O
                         net (fo=1, routed)           0.318    11.789    u_accel/u_pool/stk_npc[2][3][31]_i_12_n_0
    SLICE_X50Y269        LUT5 (Prop_C6LUT_SLICEM_I0_O)
                                                      0.051    11.840 r  u_accel/u_pool/stk_npc[2][3][31]_i_8/O
                         net (fo=1, routed)           0.106    11.946    u_accel/u_pool/stk_npc[2][3][31]_i_8_n_0
    SLICE_X50Y270        LUT4 (Prop_F6LUT_SLICEM_I0_O)
                                                      0.088    12.034 r  u_accel/u_pool/stk_npc[2][3][31]_i_3/O
                         net (fo=1, routed)           0.174    12.208    u_accel/u_pool/stk_npc[2][3][31]_i_3_n_0
    SLICE_X50Y272        LUT4 (Prop_B5LUT_SLICEM_I3_O)
                                                      0.103    12.311 r  u_accel/u_pool/stk_npc[2][3][31]_i_1/O
                         net (fo=32, routed)          0.585    12.896    u_accel/u_pool/stk_npc[2][3][31]_i_1_n_0
    SLICE_X45Y281        FDRE                                         r  u_accel/u_pool/stk_npc_reg[2][3][1]/CE
  -------------------------------------------------------------------    -------------------

                         (clock clk rise edge)       10.000    10.000 r  
    E4                                                0.000    10.000 r  clk (IN)
                         net (fo=0)                   0.000    10.000    clk_IBUF_inst/I
    E4                   INBUF (Prop_INBUF_HDIOB_M_PAD_O)
                                                      0.533    10.533 r  clk_IBUF_inst/INBUF_INST/O
                         net (fo=1, routed)           0.000    10.533    clk_IBUF_inst/OUT
    E4                   IBUFCTRL (Prop_IBUFCTRL_HDIOB_M_I_O)
                                                      0.000    10.533 r  clk_IBUF_inst/IBUFCTRL_INST/O
                         net (fo=1, routed)           0.169    10.702    clk_IBUF
    BUFGCE_HDIO_X2Y2     BUFGCE (Prop_BUFCE_BUFGCE_HDIO_I_O)
                                                      0.024    10.726 r  clk_IBUF_BUFG_inst/O
    X1Y3 (CLOCK_ROOT)    net (fo=26496, routed)       2.334    13.060    u_accel/u_pool/clk
    SLICE_X45Y281        FDRE                                         r  u_accel/u_pool/stk_npc_reg[2][3][1]/C
                         clock pessimism              0.668    13.728    
                         clock uncertainty           -0.035    13.693    
    SLICE_X45Y281        FDRE (Setup_CFF_SLICEL_C_CE)
                                                     -0.060    13.633    u_accel/u_pool/stk_npc_reg[2][3][1]
  -------------------------------------------------------------------
                         required time                         13.633    
                         arrival time                         -12.896    
  -------------------------------------------------------------------
                         slack                                  0.737    

Slack (MET) :             0.756ns  (required time - arrival time)
  Source:                 u_accel/u_pool/q_frv1_reg[7][23]/C
                            (rising edge-triggered cell FDRE clocked by clk  {rise@0.000ns fall@5.000ns period=10.000ns})
  Destination:            u_accel/u_pool/g_fpu[7].u_fpu/e_reg[4][add_spec]_srl4_srlopt/D
                            (rising edge-triggered cell FDRE clocked by clk  {rise@0.000ns fall@5.000ns period=10.000ns})
  Path Group:             clk
  Path Type:              Setup (Max at Slow Process Corner)
  Requirement:            10.000ns  (clk rise@10.000ns - clk rise@0.000ns)
  Data Path Delay:        9.183ns  (logic 3.547ns (38.625%)  route 5.636ns (61.375%))
  Logic Levels:           38  (CARRY8=10 LUT3=3 LUT4=5 LUT5=8 LUT6=12)
  Clock Path Skew:        -0.051ns (DCD - SCD + CPR)
    Destination Clock Delay (DCD):    3.203ns = ( 13.203 - 10.000 ) 
    Source Clock Delay      (SCD):    4.009ns
    Clock Pessimism Removal (CPR):    0.756ns
  Clock Uncertainty:      0.035ns  ((TSJ^2 + TIJ^2)^1/2 + DJ) / 2 + PE
    Total System Jitter     (TSJ):    0.071ns
    Total Input Jitter      (TIJ):    0.000ns
    Discrete Jitter          (DJ):    0.000ns
    Phase Error              (PE):    0.000ns
  Clock Net Delay (Source):      2.737ns (routing 1.343ns, distribution 1.394ns)
  Clock Net Delay (Destination): 2.477ns (routing 1.221ns, distribution 1.256ns)

    Location             Delay type                Incr(ns)  Path(ns)    Netlist Resource(s)
  -------------------------------------------------------------------    -------------------
                         (clock clk rise edge)        0.000     0.000 r  
    E4                                                0.000     0.000 r  clk (IN)
                         net (fo=0)                   0.000     0.000    clk_IBUF_inst/I
    E4                   INBUF (Prop_INBUF_HDIOB_M_PAD_O)
                                                      1.040     1.040 r  clk_IBUF_inst/INBUF_INST/O
                         net (fo=1, routed)           0.000     1.040    clk_IBUF_inst/OUT
    E4                   IBUFCTRL (Prop_IBUFCTRL_HDIOB_M_I_O)
                                                      0.000     1.040 r  clk_IBUF_inst/IBUFCTRL_INST/O
                         net (fo=1, routed)           0.204     1.244    clk_IBUF
    BUFGCE_HDIO_X2Y2     BUFGCE (Prop_BUFCE_BUFGCE_HDIO_I_O)
                                                      0.028     1.272 r  clk_IBUF_BUFG_inst/O
    X1Y3 (CLOCK_ROOT)    net (fo=26496, routed)       2.737     4.009    u_accel/u_pool/clk
    SLICE_X94Y157        FDRE                                         r  u_accel/u_pool/q_frv1_reg[7][23]/C
  -------------------------------------------------------------------    -------------------
    SLICE_X94Y157        FDRE (Prop_CFF_SLICEM_C_Q)
                                                      0.078     4.087 f  u_accel/u_pool/q_frv1_reg[7][23]/Q
                         net (fo=4, routed)           0.156     4.243    u_accel/u_pool/g_fpu[7].u_fpu/a[23]
    SLICE_X95Y155        LUT4 (Prop_F6LUT_SLICEL_I3_O)
                                                      0.123     4.366 r  u_accel/u_pool/g_fpu[7].u_fpu/e_reg[4][sgnj_h][14]_srl4_i_2/O
                         net (fo=3, routed)           0.235     4.600    u_accel/u_pool/g_fpu[7].u_fpu/e_reg[4][sgnj_h][14]_srl4_i_2_n_0
    SLICE_X96Y153        LUT5 (Prop_E6LUT_SLICEM_I0_O)
                                                      0.091     4.691 r  u_accel/u_pool/g_fpu[7].u_fpu/e_reg[4][sgnj_h][13]_srl4_i_5/O
                         net (fo=1, routed)           0.106     4.797    u_accel/u_pool/g_fpu[7].u_fpu/e_reg[4][sgnj_h][13]_srl4_i_5_n_0
    SLICE_X97Y153        LUT4 (Prop_H5LUT_SLICEL_I0_O)
                                                      0.158     4.955 r  u_accel/u_pool/g_fpu[7].u_fpu/e_reg[4][sgnj_h][13]_srl4_i_3/O
                         net (fo=5, routed)           0.233     5.189    u_accel/u_pool/g_fpu[7].u_fpu/e_reg[4][sgnj_h][13]_srl4_i_3_n_0
    SLICE_X97Y153        LUT6 (Prop_C6LUT_SLICEL_I5_O)
                                                      0.123     5.312 r  u_accel/u_pool/g_fpu[7].u_fpu/e_reg[4][sgnj_h][12]_srl4_i_1/O
                         net (fo=5, routed)           0.210     5.522    u_accel/u_pool/g_fpu[7].u_fpu/p_0_in[2]
    SLICE_X98Y153        LUT5 (Prop_G6LUT_SLICEL_I1_O)
                                                      0.050     5.572 f  u_accel/u_pool/g_fpu[7].u_fpu/e_reg[4][opa][26]_srl4_i_2/O
                         net (fo=6, routed)           0.058     5.630    u_accel/u_pool/g_fpu[7].u_fpu/e_reg[4][opa][26]_srl4_i_2_n_0
    SLICE_X98Y153        LUT5 (Prop_F6LUT_SLICEL_I4_O)
                                                      0.097     5.727 f  u_accel/u_pool/g_fpu[7].u_fpu/e_reg[4][opa][26]_srl4_i_3/O
                         net (fo=25, routed)          0.244     5.971    u_accel/u_pool/g_fpu[7].u_fpu/e_reg[4][opa][26]_srl4_i_3_n_0
    SLICE_X98Y153        LUT6 (Prop_C6LUT_SLICEL_I3_O)
                                                      0.035     6.006 r  u_accel/u_pool/g_fpu[7].u_fpu/e_reg[4][opa][25]_srl4_i_1/O
                         net (fo=26, routed)          0.270     6.276    u_accel/u_pool/g_fpu[7].u_fpu/e_reg[4][opa][25]_srl4_i_1_n_0
    SLICE_X99Y151        LUT4 (Prop_F6LUT_SLICEL_I2_O)
                                                      0.049     6.325 f  u_accel/u_pool/g_fpu[7].u_fpu/prod2_reg_i_56/O
                         net (fo=1, routed)           0.039     6.364    u_accel/u_pool/g_fpu[7].u_fpu/prod2_reg_i_56_n_0
    SLICE_X99Y151        LUT5 (Prop_G6LUT_SLICEL_I0_O)
                                                      0.035     6.399 r  u_accel/u_pool/g_fpu[7].u_fpu/prod2_reg_i_42/O
                         net (fo=97, routed)          0.211     6.610    u_accel/u_pool/g_fpu[7].u_fpu/siga[23]
    SLICE_X98Y153        LUT3 (Prop_D6LUT_SLICEL_I1_O)
                                                      0.146     6.756 r  u_accel/u_pool/g_fpu[7].u_fpu/prod2_reg_i_17/O
                         net (fo=18, routed)          0.415     7.171    u_accel/u_pool/g_fpu[7].u_fpu/siga[0]
    SLICE_X97Y144        LUT6 (Prop_F6LUT_SLICEL_I0_O)
                                                      0.097     7.268 r  u_accel/u_pool/g_fpu[7].u_fpu/e_reg[4][cmp][0]_srl4_i_68/O
                         net (fo=2, routed)           0.216     7.484    u_accel/u_pool/g_fpu[7].u_fpu/e_reg[4][cmp][0]_srl4_i_68_n_0
    SLICE_X97Y145        CARRY8 (Prop_CARRY8_SLICEL_DI[0]_CO[7])
                                                      0.131     7.615 r  u_accel/u_pool/g_fpu[7].u_fpu/e_reg[4][add_ebig][7]_srl4_i_14/CO[7]
                         net (fo=1, routed)           0.026     7.641    u_accel/u_pool/g_fpu[7].u_fpu/e_reg[4][add_ebig][7]_srl4_i_14_n_0
    SLICE_X97Y146        CARRY8 (Prop_CARRY8_SLICEL_CI_CO[3])
                                                      0.060     7.701 r  u_accel/u_pool/g_fpu[7].u_fpu/e_reg[4][add_ebig][7]_srl4_i_13/CO[3]
                         net (fo=1, routed)           0.258     7.959    u_accel/u_pool/g_fpu[7].u_fpu/p_112_in
    SLICE_X98Y143        LUT6 (Prop_B6LUT_SLICEL_I3_O)
                                                      0.051     8.010 f  u_accel/u_pool/g_fpu[7].u_fpu/e_reg[4][add_ebig][7]_srl4_i_4/O
                         net (fo=1, routed)           0.040     8.050    u_accel/u_pool/g_fpu[7].u_fpu/e_reg[4][add_ebig][7]_srl4_i_4_n_0
    SLICE_X98Y143        LUT6 (Prop_F6LUT_SLICEL_I1_O)
                                                      0.035     8.085 r  u_accel/u_pool/g_fpu[7].u_fpu/e_reg[4][add_ebig][7]_srl4_i_2/O
                         net (fo=104, routed)         0.118     8.202    u_accel/u_pool/g_fpu[7].u_fpu/e_reg[4][add_ebig][7]_srl4_i_2_n_0
    SLICE_X98Y142        LUT5 (Prop_H5LUT_SLICEL_I3_O)
                                                      0.096     8.298 r  u_accel/u_pool/g_fpu[7].u_fpu/e_reg[4][add_mag][50]_srl4_i_16/O
                         net (fo=3, routed)           0.197     8.495    u_accel/u_pool/g_fpu[7].u_fpu/e_reg[4][add_mag][50]_srl4_i_16_n_0
    SLICE_X98Y142        LUT6 (Prop_F6LUT_SLICEL_I0_O)
                                                      0.148     8.643 r  u_accel/u_pool/g_fpu[7].u_fpu/e_reg[4][add_mag][31]_srl4_i_44/O
                         net (fo=3, routed)           0.044     8.687    u_accel/u_pool/g_fpu[7].u_fpu/e_reg[4][add_mag][31]_srl4_i_44_n_0
    SLICE_X98Y142        LUT5 (Prop_G5LUT_SLICEL_I4_O)
                                                      0.067     8.754 r  u_accel/u_pool/g_fpu[7].u_fpu/e_reg[4][add_mag][31]_srl4_i_22/O
                         net (fo=104, routed)         0.473     9.228    u_accel/u_pool/g_fpu[7].u_fpu/e_reg[4][add_mag][31]_srl4_i_22_n_0
    SLICE_X96Y137        LUT3 (Prop_D5LUT_SLICEM_I2_O)
                                                      0.110     9.338 f  u_accel/u_pool/g_fpu[7].u_fpu/e_reg[4][add_mag][7]_srl4_i_13/O
                         net (fo=17, routed)          0.337     9.675    u_accel/u_pool/g_fpu[7].u_fpu/e_reg[4][add_mag][7]_srl4_i_13_n_0
    SLICE_X95Y139        LUT4 (Prop_H6LUT_SLICEL_I3_O)
                                                      0.090     9.765 r  u_accel/u_pool/g_fpu[7].u_fpu/e_reg[4][add_mag][7]_srl4_i_108/O
                         net (fo=1, routed)           0.010     9.775    u_accel/u_pool/g_fpu[7].u_fpu/e_reg[4][add_mag][7]_srl4_i_108_n_0
    SLICE_X95Y139        CARRY8 (Prop_CARRY8_SLICEL_S[7]_CO[7])
                                                      0.115     9.890 r  u_accel/u_pool/g_fpu[7].u_fpu/e_reg[4][add_mag][7]_srl4_i_81/CO[7]
                         net (fo=1, routed)           0.026     9.916    u_accel/u_pool/g_fpu[7].u_fpu/e_reg[4][add_mag][7]_srl4_i_81_n_0
    SLICE_X95Y140        CARRY8 (Prop_CARRY8_SLICEL_CI_O[5])
                                                      0.116    10.032 r  u_accel/u_pool/g_fpu[7].u_fpu/e_reg[4][add_mag][7]_srl4_i_36/O[5]
                         net (fo=1, routed)           0.254    10.286    u_accel/u_pool/g_fpu[7].u_fpu/e_reg[4][add_mag][7]_srl4_i_36_n_10
    SLICE_X96Y140        LUT6 (Prop_G6LUT_SLICEM_I0_O)
                                                      0.150    10.436 r  u_accel/u_pool/g_fpu[7].u_fpu/e_reg[4][add_mag][7]_srl4_i_38/O
                         net (fo=1, routed)           0.047    10.483    u_accel/u_pool/g_fpu[7].u_fpu/e_reg[4][add_mag][7]_srl4_i_38_n_0
    SLICE_X96Y140        LUT6 (Prop_H6LUT_SLICEM_I3_O)
                                                      0.101    10.584 r  u_accel/u_pool/g_fpu[7].u_fpu/e_reg[4][add_mag][7]_srl4_i_22/O
                         net (fo=1, routed)           0.048    10.632    u_accel/u_pool/g_fpu[7].u_fpu/e_reg[4][add_mag][7]_srl4_i_22_n_0
    SLICE_X96Y140        LUT6 (Prop_C6LUT_SLICEM_I2_O)
                                                      0.123    10.755 r  u_accel/u_pool/g_fpu[7].u_fpu/e_reg[4][add_mag][7]_srl4_i_18/O
                         net (fo=1, routed)           0.135    10.890    u_accel/u_pool/g_fpu[7].u_fpu/e_reg[4][add_mag][7]_srl4_i_18_n_0
    SLICE_X96Y136        LUT6 (Prop_F6LUT_SLICEM_I4_O)
                                                      0.051    10.941 r  u_accel/u_pool/g_fpu[7].u_fpu/e_reg[4][add_mag][7]_srl4_i_15/O
                         net (fo=1, routed)           0.198    11.139    u_accel/u_pool/g_fpu[7].u_fpu/e_reg[4][add_mag][7]_srl4_i_15_n_0
    SLICE_X97Y131        LUT5 (Prop_A6LUT_SLICEL_I4_O)
                                                      0.124    11.263 r  u_accel/u_pool/g_fpu[7].u_fpu/e_reg[4][add_mag][7]_srl4_i_10/O
                         net (fo=1, routed)           0.009    11.272    u_accel/u_pool/g_fpu[7].u_fpu/e_reg[4][add_mag][7]_srl4_i_10_n_0
    SLICE_X97Y131        CARRY8 (Prop_CARRY8_SLICEL_S[0]_CO[7])
                                                      0.190    11.462 r  u_accel/u_pool/g_fpu[7].u_fpu/e_reg[4][add_mag][7]_srl4_i_1/CO[7]
                         net (fo=1, routed)           0.026    11.488    u_accel/u_pool/g_fpu[7].u_fpu/e_reg[4][add_mag][7]_srl4_i_1_n_0
    SLICE_X97Y132        CARRY8 (Prop_CARRY8_SLICEL_CI_CO[7])
                                                      0.015    11.503 r  u_accel/u_pool/g_fpu[7].u_fpu/e_reg[4][add_mag][15]_srl4_i_1/CO[7]
                         net (fo=1, routed)           0.026    11.529    u_accel/u_pool/g_fpu[7].u_fpu/e_reg[4][add_mag][15]_srl4_i_1_n_0
    SLICE_X97Y133        CARRY8 (Prop_CARRY8_SLICEL_CI_CO[7])
                                                      0.015    11.544 r  u_accel/u_pool/g_fpu[7].u_fpu/e_reg[4][add_mag][23]_srl4_i_1/CO[7]
                         net (fo=1, routed)           0.026    11.570    u_accel/u_pool/g_fpu[7].u_fpu/e_reg[4][add_mag][23]_srl4_i_1_n_0
    SLICE_X97Y134        CARRY8 (Prop_CARRY8_SLICEL_CI_CO[7])
                                                      0.015    11.585 r  u_accel/u_pool/g_fpu[7].u_fpu/e_reg[4][add_mag][31]_srl4_i_1/CO[7]
                         net (fo=1, routed)           0.026    11.611    u_accel/u_pool/g_fpu[7].u_fpu/e_reg[4][add_mag][31]_srl4_i_1_n_0
    SLICE_X97Y135        CARRY8 (Prop_CARRY8_SLICEL_CI_CO[7])
                                                      0.015    11.626 r  u_accel/u_pool/g_fpu[7].u_fpu/e_reg[4][add_mag][39]_srl4_i_1/CO[7]
                         net (fo=1, routed)           0.026    11.652    u_accel/u_pool/g_fpu[7].u_fpu/e_reg[4][add_mag][39]_srl4_i_1_n_0
    SLICE_X97Y136        CARRY8 (Prop_CARRY8_SLICEL_CI_O[0])
                                                      0.056    11.708 f  u_accel/u_pool/g_fpu[7].u_fpu/e_reg[4][add_mag][47]_srl4_i_1/O[0]
                         net (fo=2, routed)           0.460    12.167    u_accel/u_pool/g_fpu[7].u_fpu/e_reg[4][add_mag][47]_srl4_i_1_n_15
    SLICE_X98Y131        LUT4 (Prop_E6LUT_SLICEL_I2_O)
                                                      0.099    12.266 f  u_accel/u_pool/g_fpu[7].u_fpu/e_reg[4][add_spec]_srl4_i_13/O
                         net (fo=1, routed)           0.091    12.357    u_accel/u_pool/g_fpu[7].u_fpu/e_reg[4][add_spec]_srl4_i_13_n_0
    SLICE_X98Y132        LUT5 (Prop_E6LUT_SLICEL_I4_O)
                                                      0.123    12.480 f  u_accel/u_pool/g_fpu[7].u_fpu/e_reg[4][add_spec]_srl4_i_10/O
                         net (fo=1, routed)           0.087    12.567    u_accel/u_pool/g_fpu[7].u_fpu/e_reg[4][add_spec]_srl4_i_10_n_0
    SLICE_X98Y132        LUT6 (Prop_G6LUT_SLICEL_I5_O)
                                                      0.089    12.656 f  u_accel/u_pool/g_fpu[7].u_fpu/e_reg[4][add_spec]_srl4_i_5/O
                         net (fo=1, routed)           0.053    12.709    u_accel/u_pool/g_fpu[7].u_fpu/e_reg[4][add_spec]_srl4_i_5_n_0
    SLICE_X98Y132        LUT6 (Prop_C6LUT_SLICEL_I5_O)
                                                      0.123    12.832 f  u_accel/u_pool/g_fpu[7].u_fpu/e_reg[4][add_spec]_srl4_i_2/O
                         net (fo=1, routed)           0.188    13.020    u_accel/u_pool/g_fpu[7].u_fpu/e_reg[4][add_spec]_srl4_i_2_n_0
    SLICE_X98Y132        LUT3 (Prop_D5LUT_SLICEL_I1_O)
                                                      0.157    13.177 r  u_accel/u_pool/g_fpu[7].u_fpu/e_reg[4][add_spec]_srl4_i_1/O
                         net (fo=1, routed)           0.015    13.192    u_accel/u_pool/g_fpu[7].u_fpu/e_reg[4][add_spec]_srl4_i_1_n_0
    SLICE_X98Y132        FDRE                                         r  u_accel/u_pool/g_fpu[7].u_fpu/e_reg[4][add_spec]_srl4_srlopt/D
  -------------------------------------------------------------------    -------------------

                         (clock clk rise edge)       10.000    10.000 r  
    E4                                                0.000    10.000 r  clk (IN)
                         net (fo=0)                   0.000    10.000    clk_IBUF_inst/I
    E4                   INBUF (Prop_INBUF_HDIOB_M_PAD_O)
                                                      0.533    10.533 r  clk_IBUF_inst/INBUF_INST/O
                         net (fo=1, routed)           0.000    10.533    clk_IBUF_inst/OUT
    E4                   IBUFCTRL (Prop_IBUFCTRL_HDIOB_M_I_O)
                                                      0.000    10.533 r  clk_IBUF_inst/IBUFCTRL_INST/O
                         net (fo=1, routed)           0.169    10.702    clk_IBUF
    BUFGCE_HDIO_X2Y2     BUFGCE (Prop_BUFCE_BUFGCE_HDIO_I_O)
                                                      0.024    10.726 r  clk_IBUF_BUFG_inst/O
    X1Y3 (CLOCK_ROOT)    net (fo=26496, routed)       2.477    13.203    u_accel/u_pool/g_fpu[7].u_fpu/clk
    SLICE_X98Y132        FDRE                                         r  u_accel/u_pool/g_fpu[7].u_fpu/e_reg[4][add_spec]_srl4_srlopt/C
                         clock pessimism              0.756    13.959    
                         clock uncertainty           -0.035    13.923    
    SLICE_X98Y132        FDRE (Setup_DFF2_SLICEL_C_D)
                                                      0.025    13.948    u_accel/u_pool/g_fpu[7].u_fpu/e_reg[4][add_spec]_srl4_srlopt
  -------------------------------------------------------------------
                         required time                         13.948    
                         arrival time                         -13.192    
  -------------------------------------------------------------------
                         slack                                  0.756    

Slack (MET) :             0.764ns  (required time - arrival time)
  Source:                 u_accel/u_pool/reg_written_reg[1][7][4]/C
                            (rising edge-triggered cell FDRE clocked by clk  {rise@0.000ns fall@5.000ns period=10.000ns})
  Destination:            u_accel/u_pool/stk_npc_reg[2][3][0]/CE
                            (rising edge-triggered cell FDRE clocked by clk  {rise@0.000ns fall@5.000ns period=10.000ns})
  Path Group:             clk
  Path Type:              Setup (Max at Slow Process Corner)
  Requirement:            10.000ns  (clk rise@10.000ns - clk rise@0.000ns)
  Data Path Delay:        8.971ns  (logic 1.925ns (21.458%)  route 7.046ns (78.542%))
  Logic Levels:           21  (CARRY8=1 LUT2=1 LUT4=5 LUT5=5 LUT6=7 MUXF7=1 MUXF8=1)
  Clock Path Skew:        -0.169ns (DCD - SCD + CPR)
    Destination Clock Delay (DCD):    3.070ns = ( 13.070 - 10.000 ) 
    Source Clock Delay      (SCD):    3.908ns
    Clock Pessimism Removal (CPR):    0.668ns
  Clock Uncertainty:      0.035ns  ((TSJ^2 + TIJ^2)^1/2 + DJ) / 2 + PE
    Total System Jitter     (TSJ):    0.071ns
    Total Input Jitter      (TIJ):    0.000ns
    Discrete Jitter          (DJ):    0.000ns
    Phase Error              (PE):    0.000ns
  Clock Net Delay (Source):      2.635ns (routing 1.343ns, distribution 1.292ns)
  Clock Net Delay (Destination): 2.344ns (routing 1.221ns, distribution 1.123ns)

    Location             Delay type                Incr(ns)  Path(ns)    Netlist Resource(s)
  -------------------------------------------------------------------    -------------------
                         (clock clk rise edge)        0.000     0.000 r  
    E4                                                0.000     0.000 r  clk (IN)
                         net (fo=0)                   0.000     0.000    clk_IBUF_inst/I
    E4                   INBUF (Prop_INBUF_HDIOB_M_PAD_O)
                                                      1.040     1.040 r  clk_IBUF_inst/INBUF_INST/O
                         net (fo=1, routed)           0.000     1.040    clk_IBUF_inst/OUT
    E4                   IBUFCTRL (Prop_IBUFCTRL_HDIOB_M_I_O)
                                                      0.000     1.040 r  clk_IBUF_inst/IBUFCTRL_INST/O
                         net (fo=1, routed)           0.204     1.244    clk_IBUF
    BUFGCE_HDIO_X2Y2     BUFGCE (Prop_BUFCE_BUFGCE_HDIO_I_O)
                                                      0.028     1.272 r  clk_IBUF_BUFG_inst/O
    X1Y3 (CLOCK_ROOT)    net (fo=26496, routed)       2.635     3.908    u_accel/u_pool/clk
    SLICE_X75Y209        FDRE                                         r  u_accel/u_pool/reg_written_reg[1][7][4]/C
  -------------------------------------------------------------------    -------------------
    SLICE_X75Y209        FDRE (Prop_DFF_SLICEL_C_Q)
                                                      0.079     3.987 r  u_accel/u_pool/reg_written_reg[1][7][4]/Q
                         net (fo=2, routed)           0.925     4.912    u_accel/u_pool/reg_written_reg_n_0_[1][7][4]
    SLICE_X56Y217        LUT4 (Prop_G6LUT_SLICEM_I2_O)
                                                      0.090     5.002 r  u_accel/u_pool/q_mul_b[7][31]_i_92/O
                         net (fo=2, routed)           0.236     5.238    u_accel/u_pool/q_mul_b[7][31]_i_92_n_0
    SLICE_X57Y219        LUT5 (Prop_B6LUT_SLICEM_I4_O)
                                                      0.125     5.363 r  u_accel/u_pool/q_mul_b[7][31]_i_31/O
                         net (fo=1, routed)           0.017     5.380    u_accel/u_pool/q_mul_b[7][31]_i_31_n_0
    SLICE_X57Y219        MUXF7 (Prop_F7MUX_AB_SLICEM_I0_O)
                                                      0.060     5.440 r  u_accel/u_pool/q_mul_b_reg[7][31]_i_16/O
                         net (fo=1, routed)           0.000     5.440    u_accel/u_pool/q_mul_b_reg[7][31]_i_16_n_0
    SLICE_X57Y219        MUXF8 (Prop_F8MUX_BOT_SLICEM_I1_O)
                                                      0.028     5.468 r  u_accel/u_pool/q_mul_b_reg[7][31]_i_7/O
                         net (fo=1, routed)           0.789     6.257    u_accel/u_pool/q_mul_b_reg[7][31]_i_7_n_0
    SLICE_X68Y221        LUT6 (Prop_E6LUT_SLICEL_I5_O)
                                                      0.090     6.347 r  u_accel/u_pool/q_mul_b[7][31]_i_2/O
                         net (fo=34, routed)          0.471     6.818    u_accel/u_pool/q_mul_b[7][31]_i_2_n_0
    SLICE_X79Y227        LUT5 (Prop_C6LUT_SLICEM_I3_O)
                                                      0.088     6.906 r  u_accel/u_pool/q_mul_b[7][26]_i_1/O
                         net (fo=2, routed)           0.333     7.239    u_accel/u_pool/q_mul_b[7][26]_i_1_n_0
    SLICE_X74Y232        LUT2 (Prop_C5LUT_SLICEM_I1_O)
                                                      0.111     7.350 r  u_accel/u_pool/mem_sdata_lane[7][26]_i_2/O
                         net (fo=12, routed)          0.471     7.821    u_accel/u_pool/rv2[7][26]
    SLICE_X73Y245        LUT4 (Prop_F6LUT_SLICEM_I0_O)
                                                      0.088     7.909 r  u_accel/u_pool/stk_mask[0][7][7]_i_63/O
                         net (fo=1, routed)           0.022     7.931    u_accel/u_pool/stk_mask[0][7][7]_i_63_n_0
    SLICE_X73Y245        CARRY8 (Prop_CARRY8_SLICEM_S[5]_CO[7])
                                                      0.166     8.097 r  u_accel/u_pool/stk_mask_reg[0][7][7]_i_9/CO[7]
                         net (fo=1, routed)           0.305     8.402    u_accel/u_pool/stk_mask_reg[0][7][7]_i_9_n_0
    SLICE_X72Y248        LUT6 (Prop_G6LUT_SLICEL_I5_O)
                                                      0.089     8.491 f  u_accel/u_pool/stk_mask[0][7][7]_i_4/O
                         net (fo=1, routed)           0.141     8.632    u_accel/u_pool/stk_mask[0][7][7]_i_4_n_0
    SLICE_X71Y250        LUT6 (Prop_G6LUT_SLICEM_I0_O)
                                                      0.090     8.722 f  u_accel/u_pool/stk_mask[0][7][7]_i_3/O
                         net (fo=28, routed)          0.415     9.137    u_accel/u_pool/(null)[7].t
    SLICE_X69Y260        LUT4 (Prop_B6LUT_SLICEL_I0_O)
                                                      0.051     9.188 r  u_accel/u_pool/stk_rpc[0][0][30]_i_54/O
                         net (fo=1, routed)           0.214     9.402    u_accel/u_pool/stk_rpc[0][0][30]_i_54_n_0
    SLICE_X66Y262        LUT6 (Prop_G6LUT_SLICEL_I4_O)
                                                      0.097     9.499 f  u_accel/u_pool/stk_rpc[0][0][30]_i_34/O
                         net (fo=4, routed)           0.154     9.653    u_accel/u_pool/stk_rpc[0][0][30]_i_34_n_0
    SLICE_X66Y263        LUT6 (Prop_A6LUT_SLICEL_I1_O)
                                                      0.050     9.703 f  u_accel/u_pool/stk_rpc[0][0][30]_i_7/O
                         net (fo=34, routed)          0.793    10.496    u_accel/u_pool/stk_rpc[0][0][30]_i_7_n_0
    SLICE_X60Y263        LUT6 (Prop_G6LUT_SLICEL_I0_O)
                                                      0.035    10.531 r  u_accel/u_pool/stk_npc[2][3][31]_i_18/O
                         net (fo=1, routed)           0.186    10.717    u_accel/u_pool/stk_npc[2][3][31]_i_18_n_0
    SLICE_X57Y263        LUT5 (Prop_B6LUT_SLICEM_I4_O)
                                                      0.052    10.769 r  u_accel/u_pool/stk_npc[2][3][31]_i_13/O
                         net (fo=3, routed)           0.293    11.062    u_accel/u_pool/stk_npc[2][3][31]_i_13_n_0
    SLICE_X53Y262        LUT5 (Prop_B6LUT_SLICEM_I2_O)
                                                      0.149    11.211 r  u_accel/u_pool/stk_npc[2][3][31]_i_14/O
                         net (fo=2, routed)           0.115    11.326    u_accel/u_pool/stk_npc[2][3][31]_i_14_n_0
    SLICE_X53Y262        LUT6 (Prop_D6LUT_SLICEM_I5_O)
                                                      0.145    11.471 r  u_accel/u_pool/stk_npc[2][3][31]_i_12/O
                         net (fo=1, routed)           0.318    11.789    u_accel/u_pool/stk_npc[2][3][31]_i_12_n_0
    SLICE_X50Y269        LUT5 (Prop_C6LUT_SLICEM_I0_O)
                                                      0.051    11.840 r  u_accel/u_pool/stk_npc[2][3][31]_i_8/O
                         net (fo=1, routed)           0.106    11.946    u_accel/u_pool/stk_npc[2][3][31]_i_8_n_0
    SLICE_X50Y270        LUT4 (Prop_F6LUT_SLICEM_I0_O)
                                                      0.088    12.034 r  u_accel/u_pool/stk_npc[2][3][31]_i_3/O
                         net (fo=1, routed)           0.174    12.208    u_accel/u_pool/stk_npc[2][3][31]_i_3_n_0
    SLICE_X50Y272        LUT4 (Prop_B5LUT_SLICEM_I3_O)
                                                      0.103    12.311 r  u_accel/u_pool/stk_npc[2][3][31]_i_1/O
                         net (fo=32, routed)          0.567    12.879    u_accel/u_pool/stk_npc[2][3][31]_i_1_n_0
    SLICE_X43Y277        FDRE                                         r  u_accel/u_pool/stk_npc_reg[2][3][0]/CE
  -------------------------------------------------------------------    -------------------

                         (clock clk rise edge)       10.000    10.000 r  
    E4                                                0.000    10.000 r  clk (IN)
                         net (fo=0)                   0.000    10.000    clk_IBUF_inst/I
    E4                   INBUF (Prop_INBUF_HDIOB_M_PAD_O)
                                                      0.533    10.533 r  clk_IBUF_inst/INBUF_INST/O
                         net (fo=1, routed)           0.000    10.533    clk_IBUF_inst/OUT
    E4                   IBUFCTRL (Prop_IBUFCTRL_HDIOB_M_I_O)
                                                      0.000    10.533 r  clk_IBUF_inst/IBUFCTRL_INST/O
                         net (fo=1, routed)           0.169    10.702    clk_IBUF
    BUFGCE_HDIO_X2Y2     BUFGCE (Prop_BUFCE_BUFGCE_HDIO_I_O)
                                                      0.024    10.726 r  clk_IBUF_BUFG_inst/O
    X1Y3 (CLOCK_ROOT)    net (fo=26496, routed)       2.344    13.070    u_accel/u_pool/clk
    SLICE_X43Y277        FDRE                                         r  u_accel/u_pool/stk_npc_reg[2][3][0]/C
                         clock pessimism              0.668    13.738    
                         clock uncertainty           -0.035    13.703    
    SLICE_X43Y277        FDRE (Setup_BFF_SLICEL_C_CE)
                                                     -0.060    13.643    u_accel/u_pool/stk_npc_reg[2][3][0]
  -------------------------------------------------------------------
                         required time                         13.643    
                         arrival time                         -12.879    
  -------------------------------------------------------------------
                         slack                                  0.764    

Slack (MET) :             0.764ns  (required time - arrival time)
  Source:                 u_accel/u_pool/reg_written_reg[1][7][4]/C
                            (rising edge-triggered cell FDRE clocked by clk  {rise@0.000ns fall@5.000ns period=10.000ns})
  Destination:            u_accel/u_pool/stk_npc_reg[2][3][18]/CE
                            (rising edge-triggered cell FDRE clocked by clk  {rise@0.000ns fall@5.000ns period=10.000ns})
  Path Group:             clk
  Path Type:              Setup (Max at Slow Process Corner)
  Requirement:            10.000ns  (clk rise@10.000ns - clk rise@0.000ns)
  Data Path Delay:        8.971ns  (logic 1.925ns (21.458%)  route 7.046ns (78.542%))
  Logic Levels:           21  (CARRY8=1 LUT2=1 LUT4=5 LUT5=5 LUT6=7 MUXF7=1 MUXF8=1)
  Clock Path Skew:        -0.169ns (DCD - SCD + CPR)
    Destination Clock Delay (DCD):    3.070ns = ( 13.070 - 10.000 ) 
    Source Clock Delay      (SCD):    3.908ns
    Clock Pessimism Removal (CPR):    0.668ns
  Clock Uncertainty:      0.035ns  ((TSJ^2 + TIJ^2)^1/2 + DJ) / 2 + PE
    Total System Jitter     (TSJ):    0.071ns
    Total Input Jitter      (TIJ):    0.000ns
    Discrete Jitter          (DJ):    0.000ns
    Phase Error              (PE):    0.000ns
  Clock Net Delay (Source):      2.635ns (routing 1.343ns, distribution 1.292ns)
  Clock Net Delay (Destination): 2.344ns (routing 1.221ns, distribution 1.123ns)

    Location             Delay type                Incr(ns)  Path(ns)    Netlist Resource(s)
  -------------------------------------------------------------------    -------------------
                         (clock clk rise edge)        0.000     0.000 r  
    E4                                                0.000     0.000 r  clk (IN)
                         net (fo=0)                   0.000     0.000    clk_IBUF_inst/I
    E4                   INBUF (Prop_INBUF_HDIOB_M_PAD_O)
                                                      1.040     1.040 r  clk_IBUF_inst/INBUF_INST/O
                         net (fo=1, routed)           0.000     1.040    clk_IBUF_inst/OUT
    E4                   IBUFCTRL (Prop_IBUFCTRL_HDIOB_M_I_O)
                                                      0.000     1.040 r  clk_IBUF_inst/IBUFCTRL_INST/O
                         net (fo=1, routed)           0.204     1.244    clk_IBUF
    BUFGCE_HDIO_X2Y2     BUFGCE (Prop_BUFCE_BUFGCE_HDIO_I_O)
                                                      0.028     1.272 r  clk_IBUF_BUFG_inst/O
    X1Y3 (CLOCK_ROOT)    net (fo=26496, routed)       2.635     3.908    u_accel/u_pool/clk
    SLICE_X75Y209        FDRE                                         r  u_accel/u_pool/reg_written_reg[1][7][4]/C
  -------------------------------------------------------------------    -------------------
    SLICE_X75Y209        FDRE (Prop_DFF_SLICEL_C_Q)
                                                      0.079     3.987 r  u_accel/u_pool/reg_written_reg[1][7][4]/Q
                         net (fo=2, routed)           0.925     4.912    u_accel/u_pool/reg_written_reg_n_0_[1][7][4]
    SLICE_X56Y217        LUT4 (Prop_G6LUT_SLICEM_I2_O)
                                                      0.090     5.002 r  u_accel/u_pool/q_mul_b[7][31]_i_92/O
                         net (fo=2, routed)           0.236     5.238    u_accel/u_pool/q_mul_b[7][31]_i_92_n_0
    SLICE_X57Y219        LUT5 (Prop_B6LUT_SLICEM_I4_O)
                                                      0.125     5.363 r  u_accel/u_pool/q_mul_b[7][31]_i_31/O
                         net (fo=1, routed)           0.017     5.380    u_accel/u_pool/q_mul_b[7][31]_i_31_n_0
    SLICE_X57Y219        MUXF7 (Prop_F7MUX_AB_SLICEM_I0_O)
                                                      0.060     5.440 r  u_accel/u_pool/q_mul_b_reg[7][31]_i_16/O
                         net (fo=1, routed)           0.000     5.440    u_accel/u_pool/q_mul_b_reg[7][31]_i_16_n_0
    SLICE_X57Y219        MUXF8 (Prop_F8MUX_BOT_SLICEM_I1_O)
                                                      0.028     5.468 r  u_accel/u_pool/q_mul_b_reg[7][31]_i_7/O
                         net (fo=1, routed)           0.789     6.257    u_accel/u_pool/q_mul_b_reg[7][31]_i_7_n_0
    SLICE_X68Y221        LUT6 (Prop_E6LUT_SLICEL_I5_O)
                                                      0.090     6.347 r  u_accel/u_pool/q_mul_b[7][31]_i_2/O
                         net (fo=34, routed)          0.471     6.818    u_accel/u_pool/q_mul_b[7][31]_i_2_n_0
    SLICE_X79Y227        LUT5 (Prop_C6LUT_SLICEM_I3_O)
                                                      0.088     6.906 r  u_accel/u_pool/q_mul_b[7][26]_i_1/O
                         net (fo=2, routed)           0.333     7.239    u_accel/u_pool/q_mul_b[7][26]_i_1_n_0
    SLICE_X74Y232        LUT2 (Prop_C5LUT_SLICEM_I1_O)
                                                      0.111     7.350 r  u_accel/u_pool/mem_sdata_lane[7][26]_i_2/O
                         net (fo=12, routed)          0.471     7.821    u_accel/u_pool/rv2[7][26]
    SLICE_X73Y245        LUT4 (Prop_F6LUT_SLICEM_I0_O)
                                                      0.088     7.909 r  u_accel/u_pool/stk_mask[0][7][7]_i_63/O
                         net (fo=1, routed)           0.022     7.931    u_accel/u_pool/stk_mask[0][7][7]_i_63_n_0
    SLICE_X73Y245        CARRY8 (Prop_CARRY8_SLICEM_S[5]_CO[7])
                                                      0.166     8.097 r  u_accel/u_pool/stk_mask_reg[0][7][7]_i_9/CO[7]
                         net (fo=1, routed)           0.305     8.402    u_accel/u_pool/stk_mask_reg[0][7][7]_i_9_n_0
    SLICE_X72Y248        LUT6 (Prop_G6LUT_SLICEL_I5_O)
                                                      0.089     8.491 f  u_accel/u_pool/stk_mask[0][7][7]_i_4/O
                         net (fo=1, routed)           0.141     8.632    u_accel/u_pool/stk_mask[0][7][7]_i_4_n_0
    SLICE_X71Y250        LUT6 (Prop_G6LUT_SLICEM_I0_O)
                                                      0.090     8.722 f  u_accel/u_pool/stk_mask[0][7][7]_i_3/O
                         net (fo=28, routed)          0.415     9.137    u_accel/u_pool/(null)[7].t
    SLICE_X69Y260        LUT4 (Prop_B6LUT_SLICEL_I0_O)
                                                      0.051     9.188 r  u_accel/u_pool/stk_rpc[0][0][30]_i_54/O
                         net (fo=1, routed)           0.214     9.402    u_accel/u_pool/stk_rpc[0][0][30]_i_54_n_0
    SLICE_X66Y262        LUT6 (Prop_G6LUT_SLICEL_I4_O)
                                                      0.097     9.499 f  u_accel/u_pool/stk_rpc[0][0][30]_i_34/O
                         net (fo=4, routed)           0.154     9.653    u_accel/u_pool/stk_rpc[0][0][30]_i_34_n_0
    SLICE_X66Y263        LUT6 (Prop_A6LUT_SLICEL_I1_O)
                                                      0.050     9.703 f  u_accel/u_pool/stk_rpc[0][0][30]_i_7/O
                         net (fo=34, routed)          0.793    10.496    u_accel/u_pool/stk_rpc[0][0][30]_i_7_n_0
    SLICE_X60Y263        LUT6 (Prop_G6LUT_SLICEL_I0_O)
                                                      0.035    10.531 r  u_accel/u_pool/stk_npc[2][3][31]_i_18/O
                         net (fo=1, routed)           0.186    10.717    u_accel/u_pool/stk_npc[2][3][31]_i_18_n_0
    SLICE_X57Y263        LUT5 (Prop_B6LUT_SLICEM_I4_O)
                                                      0.052    10.769 r  u_accel/u_pool/stk_npc[2][3][31]_i_13/O
                         net (fo=3, routed)           0.293    11.062    u_accel/u_pool/stk_npc[2][3][31]_i_13_n_0
    SLICE_X53Y262        LUT5 (Prop_B6LUT_SLICEM_I2_O)
                                                      0.149    11.211 r  u_accel/u_pool/stk_npc[2][3][31]_i_14/O
                         net (fo=2, routed)           0.115    11.326    u_accel/u_pool/stk_npc[2][3][31]_i_14_n_0
    SLICE_X53Y262        LUT6 (Prop_D6LUT_SLICEM_I5_O)
                                                      0.145    11.471 r  u_accel/u_pool/stk_npc[2][3][31]_i_12/O
                         net (fo=1, routed)           0.318    11.789    u_accel/u_pool/stk_npc[2][3][31]_i_12_n_0
    SLICE_X50Y269        LUT5 (Prop_C6LUT_SLICEM_I0_O)
                                                      0.051    11.840 r  u_accel/u_pool/stk_npc[2][3][31]_i_8/O
                         net (fo=1, routed)           0.106    11.946    u_accel/u_pool/stk_npc[2][3][31]_i_8_n_0
    SLICE_X50Y270        LUT4 (Prop_F6LUT_SLICEM_I0_O)
                                                      0.088    12.034 r  u_accel/u_pool/stk_npc[2][3][31]_i_3/O
                         net (fo=1, routed)           0.174    12.208    u_accel/u_pool/stk_npc[2][3][31]_i_3_n_0
    SLICE_X50Y272        LUT4 (Prop_B5LUT_SLICEM_I3_O)
                                                      0.103    12.311 r  u_accel/u_pool/stk_npc[2][3][31]_i_1/O
                         net (fo=32, routed)          0.567    12.879    u_accel/u_pool/stk_npc[2][3][31]_i_1_n_0
    SLICE_X43Y277        FDRE                                         r  u_accel/u_pool/stk_npc_reg[2][3][18]/CE
  -------------------------------------------------------------------    -------------------

                         (clock clk rise edge)       10.000    10.000 r  
    E4                                                0.000    10.000 r  clk (IN)
                         net (fo=0)                   0.000    10.000    clk_IBUF_inst/I
    E4                   INBUF (Prop_INBUF_HDIOB_M_PAD_O)
                                                      0.533    10.533 r  clk_IBUF_inst/INBUF_INST/O
                         net (fo=1, routed)           0.000    10.533    clk_IBUF_inst/OUT
    E4                   IBUFCTRL (Prop_IBUFCTRL_HDIOB_M_I_O)
                                                      0.000    10.533 r  clk_IBUF_inst/IBUFCTRL_INST/O
                         net (fo=1, routed)           0.169    10.702    clk_IBUF
    BUFGCE_HDIO_X2Y2     BUFGCE (Prop_BUFCE_BUFGCE_HDIO_I_O)
                                                      0.024    10.726 r  clk_IBUF_BUFG_inst/O
    X1Y3 (CLOCK_ROOT)    net (fo=26496, routed)       2.344    13.070    u_accel/u_pool/clk
    SLICE_X43Y277        FDRE                                         r  u_accel/u_pool/stk_npc_reg[2][3][18]/C
                         clock pessimism              0.668    13.738    
                         clock uncertainty           -0.035    13.703    
    SLICE_X43Y277        FDRE (Setup_DFF_SLICEL_C_CE)
                                                     -0.060    13.643    u_accel/u_pool/stk_npc_reg[2][3][18]
  -------------------------------------------------------------------
                         required time                         13.643    
                         arrival time                         -12.879    
  -------------------------------------------------------------------
                         slack                                  0.764    

Slack (MET) :             0.764ns  (required time - arrival time)
  Source:                 u_accel/u_pool/reg_written_reg[1][7][4]/C
                            (rising edge-triggered cell FDRE clocked by clk  {rise@0.000ns fall@5.000ns period=10.000ns})
  Destination:            u_accel/u_pool/stk_npc_reg[2][3][4]/CE
                            (rising edge-triggered cell FDRE clocked by clk  {rise@0.000ns fall@5.000ns period=10.000ns})
  Path Group:             clk
  Path Type:              Setup (Max at Slow Process Corner)
  Requirement:            10.000ns  (clk rise@10.000ns - clk rise@0.000ns)
  Data Path Delay:        8.971ns  (logic 1.925ns (21.458%)  route 7.046ns (78.542%))
  Logic Levels:           21  (CARRY8=1 LUT2=1 LUT4=5 LUT5=5 LUT6=7 MUXF7=1 MUXF8=1)
  Clock Path Skew:        -0.169ns (DCD - SCD + CPR)
    Destination Clock Delay (DCD):    3.070ns = ( 13.070 - 10.000 ) 
    Source Clock Delay      (SCD):    3.908ns
    Clock Pessimism Removal (CPR):    0.668ns
  Clock Uncertainty:      0.035ns  ((TSJ^2 + TIJ^2)^1/2 + DJ) / 2 + PE
    Total System Jitter     (TSJ):    0.071ns
    Total Input Jitter      (TIJ):    0.000ns
    Discrete Jitter          (DJ):    0.000ns
    Phase Error              (PE):    0.000ns
  Clock Net Delay (Source):      2.635ns (routing 1.343ns, distribution 1.292ns)
  Clock Net Delay (Destination): 2.344ns (routing 1.221ns, distribution 1.123ns)

    Location             Delay type                Incr(ns)  Path(ns)    Netlist Resource(s)
  -------------------------------------------------------------------    -------------------
                         (clock clk rise edge)        0.000     0.000 r  
    E4                                                0.000     0.000 r  clk (IN)
                         net (fo=0)                   0.000     0.000    clk_IBUF_inst/I
    E4                   INBUF (Prop_INBUF_HDIOB_M_PAD_O)
                                                      1.040     1.040 r  clk_IBUF_inst/INBUF_INST/O
                         net (fo=1, routed)           0.000     1.040    clk_IBUF_inst/OUT
    E4                   IBUFCTRL (Prop_IBUFCTRL_HDIOB_M_I_O)
                                                      0.000     1.040 r  clk_IBUF_inst/IBUFCTRL_INST/O
                         net (fo=1, routed)           0.204     1.244    clk_IBUF
    BUFGCE_HDIO_X2Y2     BUFGCE (Prop_BUFCE_BUFGCE_HDIO_I_O)
                                                      0.028     1.272 r  clk_IBUF_BUFG_inst/O
    X1Y3 (CLOCK_ROOT)    net (fo=26496, routed)       2.635     3.908    u_accel/u_pool/clk
    SLICE_X75Y209        FDRE                                         r  u_accel/u_pool/reg_written_reg[1][7][4]/C
  -------------------------------------------------------------------    -------------------
    SLICE_X75Y209        FDRE (Prop_DFF_SLICEL_C_Q)
                                                      0.079     3.987 r  u_accel/u_pool/reg_written_reg[1][7][4]/Q
                         net (fo=2, routed)           0.925     4.912    u_accel/u_pool/reg_written_reg_n_0_[1][7][4]
    SLICE_X56Y217        LUT4 (Prop_G6LUT_SLICEM_I2_O)
                                                      0.090     5.002 r  u_accel/u_pool/q_mul_b[7][31]_i_92/O
                         net (fo=2, routed)           0.236     5.238    u_accel/u_pool/q_mul_b[7][31]_i_92_n_0
    SLICE_X57Y219        LUT5 (Prop_B6LUT_SLICEM_I4_O)
                                                      0.125     5.363 r  u_accel/u_pool/q_mul_b[7][31]_i_31/O
                         net (fo=1, routed)           0.017     5.380    u_accel/u_pool/q_mul_b[7][31]_i_31_n_0
    SLICE_X57Y219        MUXF7 (Prop_F7MUX_AB_SLICEM_I0_O)
                                                      0.060     5.440 r  u_accel/u_pool/q_mul_b_reg[7][31]_i_16/O
                         net (fo=1, routed)           0.000     5.440    u_accel/u_pool/q_mul_b_reg[7][31]_i_16_n_0
    SLICE_X57Y219        MUXF8 (Prop_F8MUX_BOT_SLICEM_I1_O)
                                                      0.028     5.468 r  u_accel/u_pool/q_mul_b_reg[7][31]_i_7/O
                         net (fo=1, routed)           0.789     6.257    u_accel/u_pool/q_mul_b_reg[7][31]_i_7_n_0
    SLICE_X68Y221        LUT6 (Prop_E6LUT_SLICEL_I5_O)
                                                      0.090     6.347 r  u_accel/u_pool/q_mul_b[7][31]_i_2/O
                         net (fo=34, routed)          0.471     6.818    u_accel/u_pool/q_mul_b[7][31]_i_2_n_0
    SLICE_X79Y227        LUT5 (Prop_C6LUT_SLICEM_I3_O)
                                                      0.088     6.906 r  u_accel/u_pool/q_mul_b[7][26]_i_1/O
                         net (fo=2, routed)           0.333     7.239    u_accel/u_pool/q_mul_b[7][26]_i_1_n_0
    SLICE_X74Y232        LUT2 (Prop_C5LUT_SLICEM_I1_O)
                                                      0.111     7.350 r  u_accel/u_pool/mem_sdata_lane[7][26]_i_2/O
                         net (fo=12, routed)          0.471     7.821    u_accel/u_pool/rv2[7][26]
    SLICE_X73Y245        LUT4 (Prop_F6LUT_SLICEM_I0_O)
                                                      0.088     7.909 r  u_accel/u_pool/stk_mask[0][7][7]_i_63/O
                         net (fo=1, routed)           0.022     7.931    u_accel/u_pool/stk_mask[0][7][7]_i_63_n_0
    SLICE_X73Y245        CARRY8 (Prop_CARRY8_SLICEM_S[5]_CO[7])
                                                      0.166     8.097 r  u_accel/u_pool/stk_mask_reg[0][7][7]_i_9/CO[7]
                         net (fo=1, routed)           0.305     8.402    u_accel/u_pool/stk_mask_reg[0][7][7]_i_9_n_0
    SLICE_X72Y248        LUT6 (Prop_G6LUT_SLICEL_I5_O)
                                                      0.089     8.491 f  u_accel/u_pool/stk_mask[0][7][7]_i_4/O
                         net (fo=1, routed)           0.141     8.632    u_accel/u_pool/stk_mask[0][7][7]_i_4_n_0
    SLICE_X71Y250        LUT6 (Prop_G6LUT_SLICEM_I0_O)
                                                      0.090     8.722 f  u_accel/u_pool/stk_mask[0][7][7]_i_3/O
                         net (fo=28, routed)          0.415     9.137    u_accel/u_pool/(null)[7].t
    SLICE_X69Y260        LUT4 (Prop_B6LUT_SLICEL_I0_O)
                                                      0.051     9.188 r  u_accel/u_pool/stk_rpc[0][0][30]_i_54/O
                         net (fo=1, routed)           0.214     9.402    u_accel/u_pool/stk_rpc[0][0][30]_i_54_n_0
    SLICE_X66Y262        LUT6 (Prop_G6LUT_SLICEL_I4_O)
                                                      0.097     9.499 f  u_accel/u_pool/stk_rpc[0][0][30]_i_34/O
                         net (fo=4, routed)           0.154     9.653    u_accel/u_pool/stk_rpc[0][0][30]_i_34_n_0
    SLICE_X66Y263        LUT6 (Prop_A6LUT_SLICEL_I1_O)
                                                      0.050     9.703 f  u_accel/u_pool/stk_rpc[0][0][30]_i_7/O
                         net (fo=34, routed)          0.793    10.496    u_accel/u_pool/stk_rpc[0][0][30]_i_7_n_0
    SLICE_X60Y263        LUT6 (Prop_G6LUT_SLICEL_I0_O)
                                                      0.035    10.531 r  u_accel/u_pool/stk_npc[2][3][31]_i_18/O
                         net (fo=1, routed)           0.186    10.717    u_accel/u_pool/stk_npc[2][3][31]_i_18_n_0
    SLICE_X57Y263        LUT5 (Prop_B6LUT_SLICEM_I4_O)
                                                      0.052    10.769 r  u_accel/u_pool/stk_npc[2][3][31]_i_13/O
                         net (fo=3, routed)           0.293    11.062    u_accel/u_pool/stk_npc[2][3][31]_i_13_n_0
    SLICE_X53Y262        LUT5 (Prop_B6LUT_SLICEM_I2_O)
                                                      0.149    11.211 r  u_accel/u_pool/stk_npc[2][3][31]_i_14/O
                         net (fo=2, routed)           0.115    11.326    u_accel/u_pool/stk_npc[2][3][31]_i_14_n_0
    SLICE_X53Y262        LUT6 (Prop_D6LUT_SLICEM_I5_O)
                                                      0.145    11.471 r  u_accel/u_pool/stk_npc[2][3][31]_i_12/O
                         net (fo=1, routed)           0.318    11.789    u_accel/u_pool/stk_npc[2][3][31]_i_12_n_0
    SLICE_X50Y269        LUT5 (Prop_C6LUT_SLICEM_I0_O)
                                                      0.051    11.840 r  u_accel/u_pool/stk_npc[2][3][31]_i_8/O
                         net (fo=1, routed)           0.106    11.946    u_accel/u_pool/stk_npc[2][3][31]_i_8_n_0
    SLICE_X50Y270        LUT4 (Prop_F6LUT_SLICEM_I0_O)
                                                      0.088    12.034 r  u_accel/u_pool/stk_npc[2][3][31]_i_3/O
                         net (fo=1, routed)           0.174    12.208    u_accel/u_pool/stk_npc[2][3][31]_i_3_n_0
    SLICE_X50Y272        LUT4 (Prop_B5LUT_SLICEM_I3_O)
                                                      0.103    12.311 r  u_accel/u_pool/stk_npc[2][3][31]_i_1/O
                         net (fo=32, routed)          0.567    12.879    u_accel/u_pool/stk_npc[2][3][31]_i_1_n_0
    SLICE_X43Y277        FDRE                                         r  u_accel/u_pool/stk_npc_reg[2][3][4]/CE
  -------------------------------------------------------------------    -------------------

                         (clock clk rise edge)       10.000    10.000 r  
    E4                                                0.000    10.000 r  clk (IN)
                         net (fo=0)                   0.000    10.000    clk_IBUF_inst/I
    E4                   INBUF (Prop_INBUF_HDIOB_M_PAD_O)
                                                      0.533    10.533 r  clk_IBUF_inst/INBUF_INST/O
                         net (fo=1, routed)           0.000    10.533    clk_IBUF_inst/OUT
    E4                   IBUFCTRL (Prop_IBUFCTRL_HDIOB_M_I_O)
                                                      0.000    10.533 r  clk_IBUF_inst/IBUFCTRL_INST/O
                         net (fo=1, routed)           0.169    10.702    clk_IBUF
    BUFGCE_HDIO_X2Y2     BUFGCE (Prop_BUFCE_BUFGCE_HDIO_I_O)
                                                      0.024    10.726 r  clk_IBUF_BUFG_inst/O
    X1Y3 (CLOCK_ROOT)    net (fo=26496, routed)       2.344    13.070    u_accel/u_pool/clk
    SLICE_X43Y277        FDRE                                         r  u_accel/u_pool/stk_npc_reg[2][3][4]/C
                         clock pessimism              0.668    13.738    
                         clock uncertainty           -0.035    13.703    
    SLICE_X43Y277        FDRE (Setup_CFF_SLICEL_C_CE)
                                                     -0.060    13.643    u_accel/u_pool/stk_npc_reg[2][3][4]
  -------------------------------------------------------------------
                         required time                         13.643    
                         arrival time                         -12.879    
  -------------------------------------------------------------------
                         slack                                  0.764    

Slack (MET) :             0.766ns  (required time - arrival time)
  Source:                 u_accel/u_pool/issue_w_reg[0]_rep__24/C
                            (rising edge-triggered cell FDRE clocked by clk  {rise@0.000ns fall@5.000ns period=10.000ns})
  Destination:            u_accel/u_pool/stk_npc_reg[3][1][2]/CE
                            (rising edge-triggered cell FDRE clocked by clk  {rise@0.000ns fall@5.000ns period=10.000ns})
  Path Group:             clk
  Path Type:              Setup (Max at Slow Process Corner)
  Requirement:            10.000ns  (clk rise@10.000ns - clk rise@0.000ns)
  Data Path Delay:        8.980ns  (logic 2.020ns (22.495%)  route 6.960ns (77.505%))
  Logic Levels:           24  (CARRY8=2 LUT2=1 LUT4=8 LUT5=3 LUT6=9 MUXF7=1)
  Clock Path Skew:        -0.159ns (DCD - SCD + CPR)
    Destination Clock Delay (DCD):    3.080ns = ( 13.080 - 10.000 ) 
    Source Clock Delay      (SCD):    3.977ns
    Clock Pessimism Removal (CPR):    0.737ns
  Clock Uncertainty:      0.035ns  ((TSJ^2 + TIJ^2)^1/2 + DJ) / 2 + PE
    Total System Jitter     (TSJ):    0.071ns
    Total Input Jitter      (TIJ):    0.000ns
    Discrete Jitter          (DJ):    0.000ns
    Phase Error              (PE):    0.000ns
  Clock Net Delay (Source):      2.704ns (routing 1.343ns, distribution 1.361ns)
  Clock Net Delay (Destination): 2.354ns (routing 1.221ns, distribution 1.133ns)

    Location             Delay type                Incr(ns)  Path(ns)    Netlist Resource(s)
  -------------------------------------------------------------------    -------------------
                         (clock clk rise edge)        0.000     0.000 r  
    E4                                                0.000     0.000 r  clk (IN)
                         net (fo=0)                   0.000     0.000    clk_IBUF_inst/I
    E4                   INBUF (Prop_INBUF_HDIOB_M_PAD_O)
                                                      1.040     1.040 r  clk_IBUF_inst/INBUF_INST/O
                         net (fo=1, routed)           0.000     1.040    clk_IBUF_inst/OUT
    E4                   IBUFCTRL (Prop_IBUFCTRL_HDIOB_M_I_O)
                                                      0.000     1.040 r  clk_IBUF_inst/IBUFCTRL_INST/O
                         net (fo=1, routed)           0.204     1.244    clk_IBUF
    BUFGCE_HDIO_X2Y2     BUFGCE (Prop_BUFCE_BUFGCE_HDIO_I_O)
                                                      0.028     1.272 r  clk_IBUF_BUFG_inst/O
    X1Y3 (CLOCK_ROOT)    net (fo=26496, routed)       2.704     3.977    u_accel/u_pool/clk
    SLICE_X70Y253        FDRE                                         r  u_accel/u_pool/issue_w_reg[0]_rep__24/C
  -------------------------------------------------------------------    -------------------
    SLICE_X70Y253        FDRE (Prop_AFF_SLICEM_C_Q)
                                                      0.077     4.054 r  u_accel/u_pool/issue_w_reg[0]_rep__24/Q
                         net (fo=82, routed)          0.162     4.216    u_accel/u_pool/issue_w_reg[0]_rep__24_n_0
    SLICE_X69Y253        LUT2 (Prop_E5LUT_SLICEL_I1_O)
                                                      0.114     4.330 r  u_accel/u_pool/stk_rpc[3][7][31]_i_2/O
                         net (fo=152, routed)         0.308     4.637    u_accel/u_pool/stk_rpc[3][7][31]_i_2_n_0
    SLICE_X73Y253        LUT4 (Prop_D6LUT_SLICEM_I0_O)
                                                      0.088     4.725 r  u_accel/u_pool/q_mul_b[3][31]_i_48/O
                         net (fo=1, routed)           0.098     4.823    u_accel/u_pool/q_mul_b[3][31]_i_48_n_0
    SLICE_X71Y253        LUT5 (Prop_A6LUT_SLICEM_I4_O)
                                                      0.053     4.876 f  u_accel/u_pool/q_mul_b[3][31]_i_16/O
                         net (fo=2, routed)           0.287     5.163    u_accel/u_pool/q_mul_b[3][31]_i_16_n_0
    SLICE_X69Y254        LUT6 (Prop_B6LUT_SLICEL_I1_O)
                                                      0.124     5.287 f  u_accel/u_pool/q_mul_a[3][31]_i_7/O
                         net (fo=1, routed)           0.288     5.575    u_accel/u_pool/q_mul_a[3][31]_i_7_n_0
    SLICE_X67Y249        LUT6 (Prop_H6LUT_SLICEM_I0_O)
                                                      0.101     5.676 r  u_accel/u_pool/q_mul_a[3][31]_i_5/O
                         net (fo=1, routed)           0.014     5.690    u_accel/u_pool/q_mul_a[3][31]_i_5_n_0
    SLICE_X67Y249        MUXF7 (Prop_F7MUX_GH_SLICEM_I0_O)
                                                      0.066     5.756 r  u_accel/u_pool/q_mul_a_reg[3][31]_i_3/O
                         net (fo=64, routed)          0.917     6.673    u_accel/u_pool/q_mul_a_reg[3][31]_i_3_n_0
    SLICE_X62Y225        LUT4 (Prop_E6LUT_SLICEL_I0_O)
                                                      0.099     6.772 r  u_accel/u_pool/q_mul_a[3][2]_i_3/O
                         net (fo=1, routed)           0.158     6.930    u_accel/u_pool/q_mul_a[3][2]_i_3_n_0
    SLICE_X62Y231        LUT6 (Prop_C6LUT_SLICEL_I4_O)
                                                      0.035     6.965 f  u_accel/u_pool/q_mul_a[3][2]_i_2/O
                         net (fo=11, routed)          0.423     7.388    u_accel/u_pool/rv1[3][2]
    SLICE_X61Y236        LUT4 (Prop_H6LUT_SLICEM_I0_O)
                                                      0.090     7.478 r  u_accel/u_pool/stk_mask[0][7][3]_i_88/O
                         net (fo=2, routed)           0.461     7.939    u_accel/u_pool/stk_mask[0][7][3]_i_88_n_0
    SLICE_X63Y236        CARRY8 (Prop_CARRY8_SLICEM_DI[1]_CO[7])
                                                      0.120     8.059 r  u_accel/u_pool/stk_mask_reg[0][7][3]_i_17/CO[7]
                         net (fo=1, routed)           0.026     8.085    u_accel/u_pool/stk_mask_reg[0][7][3]_i_17_n_0
    SLICE_X63Y237        CARRY8 (Prop_CARRY8_SLICEM_CI_CO[7])
                                                      0.022     8.107 r  u_accel/u_pool/stk_mask_reg[0][7][3]_i_6/CO[7]
                         net (fo=1, routed)           0.572     8.679    u_accel/u_pool/stk_mask_reg[0][7][3]_i_6_n_0
    SLICE_X66Y242        LUT6 (Prop_E6LUT_SLICEL_I0_O)
                                                      0.035     8.714 r  u_accel/u_pool/stk_mask[0][7][3]_i_3/O
                         net (fo=1, routed)           0.189     8.903    u_accel/u_pool/stk_mask[0][7][3]_i_3_n_0
    SLICE_X66Y246        LUT6 (Prop_H6LUT_SLICEL_I0_O)
                                                      0.036     8.939 r  u_accel/u_pool/stk_mask[0][7][3]_i_2/O
                         net (fo=28, routed)          0.272     9.211    u_accel/u_pool/(null)[3].t
    SLICE_X66Y256        LUT4 (Prop_G6LUT_SLICEL_I3_O)
                                                      0.123     9.334 r  u_accel/u_pool/stk_rpc[0][0][30]_i_53/O
                         net (fo=1, routed)           0.139     9.473    u_accel/u_pool/stk_rpc[0][0][30]_i_53_n_0
    SLICE_X66Y259        LUT6 (Prop_F6LUT_SLICEL_I5_O)
                                                      0.035     9.508 r  u_accel/u_pool/stk_rpc[0][0][30]_i_33/O
                         net (fo=3, routed)           0.412     9.920    u_accel/u_pool/stk_rpc[0][0][30]_i_33_n_0
    SLICE_X65Y262        LUT4 (Prop_F6LUT_SLICEL_I3_O)
                                                      0.049     9.969 r  u_accel/u_pool/stk_rpc[1][0][31]_i_12/O
                         net (fo=2, routed)           0.184    10.153    u_accel/u_pool/stk_rpc[1][0][31]_i_12_n_0
    SLICE_X64Y265        LUT6 (Prop_G6LUT_SLICEM_I5_O)
                                                      0.037    10.190 r  u_accel/u_pool/stk_rpc[3][0][31]_i_7/O
                         net (fo=48, routed)          0.414    10.604    u_accel/u_pool/stk_rpc[3][0][31]_i_7_n_0
    SLICE_X55Y266        LUT4 (Prop_B5LUT_SLICEL_I0_O)
                                                      0.141    10.745 r  u_accel/u_pool/stk_npc[3][1][31]_i_22/O
                         net (fo=1, routed)           0.184    10.929    u_accel/u_pool/stk_npc[3][1][31]_i_22_n_0
    SLICE_X55Y266        LUT6 (Prop_G6LUT_SLICEL_I3_O)
                                                      0.089    11.018 r  u_accel/u_pool/stk_npc[3][1][31]_i_16/O
                         net (fo=3, routed)           0.319    11.336    u_accel/u_pool/stk_npc[3][1][31]_i_16_n_0
    SLICE_X53Y259        LUT5 (Prop_F6LUT_SLICEM_I2_O)
                                                      0.098    11.434 r  u_accel/u_pool/stk_npc[3][1][31]_i_17/O
                         net (fo=2, routed)           0.150    11.584    u_accel/u_pool/stk_npc[3][1][31]_i_17_n_0
    SLICE_X53Y258        LUT6 (Prop_B6LUT_SLICEM_I5_O)
                                                      0.125    11.709 r  u_accel/u_pool/stk_npc[3][1][31]_i_14/O
                         net (fo=1, routed)           0.092    11.801    u_accel/u_pool/stk_npc[3][1][31]_i_14_n_0
    SLICE_X53Y258        LUT5 (Prop_D5LUT_SLICEM_I0_O)
                                                      0.066    11.867 r  u_accel/u_pool/stk_npc[3][1][31]_i_8/O
                         net (fo=1, routed)           0.199    12.066    u_accel/u_pool/stk_npc[3][1][31]_i_8_n_0
    SLICE_X53Y258        LUT4 (Prop_E6LUT_SLICEM_I0_O)
                                                      0.124    12.190 r  u_accel/u_pool/stk_npc[3][1][31]_i_3/O
                         net (fo=1, routed)           0.092    12.282    u_accel/u_pool/stk_npc[3][1][31]_i_3_n_0
    SLICE_X52Y258        LUT4 (Prop_B5LUT_SLICEL_I1_O)
                                                      0.073    12.355 r  u_accel/u_pool/stk_npc[3][1][31]_i_1/O
                         net (fo=32, routed)          0.601    12.956    u_accel/u_pool/stk_npc[3][1][31]_i_1_n_0
    SLICE_X48Y256        FDRE                                         r  u_accel/u_pool/stk_npc_reg[3][1][2]/CE
  -------------------------------------------------------------------    -------------------

                         (clock clk rise edge)       10.000    10.000 r  
    E4                                                0.000    10.000 r  clk (IN)
                         net (fo=0)                   0.000    10.000    clk_IBUF_inst/I
    E4                   INBUF (Prop_INBUF_HDIOB_M_PAD_O)
                                                      0.533    10.533 r  clk_IBUF_inst/INBUF_INST/O
                         net (fo=1, routed)           0.000    10.533    clk_IBUF_inst/OUT
    E4                   IBUFCTRL (Prop_IBUFCTRL_HDIOB_M_I_O)
                                                      0.000    10.533 r  clk_IBUF_inst/IBUFCTRL_INST/O
                         net (fo=1, routed)           0.169    10.702    clk_IBUF
    BUFGCE_HDIO_X2Y2     BUFGCE (Prop_BUFCE_BUFGCE_HDIO_I_O)
                                                      0.024    10.726 r  clk_IBUF_BUFG_inst/O
    X1Y3 (CLOCK_ROOT)    net (fo=26496, routed)       2.354    13.080    u_accel/u_pool/clk
    SLICE_X48Y256        FDRE                                         r  u_accel/u_pool/stk_npc_reg[3][1][2]/C
                         clock pessimism              0.737    13.817    
                         clock uncertainty           -0.035    13.782    
    SLICE_X48Y256        FDRE (Setup_HFF_SLICEL_C_CE)
                                                     -0.060    13.722    u_accel/u_pool/stk_npc_reg[3][1][2]
  -------------------------------------------------------------------
                         required time                         13.722    
                         arrival time                         -12.956    
  -------------------------------------------------------------------
                         slack                                  0.766    

Slack (MET) :             0.770ns  (required time - arrival time)
  Source:                 u_accel/u_pool/issue_w_reg[0]_rep__24/C
                            (rising edge-triggered cell FDRE clocked by clk  {rise@0.000ns fall@5.000ns period=10.000ns})
  Destination:            u_accel/u_pool/stk_npc_reg[3][1][10]/CE
                            (rising edge-triggered cell FDRE clocked by clk  {rise@0.000ns fall@5.000ns period=10.000ns})
  Path Group:             clk
  Path Type:              Setup (Max at Slow Process Corner)
  Requirement:            10.000ns  (clk rise@10.000ns - clk rise@0.000ns)
  Data Path Delay:        8.958ns  (logic 2.020ns (22.549%)  route 6.938ns (77.451%))
  Logic Levels:           24  (CARRY8=2 LUT2=1 LUT4=8 LUT5=3 LUT6=9 MUXF7=1)
  Clock Path Skew:        -0.176ns (DCD - SCD + CPR)
    Destination Clock Delay (DCD):    3.064ns = ( 13.064 - 10.000 ) 
    Source Clock Delay      (SCD):    3.977ns
    Clock Pessimism Removal (CPR):    0.737ns
  Clock Uncertainty:      0.035ns  ((TSJ^2 + TIJ^2)^1/2 + DJ) / 2 + PE
    Total System Jitter     (TSJ):    0.071ns
    Total Input Jitter      (TIJ):    0.000ns
    Discrete Jitter          (DJ):    0.000ns
    Phase Error              (PE):    0.000ns
  Clock Net Delay (Source):      2.704ns (routing 1.343ns, distribution 1.361ns)
  Clock Net Delay (Destination): 2.338ns (routing 1.221ns, distribution 1.117ns)

    Location             Delay type                Incr(ns)  Path(ns)    Netlist Resource(s)
  -------------------------------------------------------------------    -------------------
                         (clock clk rise edge)        0.000     0.000 r  
    E4                                                0.000     0.000 r  clk (IN)
                         net (fo=0)                   0.000     0.000    clk_IBUF_inst/I
    E4                   INBUF (Prop_INBUF_HDIOB_M_PAD_O)
                                                      1.040     1.040 r  clk_IBUF_inst/INBUF_INST/O
                         net (fo=1, routed)           0.000     1.040    clk_IBUF_inst/OUT
    E4                   IBUFCTRL (Prop_IBUFCTRL_HDIOB_M_I_O)
                                                      0.000     1.040 r  clk_IBUF_inst/IBUFCTRL_INST/O
                         net (fo=1, routed)           0.204     1.244    clk_IBUF
    BUFGCE_HDIO_X2Y2     BUFGCE (Prop_BUFCE_BUFGCE_HDIO_I_O)
                                                      0.028     1.272 r  clk_IBUF_BUFG_inst/O
    X1Y3 (CLOCK_ROOT)    net (fo=26496, routed)       2.704     3.977    u_accel/u_pool/clk
    SLICE_X70Y253        FDRE                                         r  u_accel/u_pool/issue_w_reg[0]_rep__24/C
  -------------------------------------------------------------------    -------------------
    SLICE_X70Y253        FDRE (Prop_AFF_SLICEM_C_Q)
                                                      0.077     4.054 r  u_accel/u_pool/issue_w_reg[0]_rep__24/Q
                         net (fo=82, routed)          0.162     4.216    u_accel/u_pool/issue_w_reg[0]_rep__24_n_0
    SLICE_X69Y253        LUT2 (Prop_E5LUT_SLICEL_I1_O)
                                                      0.114     4.330 r  u_accel/u_pool/stk_rpc[3][7][31]_i_2/O
                         net (fo=152, routed)         0.308     4.637    u_accel/u_pool/stk_rpc[3][7][31]_i_2_n_0
    SLICE_X73Y253        LUT4 (Prop_D6LUT_SLICEM_I0_O)
                                                      0.088     4.725 r  u_accel/u_pool/q_mul_b[3][31]_i_48/O
                         net (fo=1, routed)           0.098     4.823    u_accel/u_pool/q_mul_b[3][31]_i_48_n_0
    SLICE_X71Y253        LUT5 (Prop_A6LUT_SLICEM_I4_O)
                                                      0.053     4.876 f  u_accel/u_pool/q_mul_b[3][31]_i_16/O
                         net (fo=2, routed)           0.287     5.163    u_accel/u_pool/q_mul_b[3][31]_i_16_n_0
    SLICE_X69Y254        LUT6 (Prop_B6LUT_SLICEL_I1_O)
                                                      0.124     5.287 f  u_accel/u_pool/q_mul_a[3][31]_i_7/O
                         net (fo=1, routed)           0.288     5.575    u_accel/u_pool/q_mul_a[3][31]_i_7_n_0
    SLICE_X67Y249        LUT6 (Prop_H6LUT_SLICEM_I0_O)
                                                      0.101     5.676 r  u_accel/u_pool/q_mul_a[3][31]_i_5/O
                         net (fo=1, routed)           0.014     5.690    u_accel/u_pool/q_mul_a[3][31]_i_5_n_0
    SLICE_X67Y249        MUXF7 (Prop_F7MUX_GH_SLICEM_I0_O)
                                                      0.066     5.756 r  u_accel/u_pool/q_mul_a_reg[3][31]_i_3/O
                         net (fo=64, routed)          0.917     6.673    u_accel/u_pool/q_mul_a_reg[3][31]_i_3_n_0
    SLICE_X62Y225        LUT4 (Prop_E6LUT_SLICEL_I0_O)
                                                      0.099     6.772 r  u_accel/u_pool/q_mul_a[3][2]_i_3/O
                         net (fo=1, routed)           0.158     6.930    u_accel/u_pool/q_mul_a[3][2]_i_3_n_0
    SLICE_X62Y231        LUT6 (Prop_C6LUT_SLICEL_I4_O)
                                                      0.035     6.965 f  u_accel/u_pool/q_mul_a[3][2]_i_2/O
                         net (fo=11, routed)          0.423     7.388    u_accel/u_pool/rv1[3][2]
    SLICE_X61Y236        LUT4 (Prop_H6LUT_SLICEM_I0_O)
                                                      0.090     7.478 r  u_accel/u_pool/stk_mask[0][7][3]_i_88/O
                         net (fo=2, routed)           0.461     7.939    u_accel/u_pool/stk_mask[0][7][3]_i_88_n_0
    SLICE_X63Y236        CARRY8 (Prop_CARRY8_SLICEM_DI[1]_CO[7])
                                                      0.120     8.059 r  u_accel/u_pool/stk_mask_reg[0][7][3]_i_17/CO[7]
                         net (fo=1, routed)           0.026     8.085    u_accel/u_pool/stk_mask_reg[0][7][3]_i_17_n_0
    SLICE_X63Y237        CARRY8 (Prop_CARRY8_SLICEM_CI_CO[7])
                                                      0.022     8.107 r  u_accel/u_pool/stk_mask_reg[0][7][3]_i_6/CO[7]
                         net (fo=1, routed)           0.572     8.679    u_accel/u_pool/stk_mask_reg[0][7][3]_i_6_n_0
    SLICE_X66Y242        LUT6 (Prop_E6LUT_SLICEL_I0_O)
                                                      0.035     8.714 r  u_accel/u_pool/stk_mask[0][7][3]_i_3/O
                         net (fo=1, routed)           0.189     8.903    u_accel/u_pool/stk_mask[0][7][3]_i_3_n_0
    SLICE_X66Y246        LUT6 (Prop_H6LUT_SLICEL_I0_O)
                                                      0.036     8.939 r  u_accel/u_pool/stk_mask[0][7][3]_i_2/O
                         net (fo=28, routed)          0.272     9.211    u_accel/u_pool/(null)[3].t
    SLICE_X66Y256        LUT4 (Prop_G6LUT_SLICEL_I3_O)
                                                      0.123     9.334 r  u_accel/u_pool/stk_rpc[0][0][30]_i_53/O
                         net (fo=1, routed)           0.139     9.473    u_accel/u_pool/stk_rpc[0][0][30]_i_53_n_0
    SLICE_X66Y259        LUT6 (Prop_F6LUT_SLICEL_I5_O)
                                                      0.035     9.508 r  u_accel/u_pool/stk_rpc[0][0][30]_i_33/O
                         net (fo=3, routed)           0.412     9.920    u_accel/u_pool/stk_rpc[0][0][30]_i_33_n_0
    SLICE_X65Y262        LUT4 (Prop_F6LUT_SLICEL_I3_O)
                                                      0.049     9.969 r  u_accel/u_pool/stk_rpc[1][0][31]_i_12/O
                         net (fo=2, routed)           0.184    10.153    u_accel/u_pool/stk_rpc[1][0][31]_i_12_n_0
    SLICE_X64Y265        LUT6 (Prop_G6LUT_SLICEM_I5_O)
                                                      0.037    10.190 r  u_accel/u_pool/stk_rpc[3][0][31]_i_7/O
                         net (fo=48, routed)          0.414    10.604    u_accel/u_pool/stk_rpc[3][0][31]_i_7_n_0
    SLICE_X55Y266        LUT4 (Prop_B5LUT_SLICEL_I0_O)
                                                      0.141    10.745 r  u_accel/u_pool/stk_npc[3][1][31]_i_22/O
                         net (fo=1, routed)           0.184    10.929    u_accel/u_pool/stk_npc[3][1][31]_i_22_n_0
    SLICE_X55Y266        LUT6 (Prop_G6LUT_SLICEL_I3_O)
                                                      0.089    11.018 r  u_accel/u_pool/stk_npc[3][1][31]_i_16/O
                         net (fo=3, routed)           0.319    11.336    u_accel/u_pool/stk_npc[3][1][31]_i_16_n_0
    SLICE_X53Y259        LUT5 (Prop_F6LUT_SLICEM_I2_O)
                                                      0.098    11.434 r  u_accel/u_pool/stk_npc[3][1][31]_i_17/O
                         net (fo=2, routed)           0.150    11.584    u_accel/u_pool/stk_npc[3][1][31]_i_17_n_0
    SLICE_X53Y258        LUT6 (Prop_B6LUT_SLICEM_I5_O)
                                                      0.125    11.709 r  u_accel/u_pool/stk_npc[3][1][31]_i_14/O
                         net (fo=1, routed)           0.092    11.801    u_accel/u_pool/stk_npc[3][1][31]_i_14_n_0
    SLICE_X53Y258        LUT5 (Prop_D5LUT_SLICEM_I0_O)
                                                      0.066    11.867 r  u_accel/u_pool/stk_npc[3][1][31]_i_8/O
                         net (fo=1, routed)           0.199    12.066    u_accel/u_pool/stk_npc[3][1][31]_i_8_n_0
    SLICE_X53Y258        LUT4 (Prop_E6LUT_SLICEM_I0_O)
                                                      0.124    12.190 r  u_accel/u_pool/stk_npc[3][1][31]_i_3/O
                         net (fo=1, routed)           0.092    12.282    u_accel/u_pool/stk_npc[3][1][31]_i_3_n_0
    SLICE_X52Y258        LUT4 (Prop_B5LUT_SLICEL_I1_O)
                                                      0.073    12.355 r  u_accel/u_pool/stk_npc[3][1][31]_i_1/O
                         net (fo=32, routed)          0.580    12.935    u_accel/u_pool/stk_npc[3][1][31]_i_1_n_0
    SLICE_X48Y265        FDRE                                         r  u_accel/u_pool/stk_npc_reg[3][1][10]/CE
  -------------------------------------------------------------------    -------------------

                         (clock clk rise edge)       10.000    10.000 r  
    E4                                                0.000    10.000 r  clk (IN)
                         net (fo=0)                   0.000    10.000    clk_IBUF_inst/I
    E4                   INBUF (Prop_INBUF_HDIOB_M_PAD_O)
                                                      0.533    10.533 r  clk_IBUF_inst/INBUF_INST/O
                         net (fo=1, routed)           0.000    10.533    clk_IBUF_inst/OUT
    E4                   IBUFCTRL (Prop_IBUFCTRL_HDIOB_M_I_O)
                                                      0.000    10.533 r  clk_IBUF_inst/IBUFCTRL_INST/O
                         net (fo=1, routed)           0.169    10.702    clk_IBUF
    BUFGCE_HDIO_X2Y2     BUFGCE (Prop_BUFCE_BUFGCE_HDIO_I_O)
                                                      0.024    10.726 r  clk_IBUF_BUFG_inst/O
    X1Y3 (CLOCK_ROOT)    net (fo=26496, routed)       2.338    13.064    u_accel/u_pool/clk
    SLICE_X48Y265        FDRE                                         r  u_accel/u_pool/stk_npc_reg[3][1][10]/C
                         clock pessimism              0.737    13.801    
                         clock uncertainty           -0.035    13.765    
    SLICE_X48Y265        FDRE (Setup_DFF_SLICEL_C_CE)
                                                     -0.060    13.705    u_accel/u_pool/stk_npc_reg[3][1][10]
  -------------------------------------------------------------------
                         required time                         13.705    
                         arrival time                         -12.935    
  -------------------------------------------------------------------
                         slack                                  0.770    

Slack (MET) :             0.771ns  (required time - arrival time)
  Source:                 u_accel/u_pool/issue_w_reg[0]_rep__24/C
                            (rising edge-triggered cell FDRE clocked by clk  {rise@0.000ns fall@5.000ns period=10.000ns})
  Destination:            u_accel/u_pool/stk_npc_reg[3][1][13]/CE
                            (rising edge-triggered cell FDRE clocked by clk  {rise@0.000ns fall@5.000ns period=10.000ns})
  Path Group:             clk
  Path Type:              Setup (Max at Slow Process Corner)
  Requirement:            10.000ns  (clk rise@10.000ns - clk rise@0.000ns)
  Data Path Delay:        8.963ns  (logic 2.020ns (22.536%)  route 6.943ns (77.464%))
  Logic Levels:           24  (CARRY8=2 LUT2=1 LUT4=8 LUT5=3 LUT6=9 MUXF7=1)
  Clock Path Skew:        -0.169ns (DCD - SCD + CPR)
    Destination Clock Delay (DCD):    3.071ns = ( 13.071 - 10.000 ) 
    Source Clock Delay      (SCD):    3.977ns
    Clock Pessimism Removal (CPR):    0.737ns
  Clock Uncertainty:      0.035ns  ((TSJ^2 + TIJ^2)^1/2 + DJ) / 2 + PE
    Total System Jitter     (TSJ):    0.071ns
    Total Input Jitter      (TIJ):    0.000ns
    Discrete Jitter          (DJ):    0.000ns
    Phase Error              (PE):    0.000ns
  Clock Net Delay (Source):      2.704ns (routing 1.343ns, distribution 1.361ns)
  Clock Net Delay (Destination): 2.345ns (routing 1.221ns, distribution 1.124ns)

    Location             Delay type                Incr(ns)  Path(ns)    Netlist Resource(s)
  -------------------------------------------------------------------    -------------------
                         (clock clk rise edge)        0.000     0.000 r  
    E4                                                0.000     0.000 r  clk (IN)
                         net (fo=0)                   0.000     0.000    clk_IBUF_inst/I
    E4                   INBUF (Prop_INBUF_HDIOB_M_PAD_O)
                                                      1.040     1.040 r  clk_IBUF_inst/INBUF_INST/O
                         net (fo=1, routed)           0.000     1.040    clk_IBUF_inst/OUT
    E4                   IBUFCTRL (Prop_IBUFCTRL_HDIOB_M_I_O)
                                                      0.000     1.040 r  clk_IBUF_inst/IBUFCTRL_INST/O
                         net (fo=1, routed)           0.204     1.244    clk_IBUF
    BUFGCE_HDIO_X2Y2     BUFGCE (Prop_BUFCE_BUFGCE_HDIO_I_O)
                                                      0.028     1.272 r  clk_IBUF_BUFG_inst/O
    X1Y3 (CLOCK_ROOT)    net (fo=26496, routed)       2.704     3.977    u_accel/u_pool/clk
    SLICE_X70Y253        FDRE                                         r  u_accel/u_pool/issue_w_reg[0]_rep__24/C
  -------------------------------------------------------------------    -------------------
    SLICE_X70Y253        FDRE (Prop_AFF_SLICEM_C_Q)
                                                      0.077     4.054 r  u_accel/u_pool/issue_w_reg[0]_rep__24/Q
                         net (fo=82, routed)          0.162     4.216    u_accel/u_pool/issue_w_reg[0]_rep__24_n_0
    SLICE_X69Y253        LUT2 (Prop_E5LUT_SLICEL_I1_O)
                                                      0.114     4.330 r  u_accel/u_pool/stk_rpc[3][7][31]_i_2/O
                         net (fo=152, routed)         0.308     4.637    u_accel/u_pool/stk_rpc[3][7][31]_i_2_n_0
    SLICE_X73Y253        LUT4 (Prop_D6LUT_SLICEM_I0_O)
                                                      0.088     4.725 r  u_accel/u_pool/q_mul_b[3][31]_i_48/O
                         net (fo=1, routed)           0.098     4.823    u_accel/u_pool/q_mul_b[3][31]_i_48_n_0
    SLICE_X71Y253        LUT5 (Prop_A6LUT_SLICEM_I4_O)
                                                      0.053     4.876 f  u_accel/u_pool/q_mul_b[3][31]_i_16/O
                         net (fo=2, routed)           0.287     5.163    u_accel/u_pool/q_mul_b[3][31]_i_16_n_0
    SLICE_X69Y254        LUT6 (Prop_B6LUT_SLICEL_I1_O)
                                                      0.124     5.287 f  u_accel/u_pool/q_mul_a[3][31]_i_7/O
                         net (fo=1, routed)           0.288     5.575    u_accel/u_pool/q_mul_a[3][31]_i_7_n_0
    SLICE_X67Y249        LUT6 (Prop_H6LUT_SLICEM_I0_O)
                                                      0.101     5.676 r  u_accel/u_pool/q_mul_a[3][31]_i_5/O
                         net (fo=1, routed)           0.014     5.690    u_accel/u_pool/q_mul_a[3][31]_i_5_n_0
    SLICE_X67Y249        MUXF7 (Prop_F7MUX_GH_SLICEM_I0_O)
                                                      0.066     5.756 r  u_accel/u_pool/q_mul_a_reg[3][31]_i_3/O
                         net (fo=64, routed)          0.917     6.673    u_accel/u_pool/q_mul_a_reg[3][31]_i_3_n_0
    SLICE_X62Y225        LUT4 (Prop_E6LUT_SLICEL_I0_O)
                                                      0.099     6.772 r  u_accel/u_pool/q_mul_a[3][2]_i_3/O
                         net (fo=1, routed)           0.158     6.930    u_accel/u_pool/q_mul_a[3][2]_i_3_n_0
    SLICE_X62Y231        LUT6 (Prop_C6LUT_SLICEL_I4_O)
                                                      0.035     6.965 f  u_accel/u_pool/q_mul_a[3][2]_i_2/O
                         net (fo=11, routed)          0.423     7.388    u_accel/u_pool/rv1[3][2]
    SLICE_X61Y236        LUT4 (Prop_H6LUT_SLICEM_I0_O)
                                                      0.090     7.478 r  u_accel/u_pool/stk_mask[0][7][3]_i_88/O
                         net (fo=2, routed)           0.461     7.939    u_accel/u_pool/stk_mask[0][7][3]_i_88_n_0
    SLICE_X63Y236        CARRY8 (Prop_CARRY8_SLICEM_DI[1]_CO[7])
                                                      0.120     8.059 r  u_accel/u_pool/stk_mask_reg[0][7][3]_i_17/CO[7]
                         net (fo=1, routed)           0.026     8.085    u_accel/u_pool/stk_mask_reg[0][7][3]_i_17_n_0
    SLICE_X63Y237        CARRY8 (Prop_CARRY8_SLICEM_CI_CO[7])
                                                      0.022     8.107 r  u_accel/u_pool/stk_mask_reg[0][7][3]_i_6/CO[7]
                         net (fo=1, routed)           0.572     8.679    u_accel/u_pool/stk_mask_reg[0][7][3]_i_6_n_0
    SLICE_X66Y242        LUT6 (Prop_E6LUT_SLICEL_I0_O)
                                                      0.035     8.714 r  u_accel/u_pool/stk_mask[0][7][3]_i_3/O
                         net (fo=1, routed)           0.189     8.903    u_accel/u_pool/stk_mask[0][7][3]_i_3_n_0
    SLICE_X66Y246        LUT6 (Prop_H6LUT_SLICEL_I0_O)
                                                      0.036     8.939 r  u_accel/u_pool/stk_mask[0][7][3]_i_2/O
                         net (fo=28, routed)          0.272     9.211    u_accel/u_pool/(null)[3].t
    SLICE_X66Y256        LUT4 (Prop_G6LUT_SLICEL_I3_O)
                                                      0.123     9.334 r  u_accel/u_pool/stk_rpc[0][0][30]_i_53/O
                         net (fo=1, routed)           0.139     9.473    u_accel/u_pool/stk_rpc[0][0][30]_i_53_n_0
    SLICE_X66Y259        LUT6 (Prop_F6LUT_SLICEL_I5_O)
                                                      0.035     9.508 r  u_accel/u_pool/stk_rpc[0][0][30]_i_33/O
                         net (fo=3, routed)           0.412     9.920    u_accel/u_pool/stk_rpc[0][0][30]_i_33_n_0
    SLICE_X65Y262        LUT4 (Prop_F6LUT_SLICEL_I3_O)
                                                      0.049     9.969 r  u_accel/u_pool/stk_rpc[1][0][31]_i_12/O
                         net (fo=2, routed)           0.184    10.153    u_accel/u_pool/stk_rpc[1][0][31]_i_12_n_0
    SLICE_X64Y265        LUT6 (Prop_G6LUT_SLICEM_I5_O)
                                                      0.037    10.190 r  u_accel/u_pool/stk_rpc[3][0][31]_i_7/O
                         net (fo=48, routed)          0.414    10.604    u_accel/u_pool/stk_rpc[3][0][31]_i_7_n_0
    SLICE_X55Y266        LUT4 (Prop_B5LUT_SLICEL_I0_O)
                                                      0.141    10.745 r  u_accel/u_pool/stk_npc[3][1][31]_i_22/O
                         net (fo=1, routed)           0.184    10.929    u_accel/u_pool/stk_npc[3][1][31]_i_22_n_0
    SLICE_X55Y266        LUT6 (Prop_G6LUT_SLICEL_I3_O)
                                                      0.089    11.018 r  u_accel/u_pool/stk_npc[3][1][31]_i_16/O
                         net (fo=3, routed)           0.319    11.336    u_accel/u_pool/stk_npc[3][1][31]_i_16_n_0
    SLICE_X53Y259        LUT5 (Prop_F6LUT_SLICEM_I2_O)
                                                      0.098    11.434 r  u_accel/u_pool/stk_npc[3][1][31]_i_17/O
                         net (fo=2, routed)           0.150    11.584    u_accel/u_pool/stk_npc[3][1][31]_i_17_n_0
    SLICE_X53Y258        LUT6 (Prop_B6LUT_SLICEM_I5_O)
                                                      0.125    11.709 r  u_accel/u_pool/stk_npc[3][1][31]_i_14/O
                         net (fo=1, routed)           0.092    11.801    u_accel/u_pool/stk_npc[3][1][31]_i_14_n_0
    SLICE_X53Y258        LUT5 (Prop_D5LUT_SLICEM_I0_O)
                                                      0.066    11.867 r  u_accel/u_pool/stk_npc[3][1][31]_i_8/O
                         net (fo=1, routed)           0.199    12.066    u_accel/u_pool/stk_npc[3][1][31]_i_8_n_0
    SLICE_X53Y258        LUT4 (Prop_E6LUT_SLICEM_I0_O)
                                                      0.124    12.190 r  u_accel/u_pool/stk_npc[3][1][31]_i_3/O
                         net (fo=1, routed)           0.092    12.282    u_accel/u_pool/stk_npc[3][1][31]_i_3_n_0
    SLICE_X52Y258        LUT4 (Prop_B5LUT_SLICEL_I1_O)
                                                      0.073    12.355 r  u_accel/u_pool/stk_npc[3][1][31]_i_1/O
                         net (fo=32, routed)          0.585    12.940    u_accel/u_pool/stk_npc[3][1][31]_i_1_n_0
    SLICE_X47Y265        FDRE                                         r  u_accel/u_pool/stk_npc_reg[3][1][13]/CE
  -------------------------------------------------------------------    -------------------

                         (clock clk rise edge)       10.000    10.000 r  
    E4                                                0.000    10.000 r  clk (IN)
                         net (fo=0)                   0.000    10.000    clk_IBUF_inst/I
    E4                   INBUF (Prop_INBUF_HDIOB_M_PAD_O)
                                                      0.533    10.533 r  clk_IBUF_inst/INBUF_INST/O
                         net (fo=1, routed)           0.000    10.533    clk_IBUF_inst/OUT
    E4                   IBUFCTRL (Prop_IBUFCTRL_HDIOB_M_I_O)
                                                      0.000    10.533 r  clk_IBUF_inst/IBUFCTRL_INST/O
                         net (fo=1, routed)           0.169    10.702    clk_IBUF
    BUFGCE_HDIO_X2Y2     BUFGCE (Prop_BUFCE_BUFGCE_HDIO_I_O)
                                                      0.024    10.726 r  clk_IBUF_BUFG_inst/O
    X1Y3 (CLOCK_ROOT)    net (fo=26496, routed)       2.345    13.071    u_accel/u_pool/clk
    SLICE_X47Y265        FDRE                                         r  u_accel/u_pool/stk_npc_reg[3][1][13]/C
                         clock pessimism              0.737    13.807    
                         clock uncertainty           -0.035    13.772    
    SLICE_X47Y265        FDRE (Setup_DFF_SLICEM_C_CE)
                                                     -0.061    13.711    u_accel/u_pool/stk_npc_reg[3][1][13]
  -------------------------------------------------------------------
                         required time                         13.711    
                         arrival time                         -12.940    
  -------------------------------------------------------------------
                         slack                                  0.771    

Slack (MET) :             0.771ns  (required time - arrival time)
  Source:                 u_accel/u_pool/issue_w_reg[0]_rep__24/C
                            (rising edge-triggered cell FDRE clocked by clk  {rise@0.000ns fall@5.000ns period=10.000ns})
  Destination:            u_accel/u_pool/stk_npc_reg[3][1][3]/CE
                            (rising edge-triggered cell FDRE clocked by clk  {rise@0.000ns fall@5.000ns period=10.000ns})
  Path Group:             clk
  Path Type:              Setup (Max at Slow Process Corner)
  Requirement:            10.000ns  (clk rise@10.000ns - clk rise@0.000ns)
  Data Path Delay:        8.963ns  (logic 2.020ns (22.536%)  route 6.943ns (77.464%))
  Logic Levels:           24  (CARRY8=2 LUT2=1 LUT4=8 LUT5=3 LUT6=9 MUXF7=1)
  Clock Path Skew:        -0.169ns (DCD - SCD + CPR)
    Destination Clock Delay (DCD):    3.071ns = ( 13.071 - 10.000 ) 
    Source Clock Delay      (SCD):    3.977ns
    Clock Pessimism Removal (CPR):    0.737ns
  Clock Uncertainty:      0.035ns  ((TSJ^2 + TIJ^2)^1/2 + DJ) / 2 + PE
    Total System Jitter     (TSJ):    0.071ns
    Total Input Jitter      (TIJ):    0.000ns
    Discrete Jitter          (DJ):    0.000ns
    Phase Error              (PE):    0.000ns
  Clock Net Delay (Source):      2.704ns (routing 1.343ns, distribution 1.361ns)
  Clock Net Delay (Destination): 2.345ns (routing 1.221ns, distribution 1.124ns)

    Location             Delay type                Incr(ns)  Path(ns)    Netlist Resource(s)
  -------------------------------------------------------------------    -------------------
                         (clock clk rise edge)        0.000     0.000 r  
    E4                                                0.000     0.000 r  clk (IN)
                         net (fo=0)                   0.000     0.000    clk_IBUF_inst/I
    E4                   INBUF (Prop_INBUF_HDIOB_M_PAD_O)
                                                      1.040     1.040 r  clk_IBUF_inst/INBUF_INST/O
                         net (fo=1, routed)           0.000     1.040    clk_IBUF_inst/OUT
    E4                   IBUFCTRL (Prop_IBUFCTRL_HDIOB_M_I_O)
                                                      0.000     1.040 r  clk_IBUF_inst/IBUFCTRL_INST/O
                         net (fo=1, routed)           0.204     1.244    clk_IBUF
    BUFGCE_HDIO_X2Y2     BUFGCE (Prop_BUFCE_BUFGCE_HDIO_I_O)
                                                      0.028     1.272 r  clk_IBUF_BUFG_inst/O
    X1Y3 (CLOCK_ROOT)    net (fo=26496, routed)       2.704     3.977    u_accel/u_pool/clk
    SLICE_X70Y253        FDRE                                         r  u_accel/u_pool/issue_w_reg[0]_rep__24/C
  -------------------------------------------------------------------    -------------------
    SLICE_X70Y253        FDRE (Prop_AFF_SLICEM_C_Q)
                                                      0.077     4.054 r  u_accel/u_pool/issue_w_reg[0]_rep__24/Q
                         net (fo=82, routed)          0.162     4.216    u_accel/u_pool/issue_w_reg[0]_rep__24_n_0
    SLICE_X69Y253        LUT2 (Prop_E5LUT_SLICEL_I1_O)
                                                      0.114     4.330 r  u_accel/u_pool/stk_rpc[3][7][31]_i_2/O
                         net (fo=152, routed)         0.308     4.637    u_accel/u_pool/stk_rpc[3][7][31]_i_2_n_0
    SLICE_X73Y253        LUT4 (Prop_D6LUT_SLICEM_I0_O)
                                                      0.088     4.725 r  u_accel/u_pool/q_mul_b[3][31]_i_48/O
                         net (fo=1, routed)           0.098     4.823    u_accel/u_pool/q_mul_b[3][31]_i_48_n_0
    SLICE_X71Y253        LUT5 (Prop_A6LUT_SLICEM_I4_O)
                                                      0.053     4.876 f  u_accel/u_pool/q_mul_b[3][31]_i_16/O
                         net (fo=2, routed)           0.287     5.163    u_accel/u_pool/q_mul_b[3][31]_i_16_n_0
    SLICE_X69Y254        LUT6 (Prop_B6LUT_SLICEL_I1_O)
                                                      0.124     5.287 f  u_accel/u_pool/q_mul_a[3][31]_i_7/O
                         net (fo=1, routed)           0.288     5.575    u_accel/u_pool/q_mul_a[3][31]_i_7_n_0
    SLICE_X67Y249        LUT6 (Prop_H6LUT_SLICEM_I0_O)
                                                      0.101     5.676 r  u_accel/u_pool/q_mul_a[3][31]_i_5/O
                         net (fo=1, routed)           0.014     5.690    u_accel/u_pool/q_mul_a[3][31]_i_5_n_0
    SLICE_X67Y249        MUXF7 (Prop_F7MUX_GH_SLICEM_I0_O)
                                                      0.066     5.756 r  u_accel/u_pool/q_mul_a_reg[3][31]_i_3/O
                         net (fo=64, routed)          0.917     6.673    u_accel/u_pool/q_mul_a_reg[3][31]_i_3_n_0
    SLICE_X62Y225        LUT4 (Prop_E6LUT_SLICEL_I0_O)
                                                      0.099     6.772 r  u_accel/u_pool/q_mul_a[3][2]_i_3/O
                         net (fo=1, routed)           0.158     6.930    u_accel/u_pool/q_mul_a[3][2]_i_3_n_0
    SLICE_X62Y231        LUT6 (Prop_C6LUT_SLICEL_I4_O)
                                                      0.035     6.965 f  u_accel/u_pool/q_mul_a[3][2]_i_2/O
                         net (fo=11, routed)          0.423     7.388    u_accel/u_pool/rv1[3][2]
    SLICE_X61Y236        LUT4 (Prop_H6LUT_SLICEM_I0_O)
                                                      0.090     7.478 r  u_accel/u_pool/stk_mask[0][7][3]_i_88/O
                         net (fo=2, routed)           0.461     7.939    u_accel/u_pool/stk_mask[0][7][3]_i_88_n_0
    SLICE_X63Y236        CARRY8 (Prop_CARRY8_SLICEM_DI[1]_CO[7])
                                                      0.120     8.059 r  u_accel/u_pool/stk_mask_reg[0][7][3]_i_17/CO[7]
                         net (fo=1, routed)           0.026     8.085    u_accel/u_pool/stk_mask_reg[0][7][3]_i_17_n_0
    SLICE_X63Y237        CARRY8 (Prop_CARRY8_SLICEM_CI_CO[7])
                                                      0.022     8.107 r  u_accel/u_pool/stk_mask_reg[0][7][3]_i_6/CO[7]
                         net (fo=1, routed)           0.572     8.679    u_accel/u_pool/stk_mask_reg[0][7][3]_i_6_n_0
    SLICE_X66Y242        LUT6 (Prop_E6LUT_SLICEL_I0_O)
                                                      0.035     8.714 r  u_accel/u_pool/stk_mask[0][7][3]_i_3/O
                         net (fo=1, routed)           0.189     8.903    u_accel/u_pool/stk_mask[0][7][3]_i_3_n_0
    SLICE_X66Y246        LUT6 (Prop_H6LUT_SLICEL_I0_O)
                                                      0.036     8.939 r  u_accel/u_pool/stk_mask[0][7][3]_i_2/O
                         net (fo=28, routed)          0.272     9.211    u_accel/u_pool/(null)[3].t
    SLICE_X66Y256        LUT4 (Prop_G6LUT_SLICEL_I3_O)
                                                      0.123     9.334 r  u_accel/u_pool/stk_rpc[0][0][30]_i_53/O
                         net (fo=1, routed)           0.139     9.473    u_accel/u_pool/stk_rpc[0][0][30]_i_53_n_0
    SLICE_X66Y259        LUT6 (Prop_F6LUT_SLICEL_I5_O)
                                                      0.035     9.508 r  u_accel/u_pool/stk_rpc[0][0][30]_i_33/O
                         net (fo=3, routed)           0.412     9.920    u_accel/u_pool/stk_rpc[0][0][30]_i_33_n_0
    SLICE_X65Y262        LUT4 (Prop_F6LUT_SLICEL_I3_O)
                                                      0.049     9.969 r  u_accel/u_pool/stk_rpc[1][0][31]_i_12/O
                         net (fo=2, routed)           0.184    10.153    u_accel/u_pool/stk_rpc[1][0][31]_i_12_n_0
    SLICE_X64Y265        LUT6 (Prop_G6LUT_SLICEM_I5_O)
                                                      0.037    10.190 r  u_accel/u_pool/stk_rpc[3][0][31]_i_7/O
                         net (fo=48, routed)          0.414    10.604    u_accel/u_pool/stk_rpc[3][0][31]_i_7_n_0
    SLICE_X55Y266        LUT4 (Prop_B5LUT_SLICEL_I0_O)
                                                      0.141    10.745 r  u_accel/u_pool/stk_npc[3][1][31]_i_22/O
                         net (fo=1, routed)           0.184    10.929    u_accel/u_pool/stk_npc[3][1][31]_i_22_n_0
    SLICE_X55Y266        LUT6 (Prop_G6LUT_SLICEL_I3_O)
                                                      0.089    11.018 r  u_accel/u_pool/stk_npc[3][1][31]_i_16/O
                         net (fo=3, routed)           0.319    11.336    u_accel/u_pool/stk_npc[3][1][31]_i_16_n_0
    SLICE_X53Y259        LUT5 (Prop_F6LUT_SLICEM_I2_O)
                                                      0.098    11.434 r  u_accel/u_pool/stk_npc[3][1][31]_i_17/O
                         net (fo=2, routed)           0.150    11.584    u_accel/u_pool/stk_npc[3][1][31]_i_17_n_0
    SLICE_X53Y258        LUT6 (Prop_B6LUT_SLICEM_I5_O)
                                                      0.125    11.709 r  u_accel/u_pool/stk_npc[3][1][31]_i_14/O
                         net (fo=1, routed)           0.092    11.801    u_accel/u_pool/stk_npc[3][1][31]_i_14_n_0
    SLICE_X53Y258        LUT5 (Prop_D5LUT_SLICEM_I0_O)
                                                      0.066    11.867 r  u_accel/u_pool/stk_npc[3][1][31]_i_8/O
                         net (fo=1, routed)           0.199    12.066    u_accel/u_pool/stk_npc[3][1][31]_i_8_n_0
    SLICE_X53Y258        LUT4 (Prop_E6LUT_SLICEM_I0_O)
                                                      0.124    12.190 r  u_accel/u_pool/stk_npc[3][1][31]_i_3/O
                         net (fo=1, routed)           0.092    12.282    u_accel/u_pool/stk_npc[3][1][31]_i_3_n_0
    SLICE_X52Y258        LUT4 (Prop_B5LUT_SLICEL_I1_O)
                                                      0.073    12.355 r  u_accel/u_pool/stk_npc[3][1][31]_i_1/O
                         net (fo=32, routed)          0.585    12.940    u_accel/u_pool/stk_npc[3][1][31]_i_1_n_0
    SLICE_X47Y265        FDRE                                         r  u_accel/u_pool/stk_npc_reg[3][1][3]/CE
  -------------------------------------------------------------------    -------------------

                         (clock clk rise edge)       10.000    10.000 r  
    E4                                                0.000    10.000 r  clk (IN)
                         net (fo=0)                   0.000    10.000    clk_IBUF_inst/I
    E4                   INBUF (Prop_INBUF_HDIOB_M_PAD_O)
                                                      0.533    10.533 r  clk_IBUF_inst/INBUF_INST/O
                         net (fo=1, routed)           0.000    10.533    clk_IBUF_inst/OUT
    E4                   IBUFCTRL (Prop_IBUFCTRL_HDIOB_M_I_O)
                                                      0.000    10.533 r  clk_IBUF_inst/IBUFCTRL_INST/O
                         net (fo=1, routed)           0.169    10.702    clk_IBUF
    BUFGCE_HDIO_X2Y2     BUFGCE (Prop_BUFCE_BUFGCE_HDIO_I_O)
                                                      0.024    10.726 r  clk_IBUF_BUFG_inst/O
    X1Y3 (CLOCK_ROOT)    net (fo=26496, routed)       2.345    13.071    u_accel/u_pool/clk
    SLICE_X47Y265        FDRE                                         r  u_accel/u_pool/stk_npc_reg[3][1][3]/C
                         clock pessimism              0.737    13.807    
                         clock uncertainty           -0.035    13.772    
    SLICE_X47Y265        FDRE (Setup_CFF_SLICEM_C_CE)
                                                     -0.061    13.711    u_accel/u_pool/stk_npc_reg[3][1][3]
  -------------------------------------------------------------------
                         required time                         13.711    
                         arrival time                         -12.940    
  -------------------------------------------------------------------
                         slack                                  0.771    

Slack (MET) :             0.779ns  (required time - arrival time)
  Source:                 u_accel/u_pool/mem_pending_reg[6]/C
                            (rising edge-triggered cell FDRE clocked by clk  {rise@0.000ns fall@5.000ns period=10.000ns})
  Destination:            u_mem/g_bank[5].bank_reg_r2_64_127_14_20/RAMB/I
                            (rising edge-triggered cell RAMD64E clocked by clk  {rise@0.000ns fall@5.000ns period=10.000ns})
  Path Group:             clk
  Path Type:              Setup (Max at Slow Process Corner)
  Requirement:            10.000ns  (clk rise@10.000ns - clk rise@0.000ns)
  Data Path Delay:        8.874ns  (logic 2.261ns (25.479%)  route 6.613ns (74.521%))
  Logic Levels:           24  (CARRY8=2 LUT2=3 LUT3=1 LUT5=2 LUT6=14 MUXF7=2)
  Clock Path Skew:        -0.256ns (DCD - SCD + CPR)
    Destination Clock Delay (DCD):    3.004ns = ( 13.004 - 10.000 ) 
    Source Clock Delay      (SCD):    3.932ns
    Clock Pessimism Removal (CPR):    0.672ns
  Clock Uncertainty:      0.035ns  ((TSJ^2 + TIJ^2)^1/2 + DJ) / 2 + PE
    Total System Jitter     (TSJ):    0.071ns
    Total Input Jitter      (TIJ):    0.000ns
    Discrete Jitter          (DJ):    0.000ns
    Phase Error              (PE):    0.000ns
  Clock Net Delay (Source):      2.660ns (routing 1.343ns, distribution 1.317ns)
  Clock Net Delay (Destination): 2.278ns (routing 1.221ns, distribution 1.057ns)

    Location             Delay type                Incr(ns)  Path(ns)    Netlist Resource(s)
  -------------------------------------------------------------------    -------------------
                         (clock clk rise edge)        0.000     0.000 r  
    E4                                                0.000     0.000 r  clk (IN)
                         net (fo=0)                   0.000     0.000    clk_IBUF_inst/I
    E4                   INBUF (Prop_INBUF_HDIOB_M_PAD_O)
                                                      1.040     1.040 r  clk_IBUF_inst/INBUF_INST/O
                         net (fo=1, routed)           0.000     1.040    clk_IBUF_inst/OUT
    E4                   IBUFCTRL (Prop_IBUFCTRL_HDIOB_M_I_O)
                                                      0.000     1.040 r  clk_IBUF_inst/IBUFCTRL_INST/O
                         net (fo=1, routed)           0.204     1.244    clk_IBUF
    BUFGCE_HDIO_X2Y2     BUFGCE (Prop_BUFCE_BUFGCE_HDIO_I_O)
                                                      0.028     1.272 r  clk_IBUF_BUFG_inst/O
    X1Y3 (CLOCK_ROOT)    net (fo=26496, routed)       2.660     3.932    u_accel/u_pool/clk
    SLICE_X67Y170        FDRE                                         r  u_accel/u_pool/mem_pending_reg[6]/C
  -------------------------------------------------------------------    -------------------
    SLICE_X67Y170        FDRE (Prop_DFF_SLICEM_C_Q)
                                                      0.078     4.010 r  u_accel/u_pool/mem_pending_reg[6]/Q
                         net (fo=14, routed)          0.258     4.268    u_accel/u_pool/mem_pending_reg_n_0_[6]
    SLICE_X68Y171        LUT6 (Prop_G6LUT_SLICEL_I3_O)
                                                      0.050     4.318 f  u_accel/u_pool/dmem_addr[31]_INST_0_i_8/O
                         net (fo=1, routed)           0.089     4.407    u_accel/u_pool/dmem_addr[31]_INST_0_i_8_n_0
    SLICE_X68Y171        LUT3 (Prop_F6LUT_SLICEL_I2_O)
                                                      0.035     4.442 r  u_accel/u_pool/dmem_addr[31]_INST_0_i_6/O
                         net (fo=141, routed)         0.337     4.779    u_accel/u_pool/dmem_addr[31]_INST_0_i_6_n_0
    SLICE_X69Y175        LUT6 (Prop_H6LUT_SLICEL_I2_O)
                                                      0.124     4.903 r  u_accel/u_pool/dmem_addr[5]_INST_0_i_2/O
                         net (fo=1, routed)           0.010     4.913    u_accel/u_pool/dmem_addr[5]_INST_0_i_2_n_0
    SLICE_X69Y175        MUXF7 (Prop_F7MUX_GH_SLICEL_I0_O)
                                                      0.064     4.977 r  u_accel/u_pool/dmem_addr[5]_INST_0_i_1/O
                         net (fo=137, routed)         0.399     5.377    u_accel/u_pool/sc_sidx[3]
    SLICE_X68Y176        LUT6 (Prop_A6LUT_SLICEL_I4_O)
                                                      0.149     5.526 r  u_accel/u_pool/g_vrf[0].bank_reg_r1_0_63_0_6_i_114/O
                         net (fo=1, routed)           0.009     5.535    u_accel/u_pool/g_vrf[0].bank_reg_r1_0_63_0_6_i_114_n_0
    SLICE_X68Y176        CARRY8 (Prop_CARRY8_SLICEL_S[0]_CO[7])
                                                      0.190     5.725 r  u_accel/u_pool/g_vrf[0].bank_reg_r1_0_63_0_6_i_67/CO[7]
                         net (fo=1, routed)           0.026     5.751    u_accel/u_pool/g_vrf[0].bank_reg_r1_0_63_0_6_i_67_n_0
    SLICE_X68Y177        CARRY8 (Prop_CARRY8_SLICEL_CI_CO[0])
                                                      0.052     5.803 r  u_accel/u_pool/g_vrf[0].bank_reg_r1_0_63_0_6_i_44/CO[0]
                         net (fo=10, routed)          0.337     6.140    u_accel/u_pool/mem_busy4
    SLICE_X68Y163        LUT2 (Prop_H6LUT_SLICEL_I0_O)
                                                      0.099     6.239 r  u_accel/u_pool/dmem_be[31]_INST_0_i_35/O
                         net (fo=60, routed)          0.671     6.910    u_accel/u_pool/mem_busy3
    SLICE_X72Y127        LUT6 (Prop_C6LUT_SLICEL_I1_O)
                                                      0.088     6.998 r  u_accel/u_pool/dmem_wdata[239]_INST_0_i_51/O
                         net (fo=64, routed)          0.544     7.542    u_accel/u_pool/dmem_wdata[239]_INST_0_i_51_n_0
    SLICE_X78Y108        LUT6 (Prop_B6LUT_SLICEM_I1_O)
                                                      0.089     7.631 r  u_accel/u_pool/dmem_wdata[175]_INST_0_i_40/O
                         net (fo=8, routed)           0.112     7.743    u_accel/u_pool/dmem_wdata53_in[175]
    SLICE_X79Y108        LUT6 (Prop_B6LUT_SLICEM_I1_O)
                                                      0.052     7.795 r  u_accel/u_pool/dmem_wdata[175]_INST_0_i_49/O
                         net (fo=1, routed)           0.101     7.896    u_accel/u_pool/dmem_wdata[175]_INST_0_i_49_n_0
    SLICE_X79Y108        LUT6 (Prop_C6LUT_SLICEM_I4_O)
                                                      0.123     8.019 f  u_accel/u_pool/dmem_wdata[175]_INST_0_i_41/O
                         net (fo=4, routed)           0.113     8.132    u_accel/u_pool/dmem_wdata[175]_INST_0_i_41_n_0
    SLICE_X78Y108        LUT6 (Prop_F6LUT_SLICEM_I5_O)
                                                      0.123     8.255 f  u_accel/u_pool/dmem_wdata[175]_INST_0_i_31/O
                         net (fo=7, routed)           0.143     8.399    u_accel/u_pool/dmem_wdata[175]_INST_0_i_31_n_0
    SLICE_X78Y106        LUT5 (Prop_D5LUT_SLICEM_I2_O)
                                                      0.066     8.465 r  u_accel/u_pool/dmem_wdata[175]_INST_0_i_34/O
                         net (fo=3, routed)           0.207     8.672    u_accel/u_pool/dmem_wdata[175]_INST_0_i_34_n_0
    SLICE_X78Y106        LUT6 (Prop_C6LUT_SLICEM_I2_O)
                                                      0.037     8.709 r  u_accel/u_pool/dmem_wdata[175]_INST_0_i_25/O
                         net (fo=3, routed)           0.206     8.915    u_accel/u_pool/dmem_wdata[175]_INST_0_i_25_n_0
    SLICE_X78Y106        LUT6 (Prop_H6LUT_SLICEM_I5_O)
                                                      0.152     9.067 f  u_accel/u_pool/dmem_wdata[175]_INST_0_i_14/O
                         net (fo=6, routed)           0.321     9.388    u_accel/u_pool/dmem_wdata[175]_INST_0_i_14_n_0
    SLICE_X75Y113        LUT2 (Prop_H5LUT_SLICEL_I1_O)
                                                      0.065     9.453 f  u_accel/u_pool/dmem_wdata[175]_INST_0_i_17/O
                         net (fo=1, routed)           0.169     9.622    u_accel/u_pool/dmem_wdata[175]_INST_0_i_17_n_0
    SLICE_X75Y113        LUT6 (Prop_C6LUT_SLICEL_I1_O)
                                                      0.146     9.768 f  u_accel/u_pool/dmem_wdata[175]_INST_0_i_11/O
                         net (fo=1, routed)           0.232    10.000    u_accel/u_pool/dmem_wdata[175]_INST_0_i_11_n_0
    SLICE_X70Y113        LUT6 (Prop_F6LUT_SLICEM_I3_O)
                                                      0.123    10.123 f  u_accel/u_pool/dmem_wdata[175]_INST_0_i_4/O
                         net (fo=2, routed)           0.389    10.512    u_accel/u_pool/dmem_wdata[175]_INST_0_i_4_n_0
    SLICE_X66Y122        LUT6 (Prop_G6LUT_SLICEL_I4_O)
                                                      0.035    10.547 r  u_accel/u_pool/dmem_wdata[175]_INST_0_i_3/O
                         net (fo=1, routed)           0.044    10.591    u_accel/u_pool/dmem_wdata[175]_INST_0_i_3_n_0
    SLICE_X66Y122        LUT6 (Prop_H6LUT_SLICEL_I3_O)
                                                      0.051    10.642 r  u_accel/u_pool/dmem_wdata[175]_INST_0_i_1/O
                         net (fo=1, routed)           0.565    11.207    u_accel/u_pool/dmem_wdata[175]_INST_0_i_1_n_0
    SLICE_X63Y140        LUT2 (Prop_D5LUT_SLICEM_I0_O)
                                                      0.110    11.317 r  u_accel/u_pool/dmem_wdata[175]_INST_0/O
                         net (fo=1, routed)           0.368    11.685    u_mem/dmem_wdata[175]
    SLICE_X58Y140        LUT5 (Prop_G6LUT_SLICEL_I0_O)
                                                      0.097    11.782 r  u_mem/g_bank[5].bank_reg_r1_0_63_14_20_i_11/O
                         net (fo=1, routed)           0.008    11.790    u_mem/g_bank[5].bank_reg_r1_0_63_14_20_i_11_n_0
    SLICE_X58Y140        MUXF7 (Prop_F7MUX_GH_SLICEL_I1_O)
                                                      0.063    11.853 r  u_mem/g_bank[5].bank_reg_r1_0_63_14_20_i_2/O
                         net (fo=6, routed)           0.953    12.806    u_mem/g_bank[5].bank_reg_r2_64_127_14_20/DIB
    SLICE_X63Y202        RAMD64E                                      r  u_mem/g_bank[5].bank_reg_r2_64_127_14_20/RAMB/I
  -------------------------------------------------------------------    -------------------

                         (clock clk rise edge)       10.000    10.000 r  
    E4                                                0.000    10.000 r  clk (IN)
                         net (fo=0)                   0.000    10.000    clk_IBUF_inst/I
    E4                   INBUF (Prop_INBUF_HDIOB_M_PAD_O)
                                                      0.533    10.533 r  clk_IBUF_inst/INBUF_INST/O
                         net (fo=1, routed)           0.000    10.533    clk_IBUF_inst/OUT
    E4                   IBUFCTRL (Prop_IBUFCTRL_HDIOB_M_I_O)
                                                      0.000    10.533 r  clk_IBUF_inst/IBUFCTRL_INST/O
                         net (fo=1, routed)           0.169    10.702    clk_IBUF
    BUFGCE_HDIO_X2Y2     BUFGCE (Prop_BUFCE_BUFGCE_HDIO_I_O)
                                                      0.024    10.726 r  clk_IBUF_BUFG_inst/O
    X1Y3 (CLOCK_ROOT)    net (fo=26496, routed)       2.278    13.004    u_mem/g_bank[5].bank_reg_r2_64_127_14_20/WCLK
    SLICE_X63Y202        RAMD64E                                      r  u_mem/g_bank[5].bank_reg_r2_64_127_14_20/RAMB/CLK
                         clock pessimism              0.672    13.676    
                         clock uncertainty           -0.035    13.641    
    SLICE_X63Y202        RAMD64E (Setup_B6LUT_SLICEM_CLK_I)
                                                     -0.056    13.585    u_mem/g_bank[5].bank_reg_r2_64_127_14_20/RAMB
  -------------------------------------------------------------------
                         required time                         13.585    
                         arrival time                         -12.806    
  -------------------------------------------------------------------
                         slack                                  0.779    

Slack (MET) :             0.795ns  (required time - arrival time)
  Source:                 u_accel/u_pool/reg_written_reg[1][7][4]/C
                            (rising edge-triggered cell FDRE clocked by clk  {rise@0.000ns fall@5.000ns period=10.000ns})
  Destination:            u_accel/u_pool/stk_npc_reg[2][3][21]/CE
                            (rising edge-triggered cell FDRE clocked by clk  {rise@0.000ns fall@5.000ns period=10.000ns})
  Path Group:             clk
  Path Type:              Setup (Max at Slow Process Corner)
  Requirement:            10.000ns  (clk rise@10.000ns - clk rise@0.000ns)
  Data Path Delay:        8.931ns  (logic 1.925ns (21.554%)  route 7.006ns (78.446%))
  Logic Levels:           21  (CARRY8=1 LUT2=1 LUT4=5 LUT5=5 LUT6=7 MUXF7=1 MUXF8=1)
  Clock Path Skew:        -0.178ns (DCD - SCD + CPR)
    Destination Clock Delay (DCD):    3.062ns = ( 13.062 - 10.000 ) 
    Source Clock Delay      (SCD):    3.908ns
    Clock Pessimism Removal (CPR):    0.668ns
  Clock Uncertainty:      0.035ns  ((TSJ^2 + TIJ^2)^1/2 + DJ) / 2 + PE
    Total System Jitter     (TSJ):    0.071ns
    Total Input Jitter      (TIJ):    0.000ns
    Discrete Jitter          (DJ):    0.000ns
    Phase Error              (PE):    0.000ns
  Clock Net Delay (Source):      2.635ns (routing 1.343ns, distribution 1.292ns)
  Clock Net Delay (Destination): 2.336ns (routing 1.221ns, distribution 1.115ns)

    Location             Delay type                Incr(ns)  Path(ns)    Netlist Resource(s)
  -------------------------------------------------------------------    -------------------
                         (clock clk rise edge)        0.000     0.000 r  
    E4                                                0.000     0.000 r  clk (IN)
                         net (fo=0)                   0.000     0.000    clk_IBUF_inst/I
    E4                   INBUF (Prop_INBUF_HDIOB_M_PAD_O)
                                                      1.040     1.040 r  clk_IBUF_inst/INBUF_INST/O
                         net (fo=1, routed)           0.000     1.040    clk_IBUF_inst/OUT
    E4                   IBUFCTRL (Prop_IBUFCTRL_HDIOB_M_I_O)
                                                      0.000     1.040 r  clk_IBUF_inst/IBUFCTRL_INST/O
                         net (fo=1, routed)           0.204     1.244    clk_IBUF
    BUFGCE_HDIO_X2Y2     BUFGCE (Prop_BUFCE_BUFGCE_HDIO_I_O)
                                                      0.028     1.272 r  clk_IBUF_BUFG_inst/O
    X1Y3 (CLOCK_ROOT)    net (fo=26496, routed)       2.635     3.908    u_accel/u_pool/clk
    SLICE_X75Y209        FDRE                                         r  u_accel/u_pool/reg_written_reg[1][7][4]/C
  -------------------------------------------------------------------    -------------------
    SLICE_X75Y209        FDRE (Prop_DFF_SLICEL_C_Q)
                                                      0.079     3.987 r  u_accel/u_pool/reg_written_reg[1][7][4]/Q
                         net (fo=2, routed)           0.925     4.912    u_accel/u_pool/reg_written_reg_n_0_[1][7][4]
    SLICE_X56Y217        LUT4 (Prop_G6LUT_SLICEM_I2_O)
                                                      0.090     5.002 r  u_accel/u_pool/q_mul_b[7][31]_i_92/O
                         net (fo=2, routed)           0.236     5.238    u_accel/u_pool/q_mul_b[7][31]_i_92_n_0
    SLICE_X57Y219        LUT5 (Prop_B6LUT_SLICEM_I4_O)
                                                      0.125     5.363 r  u_accel/u_pool/q_mul_b[7][31]_i_31/O
                         net (fo=1, routed)           0.017     5.380    u_accel/u_pool/q_mul_b[7][31]_i_31_n_0
    SLICE_X57Y219        MUXF7 (Prop_F7MUX_AB_SLICEM_I0_O)
                                                      0.060     5.440 r  u_accel/u_pool/q_mul_b_reg[7][31]_i_16/O
                         net (fo=1, routed)           0.000     5.440    u_accel/u_pool/q_mul_b_reg[7][31]_i_16_n_0
    SLICE_X57Y219        MUXF8 (Prop_F8MUX_BOT_SLICEM_I1_O)
                                                      0.028     5.468 r  u_accel/u_pool/q_mul_b_reg[7][31]_i_7/O
                         net (fo=1, routed)           0.789     6.257    u_accel/u_pool/q_mul_b_reg[7][31]_i_7_n_0
    SLICE_X68Y221        LUT6 (Prop_E6LUT_SLICEL_I5_O)
                                                      0.090     6.347 r  u_accel/u_pool/q_mul_b[7][31]_i_2/O
                         net (fo=34, routed)          0.471     6.818    u_accel/u_pool/q_mul_b[7][31]_i_2_n_0
    SLICE_X79Y227        LUT5 (Prop_C6LUT_SLICEM_I3_O)
                                                      0.088     6.906 r  u_accel/u_pool/q_mul_b[7][26]_i_1/O
                         net (fo=2, routed)           0.333     7.239    u_accel/u_pool/q_mul_b[7][26]_i_1_n_0
    SLICE_X74Y232        LUT2 (Prop_C5LUT_SLICEM_I1_O)
                                                      0.111     7.350 r  u_accel/u_pool/mem_sdata_lane[7][26]_i_2/O
                         net (fo=12, routed)          0.471     7.821    u_accel/u_pool/rv2[7][26]
    SLICE_X73Y245        LUT4 (Prop_F6LUT_SLICEM_I0_O)
                                                      0.088     7.909 r  u_accel/u_pool/stk_mask[0][7][7]_i_63/O
                         net (fo=1, routed)           0.022     7.931    u_accel/u_pool/stk_mask[0][7][7]_i_63_n_0
    SLICE_X73Y245        CARRY8 (Prop_CARRY8_SLICEM_S[5]_CO[7])
                                                      0.166     8.097 r  u_accel/u_pool/stk_mask_reg[0][7][7]_i_9/CO[7]
                         net (fo=1, routed)           0.305     8.402    u_accel/u_pool/stk_mask_reg[0][7][7]_i_9_n_0
    SLICE_X72Y248        LUT6 (Prop_G6LUT_SLICEL_I5_O)
                                                      0.089     8.491 f  u_accel/u_pool/stk_mask[0][7][7]_i_4/O
                         net (fo=1, routed)           0.141     8.632    u_accel/u_pool/stk_mask[0][7][7]_i_4_n_0
    SLICE_X71Y250        LUT6 (Prop_G6LUT_SLICEM_I0_O)
                                                      0.090     8.722 f  u_accel/u_pool/stk_mask[0][7][7]_i_3/O
                         net (fo=28, routed)          0.415     9.137    u_accel/u_pool/(null)[7].t
    SLICE_X69Y260        LUT4 (Prop_B6LUT_SLICEL_I0_O)
                                                      0.051     9.188 r  u_accel/u_pool/stk_rpc[0][0][30]_i_54/O
                         net (fo=1, routed)           0.214     9.402    u_accel/u_pool/stk_rpc[0][0][30]_i_54_n_0
    SLICE_X66Y262        LUT6 (Prop_G6LUT_SLICEL_I4_O)
                                                      0.097     9.499 f  u_accel/u_pool/stk_rpc[0][0][30]_i_34/O
                         net (fo=4, routed)           0.154     9.653    u_accel/u_pool/stk_rpc[0][0][30]_i_34_n_0
    SLICE_X66Y263        LUT6 (Prop_A6LUT_SLICEL_I1_O)
                                                      0.050     9.703 f  u_accel/u_pool/stk_rpc[0][0][30]_i_7/O
                         net (fo=34, routed)          0.793    10.496    u_accel/u_pool/stk_rpc[0][0][30]_i_7_n_0
    SLICE_X60Y263        LUT6 (Prop_G6LUT_SLICEL_I0_O)
                                                      0.035    10.531 r  u_accel/u_pool/stk_npc[2][3][31]_i_18/O
                         net (fo=1, routed)           0.186    10.717    u_accel/u_pool/stk_npc[2][3][31]_i_18_n_0
    SLICE_X57Y263        LUT5 (Prop_B6LUT_SLICEM_I4_O)
                                                      0.052    10.769 r  u_accel/u_pool/stk_npc[2][3][31]_i_13/O
                         net (fo=3, routed)           0.293    11.062    u_accel/u_pool/stk_npc[2][3][31]_i_13_n_0
    SLICE_X53Y262        LUT5 (Prop_B6LUT_SLICEM_I2_O)
                                                      0.149    11.211 r  u_accel/u_pool/stk_npc[2][3][31]_i_14/O
                         net (fo=2, routed)           0.115    11.326    u_accel/u_pool/stk_npc[2][3][31]_i_14_n_0
    SLICE_X53Y262        LUT6 (Prop_D6LUT_SLICEM_I5_O)
                                                      0.145    11.471 r  u_accel/u_pool/stk_npc[2][3][31]_i_12/O
                         net (fo=1, routed)           0.318    11.789    u_accel/u_pool/stk_npc[2][3][31]_i_12_n_0
    SLICE_X50Y269        LUT5 (Prop_C6LUT_SLICEM_I0_O)
                                                      0.051    11.840 r  u_accel/u_pool/stk_npc[2][3][31]_i_8/O
                         net (fo=1, routed)           0.106    11.946    u_accel/u_pool/stk_npc[2][3][31]_i_8_n_0
    SLICE_X50Y270        LUT4 (Prop_F6LUT_SLICEM_I0_O)
                                                      0.088    12.034 r  u_accel/u_pool/stk_npc[2][3][31]_i_3/O
                         net (fo=1, routed)           0.174    12.208    u_accel/u_pool/stk_npc[2][3][31]_i_3_n_0
    SLICE_X50Y272        LUT4 (Prop_B5LUT_SLICEM_I3_O)
                                                      0.103    12.311 r  u_accel/u_pool/stk_npc[2][3][31]_i_1/O
                         net (fo=32, routed)          0.527    12.839    u_accel/u_pool/stk_npc[2][3][31]_i_1_n_0
    SLICE_X49Y278        FDRE                                         r  u_accel/u_pool/stk_npc_reg[2][3][21]/CE
  -------------------------------------------------------------------    -------------------

                         (clock clk rise edge)       10.000    10.000 r  
    E4                                                0.000    10.000 r  clk (IN)
                         net (fo=0)                   0.000    10.000    clk_IBUF_inst/I
    E4                   INBUF (Prop_INBUF_HDIOB_M_PAD_O)
                                                      0.533    10.533 r  clk_IBUF_inst/INBUF_INST/O
                         net (fo=1, routed)           0.000    10.533    clk_IBUF_inst/OUT
    E4                   IBUFCTRL (Prop_IBUFCTRL_HDIOB_M_I_O)
                                                      0.000    10.533 r  clk_IBUF_inst/IBUFCTRL_INST/O
                         net (fo=1, routed)           0.169    10.702    clk_IBUF
    BUFGCE_HDIO_X2Y2     BUFGCE (Prop_BUFCE_BUFGCE_HDIO_I_O)
                                                      0.024    10.726 r  clk_IBUF_BUFG_inst/O
    X1Y3 (CLOCK_ROOT)    net (fo=26496, routed)       2.336    13.062    u_accel/u_pool/clk
    SLICE_X49Y278        FDRE                                         r  u_accel/u_pool/stk_npc_reg[2][3][21]/C
                         clock pessimism              0.668    13.730    
                         clock uncertainty           -0.035    13.695    
    SLICE_X49Y278        FDRE (Setup_HFF_SLICEM_C_CE)
                                                     -0.061    13.634    u_accel/u_pool/stk_npc_reg[2][3][21]
  -------------------------------------------------------------------
                         required time                         13.634    
                         arrival time                         -12.839    
  -------------------------------------------------------------------
                         slack                                  0.795    

Slack (MET) :             0.795ns  (required time - arrival time)
  Source:                 u_accel/u_pool/reg_written_reg[1][7][4]/C
                            (rising edge-triggered cell FDRE clocked by clk  {rise@0.000ns fall@5.000ns period=10.000ns})
  Destination:            u_accel/u_pool/stk_npc_reg[2][3][23]/CE
                            (rising edge-triggered cell FDRE clocked by clk  {rise@0.000ns fall@5.000ns period=10.000ns})
  Path Group:             clk
  Path Type:              Setup (Max at Slow Process Corner)
  Requirement:            10.000ns  (clk rise@10.000ns - clk rise@0.000ns)
  Data Path Delay:        8.931ns  (logic 1.925ns (21.554%)  route 7.006ns (78.446%))
  Logic Levels:           21  (CARRY8=1 LUT2=1 LUT4=5 LUT5=5 LUT6=7 MUXF7=1 MUXF8=1)
  Clock Path Skew:        -0.178ns (DCD - SCD + CPR)
    Destination Clock Delay (DCD):    3.062ns = ( 13.062 - 10.000 ) 
    Source Clock Delay      (SCD):    3.908ns
    Clock Pessimism Removal (CPR):    0.668ns
  Clock Uncertainty:      0.035ns  ((TSJ^2 + TIJ^2)^1/2 + DJ) / 2 + PE
    Total System Jitter     (TSJ):    0.071ns
    Total Input Jitter      (TIJ):    0.000ns
    Discrete Jitter          (DJ):    0.000ns
    Phase Error              (PE):    0.000ns
  Clock Net Delay (Source):      2.635ns (routing 1.343ns, distribution 1.292ns)
  Clock Net Delay (Destination): 2.336ns (routing 1.221ns, distribution 1.115ns)

    Location             Delay type                Incr(ns)  Path(ns)    Netlist Resource(s)
  -------------------------------------------------------------------    -------------------
                         (clock clk rise edge)        0.000     0.000 r  
    E4                                                0.000     0.000 r  clk (IN)
                         net (fo=0)                   0.000     0.000    clk_IBUF_inst/I
    E4                   INBUF (Prop_INBUF_HDIOB_M_PAD_O)
                                                      1.040     1.040 r  clk_IBUF_inst/INBUF_INST/O
                         net (fo=1, routed)           0.000     1.040    clk_IBUF_inst/OUT
    E4                   IBUFCTRL (Prop_IBUFCTRL_HDIOB_M_I_O)
                                                      0.000     1.040 r  clk_IBUF_inst/IBUFCTRL_INST/O
                         net (fo=1, routed)           0.204     1.244    clk_IBUF
    BUFGCE_HDIO_X2Y2     BUFGCE (Prop_BUFCE_BUFGCE_HDIO_I_O)
                                                      0.028     1.272 r  clk_IBUF_BUFG_inst/O
    X1Y3 (CLOCK_ROOT)    net (fo=26496, routed)       2.635     3.908    u_accel/u_pool/clk
    SLICE_X75Y209        FDRE                                         r  u_accel/u_pool/reg_written_reg[1][7][4]/C
  -------------------------------------------------------------------    -------------------
    SLICE_X75Y209        FDRE (Prop_DFF_SLICEL_C_Q)
                                                      0.079     3.987 r  u_accel/u_pool/reg_written_reg[1][7][4]/Q
                         net (fo=2, routed)           0.925     4.912    u_accel/u_pool/reg_written_reg_n_0_[1][7][4]
    SLICE_X56Y217        LUT4 (Prop_G6LUT_SLICEM_I2_O)
                                                      0.090     5.002 r  u_accel/u_pool/q_mul_b[7][31]_i_92/O
                         net (fo=2, routed)           0.236     5.238    u_accel/u_pool/q_mul_b[7][31]_i_92_n_0
    SLICE_X57Y219        LUT5 (Prop_B6LUT_SLICEM_I4_O)
                                                      0.125     5.363 r  u_accel/u_pool/q_mul_b[7][31]_i_31/O
                         net (fo=1, routed)           0.017     5.380    u_accel/u_pool/q_mul_b[7][31]_i_31_n_0
    SLICE_X57Y219        MUXF7 (Prop_F7MUX_AB_SLICEM_I0_O)
                                                      0.060     5.440 r  u_accel/u_pool/q_mul_b_reg[7][31]_i_16/O
                         net (fo=1, routed)           0.000     5.440    u_accel/u_pool/q_mul_b_reg[7][31]_i_16_n_0
    SLICE_X57Y219        MUXF8 (Prop_F8MUX_BOT_SLICEM_I1_O)
                                                      0.028     5.468 r  u_accel/u_pool/q_mul_b_reg[7][31]_i_7/O
                         net (fo=1, routed)           0.789     6.257    u_accel/u_pool/q_mul_b_reg[7][31]_i_7_n_0
    SLICE_X68Y221        LUT6 (Prop_E6LUT_SLICEL_I5_O)
                                                      0.090     6.347 r  u_accel/u_pool/q_mul_b[7][31]_i_2/O
                         net (fo=34, routed)          0.471     6.818    u_accel/u_pool/q_mul_b[7][31]_i_2_n_0
    SLICE_X79Y227        LUT5 (Prop_C6LUT_SLICEM_I3_O)
                                                      0.088     6.906 r  u_accel/u_pool/q_mul_b[7][26]_i_1/O
                         net (fo=2, routed)           0.333     7.239    u_accel/u_pool/q_mul_b[7][26]_i_1_n_0
    SLICE_X74Y232        LUT2 (Prop_C5LUT_SLICEM_I1_O)
                                                      0.111     7.350 r  u_accel/u_pool/mem_sdata_lane[7][26]_i_2/O
                         net (fo=12, routed)          0.471     7.821    u_accel/u_pool/rv2[7][26]
    SLICE_X73Y245        LUT4 (Prop_F6LUT_SLICEM_I0_O)
                                                      0.088     7.909 r  u_accel/u_pool/stk_mask[0][7][7]_i_63/O
                         net (fo=1, routed)           0.022     7.931    u_accel/u_pool/stk_mask[0][7][7]_i_63_n_0
    SLICE_X73Y245        CARRY8 (Prop_CARRY8_SLICEM_S[5]_CO[7])
                                                      0.166     8.097 r  u_accel/u_pool/stk_mask_reg[0][7][7]_i_9/CO[7]
                         net (fo=1, routed)           0.305     8.402    u_accel/u_pool/stk_mask_reg[0][7][7]_i_9_n_0
    SLICE_X72Y248        LUT6 (Prop_G6LUT_SLICEL_I5_O)
                                                      0.089     8.491 f  u_accel/u_pool/stk_mask[0][7][7]_i_4/O
                         net (fo=1, routed)           0.141     8.632    u_accel/u_pool/stk_mask[0][7][7]_i_4_n_0
    SLICE_X71Y250        LUT6 (Prop_G6LUT_SLICEM_I0_O)
                                                      0.090     8.722 f  u_accel/u_pool/stk_mask[0][7][7]_i_3/O
                         net (fo=28, routed)          0.415     9.137    u_accel/u_pool/(null)[7].t
    SLICE_X69Y260        LUT4 (Prop_B6LUT_SLICEL_I0_O)
                                                      0.051     9.188 r  u_accel/u_pool/stk_rpc[0][0][30]_i_54/O
                         net (fo=1, routed)           0.214     9.402    u_accel/u_pool/stk_rpc[0][0][30]_i_54_n_0
    SLICE_X66Y262        LUT6 (Prop_G6LUT_SLICEL_I4_O)
                                                      0.097     9.499 f  u_accel/u_pool/stk_rpc[0][0][30]_i_34/O
                         net (fo=4, routed)           0.154     9.653    u_accel/u_pool/stk_rpc[0][0][30]_i_34_n_0
    SLICE_X66Y263        LUT6 (Prop_A6LUT_SLICEL_I1_O)
                                                      0.050     9.703 f  u_accel/u_pool/stk_rpc[0][0][30]_i_7/O
                         net (fo=34, routed)          0.793    10.496    u_accel/u_pool/stk_rpc[0][0][30]_i_7_n_0
    SLICE_X60Y263        LUT6 (Prop_G6LUT_SLICEL_I0_O)
                                                      0.035    10.531 r  u_accel/u_pool/stk_npc[2][3][31]_i_18/O
                         net (fo=1, routed)           0.186    10.717    u_accel/u_pool/stk_npc[2][3][31]_i_18_n_0
    SLICE_X57Y263        LUT5 (Prop_B6LUT_SLICEM_I4_O)
                                                      0.052    10.769 r  u_accel/u_pool/stk_npc[2][3][31]_i_13/O
                         net (fo=3, routed)           0.293    11.062    u_accel/u_pool/stk_npc[2][3][31]_i_13_n_0
    SLICE_X53Y262        LUT5 (Prop_B6LUT_SLICEM_I2_O)
                                                      0.149    11.211 r  u_accel/u_pool/stk_npc[2][3][31]_i_14/O
                         net (fo=2, routed)           0.115    11.326    u_accel/u_pool/stk_npc[2][3][31]_i_14_n_0
    SLICE_X53Y262        LUT6 (Prop_D6LUT_SLICEM_I5_O)
                                                      0.145    11.471 r  u_accel/u_pool/stk_npc[2][3][31]_i_12/O
                         net (fo=1, routed)           0.318    11.789    u_accel/u_pool/stk_npc[2][3][31]_i_12_n_0
    SLICE_X50Y269        LUT5 (Prop_C6LUT_SLICEM_I0_O)
                                                      0.051    11.840 r  u_accel/u_pool/stk_npc[2][3][31]_i_8/O
                         net (fo=1, routed)           0.106    11.946    u_accel/u_pool/stk_npc[2][3][31]_i_8_n_0
    SLICE_X50Y270        LUT4 (Prop_F6LUT_SLICEM_I0_O)
                                                      0.088    12.034 r  u_accel/u_pool/stk_npc[2][3][31]_i_3/O
                         net (fo=1, routed)           0.174    12.208    u_accel/u_pool/stk_npc[2][3][31]_i_3_n_0
    SLICE_X50Y272        LUT4 (Prop_B5LUT_SLICEM_I3_O)
                                                      0.103    12.311 r  u_accel/u_pool/stk_npc[2][3][31]_i_1/O
                         net (fo=32, routed)          0.527    12.839    u_accel/u_pool/stk_npc[2][3][31]_i_1_n_0
    SLICE_X49Y278        FDRE                                         r  u_accel/u_pool/stk_npc_reg[2][3][23]/CE
  -------------------------------------------------------------------    -------------------

                         (clock clk rise edge)       10.000    10.000 r  
    E4                                                0.000    10.000 r  clk (IN)
                         net (fo=0)                   0.000    10.000    clk_IBUF_inst/I
    E4                   INBUF (Prop_INBUF_HDIOB_M_PAD_O)
                                                      0.533    10.533 r  clk_IBUF_inst/INBUF_INST/O
                         net (fo=1, routed)           0.000    10.533    clk_IBUF_inst/OUT
    E4                   IBUFCTRL (Prop_IBUFCTRL_HDIOB_M_I_O)
                                                      0.000    10.533 r  clk_IBUF_inst/IBUFCTRL_INST/O
                         net (fo=1, routed)           0.169    10.702    clk_IBUF
    BUFGCE_HDIO_X2Y2     BUFGCE (Prop_BUFCE_BUFGCE_HDIO_I_O)
                                                      0.024    10.726 r  clk_IBUF_BUFG_inst/O
    X1Y3 (CLOCK_ROOT)    net (fo=26496, routed)       2.336    13.062    u_accel/u_pool/clk
    SLICE_X49Y278        FDRE                                         r  u_accel/u_pool/stk_npc_reg[2][3][23]/C
                         clock pessimism              0.668    13.730    
                         clock uncertainty           -0.035    13.695    
    SLICE_X49Y278        FDRE (Setup_GFF_SLICEM_C_CE)
                                                     -0.061    13.634    u_accel/u_pool/stk_npc_reg[2][3][23]
  -------------------------------------------------------------------
                         required time                         13.634    
                         arrival time                         -12.839    
  -------------------------------------------------------------------
                         slack                                  0.795    

Slack (MET) :             0.795ns  (required time - arrival time)
  Source:                 u_accel/u_pool/reg_written_reg[1][7][4]/C
                            (rising edge-triggered cell FDRE clocked by clk  {rise@0.000ns fall@5.000ns period=10.000ns})
  Destination:            u_accel/u_pool/stk_npc_reg[2][3][29]/CE
                            (rising edge-triggered cell FDRE clocked by clk  {rise@0.000ns fall@5.000ns period=10.000ns})
  Path Group:             clk
  Path Type:              Setup (Max at Slow Process Corner)
  Requirement:            10.000ns  (clk rise@10.000ns - clk rise@0.000ns)
  Data Path Delay:        8.931ns  (logic 1.925ns (21.554%)  route 7.006ns (78.446%))
  Logic Levels:           21  (CARRY8=1 LUT2=1 LUT4=5 LUT5=5 LUT6=7 MUXF7=1 MUXF8=1)
  Clock Path Skew:        -0.178ns (DCD - SCD + CPR)
    Destination Clock Delay (DCD):    3.062ns = ( 13.062 - 10.000 ) 
    Source Clock Delay      (SCD):    3.908ns
    Clock Pessimism Removal (CPR):    0.668ns
  Clock Uncertainty:      0.035ns  ((TSJ^2 + TIJ^2)^1/2 + DJ) / 2 + PE
    Total System Jitter     (TSJ):    0.071ns
    Total Input Jitter      (TIJ):    0.000ns
    Discrete Jitter          (DJ):    0.000ns
    Phase Error              (PE):    0.000ns
  Clock Net Delay (Source):      2.635ns (routing 1.343ns, distribution 1.292ns)
  Clock Net Delay (Destination): 2.336ns (routing 1.221ns, distribution 1.115ns)

    Location             Delay type                Incr(ns)  Path(ns)    Netlist Resource(s)
  -------------------------------------------------------------------    -------------------
                         (clock clk rise edge)        0.000     0.000 r  
    E4                                                0.000     0.000 r  clk (IN)
                         net (fo=0)                   0.000     0.000    clk_IBUF_inst/I
    E4                   INBUF (Prop_INBUF_HDIOB_M_PAD_O)
                                                      1.040     1.040 r  clk_IBUF_inst/INBUF_INST/O
                         net (fo=1, routed)           0.000     1.040    clk_IBUF_inst/OUT
    E4                   IBUFCTRL (Prop_IBUFCTRL_HDIOB_M_I_O)
                                                      0.000     1.040 r  clk_IBUF_inst/IBUFCTRL_INST/O
                         net (fo=1, routed)           0.204     1.244    clk_IBUF
    BUFGCE_HDIO_X2Y2     BUFGCE (Prop_BUFCE_BUFGCE_HDIO_I_O)
                                                      0.028     1.272 r  clk_IBUF_BUFG_inst/O
    X1Y3 (CLOCK_ROOT)    net (fo=26496, routed)       2.635     3.908    u_accel/u_pool/clk
    SLICE_X75Y209        FDRE                                         r  u_accel/u_pool/reg_written_reg[1][7][4]/C
  -------------------------------------------------------------------    -------------------
    SLICE_X75Y209        FDRE (Prop_DFF_SLICEL_C_Q)
                                                      0.079     3.987 r  u_accel/u_pool/reg_written_reg[1][7][4]/Q
                         net (fo=2, routed)           0.925     4.912    u_accel/u_pool/reg_written_reg_n_0_[1][7][4]
    SLICE_X56Y217        LUT4 (Prop_G6LUT_SLICEM_I2_O)
                                                      0.090     5.002 r  u_accel/u_pool/q_mul_b[7][31]_i_92/O
                         net (fo=2, routed)           0.236     5.238    u_accel/u_pool/q_mul_b[7][31]_i_92_n_0
    SLICE_X57Y219        LUT5 (Prop_B6LUT_SLICEM_I4_O)
                                                      0.125     5.363 r  u_accel/u_pool/q_mul_b[7][31]_i_31/O
                         net (fo=1, routed)           0.017     5.380    u_accel/u_pool/q_mul_b[7][31]_i_31_n_0
    SLICE_X57Y219        MUXF7 (Prop_F7MUX_AB_SLICEM_I0_O)
                                                      0.060     5.440 r  u_accel/u_pool/q_mul_b_reg[7][31]_i_16/O
                         net (fo=1, routed)           0.000     5.440    u_accel/u_pool/q_mul_b_reg[7][31]_i_16_n_0
    SLICE_X57Y219        MUXF8 (Prop_F8MUX_BOT_SLICEM_I1_O)
                                                      0.028     5.468 r  u_accel/u_pool/q_mul_b_reg[7][31]_i_7/O
                         net (fo=1, routed)           0.789     6.257    u_accel/u_pool/q_mul_b_reg[7][31]_i_7_n_0
    SLICE_X68Y221        LUT6 (Prop_E6LUT_SLICEL_I5_O)
                                                      0.090     6.347 r  u_accel/u_pool/q_mul_b[7][31]_i_2/O
                         net (fo=34, routed)          0.471     6.818    u_accel/u_pool/q_mul_b[7][31]_i_2_n_0
    SLICE_X79Y227        LUT5 (Prop_C6LUT_SLICEM_I3_O)
                                                      0.088     6.906 r  u_accel/u_pool/q_mul_b[7][26]_i_1/O
                         net (fo=2, routed)           0.333     7.239    u_accel/u_pool/q_mul_b[7][26]_i_1_n_0
    SLICE_X74Y232        LUT2 (Prop_C5LUT_SLICEM_I1_O)
                                                      0.111     7.350 r  u_accel/u_pool/mem_sdata_lane[7][26]_i_2/O
                         net (fo=12, routed)          0.471     7.821    u_accel/u_pool/rv2[7][26]
    SLICE_X73Y245        LUT4 (Prop_F6LUT_SLICEM_I0_O)
                                                      0.088     7.909 r  u_accel/u_pool/stk_mask[0][7][7]_i_63/O
                         net (fo=1, routed)           0.022     7.931    u_accel/u_pool/stk_mask[0][7][7]_i_63_n_0
    SLICE_X73Y245        CARRY8 (Prop_CARRY8_SLICEM_S[5]_CO[7])
                                                      0.166     8.097 r  u_accel/u_pool/stk_mask_reg[0][7][7]_i_9/CO[7]
                         net (fo=1, routed)           0.305     8.402    u_accel/u_pool/stk_mask_reg[0][7][7]_i_9_n_0
    SLICE_X72Y248        LUT6 (Prop_G6LUT_SLICEL_I5_O)
                                                      0.089     8.491 f  u_accel/u_pool/stk_mask[0][7][7]_i_4/O
                         net (fo=1, routed)           0.141     8.632    u_accel/u_pool/stk_mask[0][7][7]_i_4_n_0
    SLICE_X71Y250        LUT6 (Prop_G6LUT_SLICEM_I0_O)
                                                      0.090     8.722 f  u_accel/u_pool/stk_mask[0][7][7]_i_3/O
                         net (fo=28, routed)          0.415     9.137    u_accel/u_pool/(null)[7].t
    SLICE_X69Y260        LUT4 (Prop_B6LUT_SLICEL_I0_O)
                                                      0.051     9.188 r  u_accel/u_pool/stk_rpc[0][0][30]_i_54/O
                         net (fo=1, routed)           0.214     9.402    u_accel/u_pool/stk_rpc[0][0][30]_i_54_n_0
    SLICE_X66Y262        LUT6 (Prop_G6LUT_SLICEL_I4_O)
                                                      0.097     9.499 f  u_accel/u_pool/stk_rpc[0][0][30]_i_34/O
                         net (fo=4, routed)           0.154     9.653    u_accel/u_pool/stk_rpc[0][0][30]_i_34_n_0
    SLICE_X66Y263        LUT6 (Prop_A6LUT_SLICEL_I1_O)
                                                      0.050     9.703 f  u_accel/u_pool/stk_rpc[0][0][30]_i_7/O
                         net (fo=34, routed)          0.793    10.496    u_accel/u_pool/stk_rpc[0][0][30]_i_7_n_0
    SLICE_X60Y263        LUT6 (Prop_G6LUT_SLICEL_I0_O)
                                                      0.035    10.531 r  u_accel/u_pool/stk_npc[2][3][31]_i_18/O
                         net (fo=1, routed)           0.186    10.717    u_accel/u_pool/stk_npc[2][3][31]_i_18_n_0
    SLICE_X57Y263        LUT5 (Prop_B6LUT_SLICEM_I4_O)
                                                      0.052    10.769 r  u_accel/u_pool/stk_npc[2][3][31]_i_13/O
                         net (fo=3, routed)           0.293    11.062    u_accel/u_pool/stk_npc[2][3][31]_i_13_n_0
    SLICE_X53Y262        LUT5 (Prop_B6LUT_SLICEM_I2_O)
                                                      0.149    11.211 r  u_accel/u_pool/stk_npc[2][3][31]_i_14/O
                         net (fo=2, routed)           0.115    11.326    u_accel/u_pool/stk_npc[2][3][31]_i_14_n_0
    SLICE_X53Y262        LUT6 (Prop_D6LUT_SLICEM_I5_O)
                                                      0.145    11.471 r  u_accel/u_pool/stk_npc[2][3][31]_i_12/O
                         net (fo=1, routed)           0.318    11.789    u_accel/u_pool/stk_npc[2][3][31]_i_12_n_0
    SLICE_X50Y269        LUT5 (Prop_C6LUT_SLICEM_I0_O)
                                                      0.051    11.840 r  u_accel/u_pool/stk_npc[2][3][31]_i_8/O
                         net (fo=1, routed)           0.106    11.946    u_accel/u_pool/stk_npc[2][3][31]_i_8_n_0
    SLICE_X50Y270        LUT4 (Prop_F6LUT_SLICEM_I0_O)
                                                      0.088    12.034 r  u_accel/u_pool/stk_npc[2][3][31]_i_3/O
                         net (fo=1, routed)           0.174    12.208    u_accel/u_pool/stk_npc[2][3][31]_i_3_n_0
    SLICE_X50Y272        LUT4 (Prop_B5LUT_SLICEM_I3_O)
                                                      0.103    12.311 r  u_accel/u_pool/stk_npc[2][3][31]_i_1/O
                         net (fo=32, routed)          0.527    12.839    u_accel/u_pool/stk_npc[2][3][31]_i_1_n_0
    SLICE_X49Y278        FDRE                                         r  u_accel/u_pool/stk_npc_reg[2][3][29]/CE
  -------------------------------------------------------------------    -------------------

                         (clock clk rise edge)       10.000    10.000 r  
    E4                                                0.000    10.000 r  clk (IN)
                         net (fo=0)                   0.000    10.000    clk_IBUF_inst/I
    E4                   INBUF (Prop_INBUF_HDIOB_M_PAD_O)
                                                      0.533    10.533 r  clk_IBUF_inst/INBUF_INST/O
                         net (fo=1, routed)           0.000    10.533    clk_IBUF_inst/OUT
    E4                   IBUFCTRL (Prop_IBUFCTRL_HDIOB_M_I_O)
                                                      0.000    10.533 r  clk_IBUF_inst/IBUFCTRL_INST/O
                         net (fo=1, routed)           0.169    10.702    clk_IBUF
    BUFGCE_HDIO_X2Y2     BUFGCE (Prop_BUFCE_BUFGCE_HDIO_I_O)
                                                      0.024    10.726 r  clk_IBUF_BUFG_inst/O
    X1Y3 (CLOCK_ROOT)    net (fo=26496, routed)       2.336    13.062    u_accel/u_pool/clk
    SLICE_X49Y278        FDRE                                         r  u_accel/u_pool/stk_npc_reg[2][3][29]/C
                         clock pessimism              0.668    13.730    
                         clock uncertainty           -0.035    13.695    
    SLICE_X49Y278        FDRE (Setup_FFF_SLICEM_C_CE)
                                                     -0.061    13.634    u_accel/u_pool/stk_npc_reg[2][3][29]
  -------------------------------------------------------------------
                         required time                         13.634    
                         arrival time                         -12.839    
  -------------------------------------------------------------------
                         slack                                  0.795    

Slack (MET) :             0.803ns  (required time - arrival time)
  Source:                 u_accel/u_pool/issue_w_reg[0]_rep__24/C
                            (rising edge-triggered cell FDRE clocked by clk  {rise@0.000ns fall@5.000ns period=10.000ns})
  Destination:            u_accel/u_pool/stk_npc_reg[3][1][11]/CE
                            (rising edge-triggered cell FDRE clocked by clk  {rise@0.000ns fall@5.000ns period=10.000ns})
  Path Group:             clk
  Path Type:              Setup (Max at Slow Process Corner)
  Requirement:            10.000ns  (clk rise@10.000ns - clk rise@0.000ns)
  Data Path Delay:        8.939ns  (logic 2.020ns (22.597%)  route 6.919ns (77.403%))
  Logic Levels:           24  (CARRY8=2 LUT2=1 LUT4=8 LUT5=3 LUT6=9 MUXF7=1)
  Clock Path Skew:        -0.162ns (DCD - SCD + CPR)
    Destination Clock Delay (DCD):    3.077ns = ( 13.077 - 10.000 ) 
    Source Clock Delay      (SCD):    3.977ns
    Clock Pessimism Removal (CPR):    0.737ns
  Clock Uncertainty:      0.035ns  ((TSJ^2 + TIJ^2)^1/2 + DJ) / 2 + PE
    Total System Jitter     (TSJ):    0.071ns
    Total Input Jitter      (TIJ):    0.000ns
    Discrete Jitter          (DJ):    0.000ns
    Phase Error              (PE):    0.000ns
  Clock Net Delay (Source):      2.704ns (routing 1.343ns, distribution 1.361ns)
  Clock Net Delay (Destination): 2.351ns (routing 1.221ns, distribution 1.130ns)

    Location             Delay type                Incr(ns)  Path(ns)    Netlist Resource(s)
  -------------------------------------------------------------------    -------------------
                         (clock clk rise edge)        0.000     0.000 r  
    E4                                                0.000     0.000 r  clk (IN)
                         net (fo=0)                   0.000     0.000    clk_IBUF_inst/I
    E4                   INBUF (Prop_INBUF_HDIOB_M_PAD_O)
                                                      1.040     1.040 r  clk_IBUF_inst/INBUF_INST/O
                         net (fo=1, routed)           0.000     1.040    clk_IBUF_inst/OUT
    E4                   IBUFCTRL (Prop_IBUFCTRL_HDIOB_M_I_O)
                                                      0.000     1.040 r  clk_IBUF_inst/IBUFCTRL_INST/O
                         net (fo=1, routed)           0.204     1.244    clk_IBUF
    BUFGCE_HDIO_X2Y2     BUFGCE (Prop_BUFCE_BUFGCE_HDIO_I_O)
                                                      0.028     1.272 r  clk_IBUF_BUFG_inst/O
    X1Y3 (CLOCK_ROOT)    net (fo=26496, routed)       2.704     3.977    u_accel/u_pool/clk
    SLICE_X70Y253        FDRE                                         r  u_accel/u_pool/issue_w_reg[0]_rep__24/C
  -------------------------------------------------------------------    -------------------
    SLICE_X70Y253        FDRE (Prop_AFF_SLICEM_C_Q)
                                                      0.077     4.054 r  u_accel/u_pool/issue_w_reg[0]_rep__24/Q
                         net (fo=82, routed)          0.162     4.216    u_accel/u_pool/issue_w_reg[0]_rep__24_n_0
    SLICE_X69Y253        LUT2 (Prop_E5LUT_SLICEL_I1_O)
                                                      0.114     4.330 r  u_accel/u_pool/stk_rpc[3][7][31]_i_2/O
                         net (fo=152, routed)         0.308     4.637    u_accel/u_pool/stk_rpc[3][7][31]_i_2_n_0
    SLICE_X73Y253        LUT4 (Prop_D6LUT_SLICEM_I0_O)
                                                      0.088     4.725 r  u_accel/u_pool/q_mul_b[3][31]_i_48/O
                         net (fo=1, routed)           0.098     4.823    u_accel/u_pool/q_mul_b[3][31]_i_48_n_0
    SLICE_X71Y253        LUT5 (Prop_A6LUT_SLICEM_I4_O)
                                                      0.053     4.876 f  u_accel/u_pool/q_mul_b[3][31]_i_16/O
                         net (fo=2, routed)           0.287     5.163    u_accel/u_pool/q_mul_b[3][31]_i_16_n_0
    SLICE_X69Y254        LUT6 (Prop_B6LUT_SLICEL_I1_O)
                                                      0.124     5.287 f  u_accel/u_pool/q_mul_a[3][31]_i_7/O
                         net (fo=1, routed)           0.288     5.575    u_accel/u_pool/q_mul_a[3][31]_i_7_n_0
    SLICE_X67Y249        LUT6 (Prop_H6LUT_SLICEM_I0_O)
                                                      0.101     5.676 r  u_accel/u_pool/q_mul_a[3][31]_i_5/O
                         net (fo=1, routed)           0.014     5.690    u_accel/u_pool/q_mul_a[3][31]_i_5_n_0
    SLICE_X67Y249        MUXF7 (Prop_F7MUX_GH_SLICEM_I0_O)
                                                      0.066     5.756 r  u_accel/u_pool/q_mul_a_reg[3][31]_i_3/O
                         net (fo=64, routed)          0.917     6.673    u_accel/u_pool/q_mul_a_reg[3][31]_i_3_n_0
    SLICE_X62Y225        LUT4 (Prop_E6LUT_SLICEL_I0_O)
                                                      0.099     6.772 r  u_accel/u_pool/q_mul_a[3][2]_i_3/O
                         net (fo=1, routed)           0.158     6.930    u_accel/u_pool/q_mul_a[3][2]_i_3_n_0
    SLICE_X62Y231        LUT6 (Prop_C6LUT_SLICEL_I4_O)
                                                      0.035     6.965 f  u_accel/u_pool/q_mul_a[3][2]_i_2/O
                         net (fo=11, routed)          0.423     7.388    u_accel/u_pool/rv1[3][2]
    SLICE_X61Y236        LUT4 (Prop_H6LUT_SLICEM_I0_O)
                                                      0.090     7.478 r  u_accel/u_pool/stk_mask[0][7][3]_i_88/O
                         net (fo=2, routed)           0.461     7.939    u_accel/u_pool/stk_mask[0][7][3]_i_88_n_0
    SLICE_X63Y236        CARRY8 (Prop_CARRY8_SLICEM_DI[1]_CO[7])
                                                      0.120     8.059 r  u_accel/u_pool/stk_mask_reg[0][7][3]_i_17/CO[7]
                         net (fo=1, routed)           0.026     8.085    u_accel/u_pool/stk_mask_reg[0][7][3]_i_17_n_0
    SLICE_X63Y237        CARRY8 (Prop_CARRY8_SLICEM_CI_CO[7])
                                                      0.022     8.107 r  u_accel/u_pool/stk_mask_reg[0][7][3]_i_6/CO[7]
                         net (fo=1, routed)           0.572     8.679    u_accel/u_pool/stk_mask_reg[0][7][3]_i_6_n_0
    SLICE_X66Y242        LUT6 (Prop_E6LUT_SLICEL_I0_O)
                                                      0.035     8.714 r  u_accel/u_pool/stk_mask[0][7][3]_i_3/O
                         net (fo=1, routed)           0.189     8.903    u_accel/u_pool/stk_mask[0][7][3]_i_3_n_0
    SLICE_X66Y246        LUT6 (Prop_H6LUT_SLICEL_I0_O)
                                                      0.036     8.939 r  u_accel/u_pool/stk_mask[0][7][3]_i_2/O
                         net (fo=28, routed)          0.272     9.211    u_accel/u_pool/(null)[3].t
    SLICE_X66Y256        LUT4 (Prop_G6LUT_SLICEL_I3_O)
                                                      0.123     9.334 r  u_accel/u_pool/stk_rpc[0][0][30]_i_53/O
                         net (fo=1, routed)           0.139     9.473    u_accel/u_pool/stk_rpc[0][0][30]_i_53_n_0
    SLICE_X66Y259        LUT6 (Prop_F6LUT_SLICEL_I5_O)
                                                      0.035     9.508 r  u_accel/u_pool/stk_rpc[0][0][30]_i_33/O
                         net (fo=3, routed)           0.412     9.920    u_accel/u_pool/stk_rpc[0][0][30]_i_33_n_0
    SLICE_X65Y262        LUT4 (Prop_F6LUT_SLICEL_I3_O)
                                                      0.049     9.969 r  u_accel/u_pool/stk_rpc[1][0][31]_i_12/O
                         net (fo=2, routed)           0.184    10.153    u_accel/u_pool/stk_rpc[1][0][31]_i_12_n_0
    SLICE_X64Y265        LUT6 (Prop_G6LUT_SLICEM_I5_O)
                                                      0.037    10.190 r  u_accel/u_pool/stk_rpc[3][0][31]_i_7/O
                         net (fo=48, routed)          0.414    10.604    u_accel/u_pool/stk_rpc[3][0][31]_i_7_n_0
    SLICE_X55Y266        LUT4 (Prop_B5LUT_SLICEL_I0_O)
                                                      0.141    10.745 r  u_accel/u_pool/stk_npc[3][1][31]_i_22/O
                         net (fo=1, routed)           0.184    10.929    u_accel/u_pool/stk_npc[3][1][31]_i_22_n_0
    SLICE_X55Y266        LUT6 (Prop_G6LUT_SLICEL_I3_O)
                                                      0.089    11.018 r  u_accel/u_pool/stk_npc[3][1][31]_i_16/O
                         net (fo=3, routed)           0.319    11.336    u_accel/u_pool/stk_npc[3][1][31]_i_16_n_0
    SLICE_X53Y259        LUT5 (Prop_F6LUT_SLICEM_I2_O)
                                                      0.098    11.434 r  u_accel/u_pool/stk_npc[3][1][31]_i_17/O
                         net (fo=2, routed)           0.150    11.584    u_accel/u_pool/stk_npc[3][1][31]_i_17_n_0
    SLICE_X53Y258        LUT6 (Prop_B6LUT_SLICEM_I5_O)
                                                      0.125    11.709 r  u_accel/u_pool/stk_npc[3][1][31]_i_14/O
                         net (fo=1, routed)           0.092    11.801    u_accel/u_pool/stk_npc[3][1][31]_i_14_n_0
    SLICE_X53Y258        LUT5 (Prop_D5LUT_SLICEM_I0_O)
                                                      0.066    11.867 r  u_accel/u_pool/stk_npc[3][1][31]_i_8/O
                         net (fo=1, routed)           0.199    12.066    u_accel/u_pool/stk_npc[3][1][31]_i_8_n_0
    SLICE_X53Y258        LUT4 (Prop_E6LUT_SLICEM_I0_O)
                                                      0.124    12.190 r  u_accel/u_pool/stk_npc[3][1][31]_i_3/O
                         net (fo=1, routed)           0.092    12.282    u_accel/u_pool/stk_npc[3][1][31]_i_3_n_0
    SLICE_X52Y258        LUT4 (Prop_B5LUT_SLICEL_I1_O)
                                                      0.073    12.355 r  u_accel/u_pool/stk_npc[3][1][31]_i_1/O
                         net (fo=32, routed)          0.561    12.916    u_accel/u_pool/stk_npc[3][1][31]_i_1_n_0
    SLICE_X48Y257        FDRE                                         r  u_accel/u_pool/stk_npc_reg[3][1][11]/CE
  -------------------------------------------------------------------    -------------------

                         (clock clk rise edge)       10.000    10.000 r  
    E4                                                0.000    10.000 r  clk (IN)
                         net (fo=0)                   0.000    10.000    clk_IBUF_inst/I
    E4                   INBUF (Prop_INBUF_HDIOB_M_PAD_O)
                                                      0.533    10.533 r  clk_IBUF_inst/INBUF_INST/O
                         net (fo=1, routed)           0.000    10.533    clk_IBUF_inst/OUT
    E4                   IBUFCTRL (Prop_IBUFCTRL_HDIOB_M_I_O)
                                                      0.000    10.533 r  clk_IBUF_inst/IBUFCTRL_INST/O
                         net (fo=1, routed)           0.169    10.702    clk_IBUF
    BUFGCE_HDIO_X2Y2     BUFGCE (Prop_BUFCE_BUFGCE_HDIO_I_O)
                                                      0.024    10.726 r  clk_IBUF_BUFG_inst/O
    X1Y3 (CLOCK_ROOT)    net (fo=26496, routed)       2.351    13.077    u_accel/u_pool/clk
    SLICE_X48Y257        FDRE                                         r  u_accel/u_pool/stk_npc_reg[3][1][11]/C
                         clock pessimism              0.737    13.814    
                         clock uncertainty           -0.035    13.779    
    SLICE_X48Y257        FDRE (Setup_DFF_SLICEL_C_CE)
                                                     -0.060    13.719    u_accel/u_pool/stk_npc_reg[3][1][11]
  -------------------------------------------------------------------
                         required time                         13.719    
                         arrival time                         -12.916    
  -------------------------------------------------------------------
                         slack                                  0.803    

Slack (MET) :             0.803ns  (required time - arrival time)
  Source:                 u_accel/u_pool/issue_w_reg[0]_rep__24/C
                            (rising edge-triggered cell FDRE clocked by clk  {rise@0.000ns fall@5.000ns period=10.000ns})
  Destination:            u_accel/u_pool/stk_npc_reg[3][1][9]/CE
                            (rising edge-triggered cell FDRE clocked by clk  {rise@0.000ns fall@5.000ns period=10.000ns})
  Path Group:             clk
  Path Type:              Setup (Max at Slow Process Corner)
  Requirement:            10.000ns  (clk rise@10.000ns - clk rise@0.000ns)
  Data Path Delay:        8.939ns  (logic 2.020ns (22.597%)  route 6.919ns (77.403%))
  Logic Levels:           24  (CARRY8=2 LUT2=1 LUT4=8 LUT5=3 LUT6=9 MUXF7=1)
  Clock Path Skew:        -0.162ns (DCD - SCD + CPR)
    Destination Clock Delay (DCD):    3.077ns = ( 13.077 - 10.000 ) 
    Source Clock Delay      (SCD):    3.977ns
    Clock Pessimism Removal (CPR):    0.737ns
  Clock Uncertainty:      0.035ns  ((TSJ^2 + TIJ^2)^1/2 + DJ) / 2 + PE
    Total System Jitter     (TSJ):    0.071ns
    Total Input Jitter      (TIJ):    0.000ns
    Discrete Jitter          (DJ):    0.000ns
    Phase Error              (PE):    0.000ns
  Clock Net Delay (Source):      2.704ns (routing 1.343ns, distribution 1.361ns)
  Clock Net Delay (Destination): 2.351ns (routing 1.221ns, distribution 1.130ns)

    Location             Delay type                Incr(ns)  Path(ns)    Netlist Resource(s)
  -------------------------------------------------------------------    -------------------
                         (clock clk rise edge)        0.000     0.000 r  
    E4                                                0.000     0.000 r  clk (IN)
                         net (fo=0)                   0.000     0.000    clk_IBUF_inst/I
    E4                   INBUF (Prop_INBUF_HDIOB_M_PAD_O)
                                                      1.040     1.040 r  clk_IBUF_inst/INBUF_INST/O
                         net (fo=1, routed)           0.000     1.040    clk_IBUF_inst/OUT
    E4                   IBUFCTRL (Prop_IBUFCTRL_HDIOB_M_I_O)
                                                      0.000     1.040 r  clk_IBUF_inst/IBUFCTRL_INST/O
                         net (fo=1, routed)           0.204     1.244    clk_IBUF
    BUFGCE_HDIO_X2Y2     BUFGCE (Prop_BUFCE_BUFGCE_HDIO_I_O)
                                                      0.028     1.272 r  clk_IBUF_BUFG_inst/O
    X1Y3 (CLOCK_ROOT)    net (fo=26496, routed)       2.704     3.977    u_accel/u_pool/clk
    SLICE_X70Y253        FDRE                                         r  u_accel/u_pool/issue_w_reg[0]_rep__24/C
  -------------------------------------------------------------------    -------------------
    SLICE_X70Y253        FDRE (Prop_AFF_SLICEM_C_Q)
                                                      0.077     4.054 r  u_accel/u_pool/issue_w_reg[0]_rep__24/Q
                         net (fo=82, routed)          0.162     4.216    u_accel/u_pool/issue_w_reg[0]_rep__24_n_0
    SLICE_X69Y253        LUT2 (Prop_E5LUT_SLICEL_I1_O)
                                                      0.114     4.330 r  u_accel/u_pool/stk_rpc[3][7][31]_i_2/O
                         net (fo=152, routed)         0.308     4.637    u_accel/u_pool/stk_rpc[3][7][31]_i_2_n_0
    SLICE_X73Y253        LUT4 (Prop_D6LUT_SLICEM_I0_O)
                                                      0.088     4.725 r  u_accel/u_pool/q_mul_b[3][31]_i_48/O
                         net (fo=1, routed)           0.098     4.823    u_accel/u_pool/q_mul_b[3][31]_i_48_n_0
    SLICE_X71Y253        LUT5 (Prop_A6LUT_SLICEM_I4_O)
                                                      0.053     4.876 f  u_accel/u_pool/q_mul_b[3][31]_i_16/O
                         net (fo=2, routed)           0.287     5.163    u_accel/u_pool/q_mul_b[3][31]_i_16_n_0
    SLICE_X69Y254        LUT6 (Prop_B6LUT_SLICEL_I1_O)
                                                      0.124     5.287 f  u_accel/u_pool/q_mul_a[3][31]_i_7/O
                         net (fo=1, routed)           0.288     5.575    u_accel/u_pool/q_mul_a[3][31]_i_7_n_0
    SLICE_X67Y249        LUT6 (Prop_H6LUT_SLICEM_I0_O)
                                                      0.101     5.676 r  u_accel/u_pool/q_mul_a[3][31]_i_5/O
                         net (fo=1, routed)           0.014     5.690    u_accel/u_pool/q_mul_a[3][31]_i_5_n_0
    SLICE_X67Y249        MUXF7 (Prop_F7MUX_GH_SLICEM_I0_O)
                                                      0.066     5.756 r  u_accel/u_pool/q_mul_a_reg[3][31]_i_3/O
                         net (fo=64, routed)          0.917     6.673    u_accel/u_pool/q_mul_a_reg[3][31]_i_3_n_0
    SLICE_X62Y225        LUT4 (Prop_E6LUT_SLICEL_I0_O)
                                                      0.099     6.772 r  u_accel/u_pool/q_mul_a[3][2]_i_3/O
                         net (fo=1, routed)           0.158     6.930    u_accel/u_pool/q_mul_a[3][2]_i_3_n_0
    SLICE_X62Y231        LUT6 (Prop_C6LUT_SLICEL_I4_O)
                                                      0.035     6.965 f  u_accel/u_pool/q_mul_a[3][2]_i_2/O
                         net (fo=11, routed)          0.423     7.388    u_accel/u_pool/rv1[3][2]
    SLICE_X61Y236        LUT4 (Prop_H6LUT_SLICEM_I0_O)
                                                      0.090     7.478 r  u_accel/u_pool/stk_mask[0][7][3]_i_88/O
                         net (fo=2, routed)           0.461     7.939    u_accel/u_pool/stk_mask[0][7][3]_i_88_n_0
    SLICE_X63Y236        CARRY8 (Prop_CARRY8_SLICEM_DI[1]_CO[7])
                                                      0.120     8.059 r  u_accel/u_pool/stk_mask_reg[0][7][3]_i_17/CO[7]
                         net (fo=1, routed)           0.026     8.085    u_accel/u_pool/stk_mask_reg[0][7][3]_i_17_n_0
    SLICE_X63Y237        CARRY8 (Prop_CARRY8_SLICEM_CI_CO[7])
                                                      0.022     8.107 r  u_accel/u_pool/stk_mask_reg[0][7][3]_i_6/CO[7]
                         net (fo=1, routed)           0.572     8.679    u_accel/u_pool/stk_mask_reg[0][7][3]_i_6_n_0
    SLICE_X66Y242        LUT6 (Prop_E6LUT_SLICEL_I0_O)
                                                      0.035     8.714 r  u_accel/u_pool/stk_mask[0][7][3]_i_3/O
                         net (fo=1, routed)           0.189     8.903    u_accel/u_pool/stk_mask[0][7][3]_i_3_n_0
    SLICE_X66Y246        LUT6 (Prop_H6LUT_SLICEL_I0_O)
                                                      0.036     8.939 r  u_accel/u_pool/stk_mask[0][7][3]_i_2/O
                         net (fo=28, routed)          0.272     9.211    u_accel/u_pool/(null)[3].t
    SLICE_X66Y256        LUT4 (Prop_G6LUT_SLICEL_I3_O)
                                                      0.123     9.334 r  u_accel/u_pool/stk_rpc[0][0][30]_i_53/O
                         net (fo=1, routed)           0.139     9.473    u_accel/u_pool/stk_rpc[0][0][30]_i_53_n_0
    SLICE_X66Y259        LUT6 (Prop_F6LUT_SLICEL_I5_O)
                                                      0.035     9.508 r  u_accel/u_pool/stk_rpc[0][0][30]_i_33/O
                         net (fo=3, routed)           0.412     9.920    u_accel/u_pool/stk_rpc[0][0][30]_i_33_n_0
    SLICE_X65Y262        LUT4 (Prop_F6LUT_SLICEL_I3_O)
                                                      0.049     9.969 r  u_accel/u_pool/stk_rpc[1][0][31]_i_12/O
                         net (fo=2, routed)           0.184    10.153    u_accel/u_pool/stk_rpc[1][0][31]_i_12_n_0
    SLICE_X64Y265        LUT6 (Prop_G6LUT_SLICEM_I5_O)
                                                      0.037    10.190 r  u_accel/u_pool/stk_rpc[3][0][31]_i_7/O
                         net (fo=48, routed)          0.414    10.604    u_accel/u_pool/stk_rpc[3][0][31]_i_7_n_0
    SLICE_X55Y266        LUT4 (Prop_B5LUT_SLICEL_I0_O)
                                                      0.141    10.745 r  u_accel/u_pool/stk_npc[3][1][31]_i_22/O
                         net (fo=1, routed)           0.184    10.929    u_accel/u_pool/stk_npc[3][1][31]_i_22_n_0
    SLICE_X55Y266        LUT6 (Prop_G6LUT_SLICEL_I3_O)
                                                      0.089    11.018 r  u_accel/u_pool/stk_npc[3][1][31]_i_16/O
                         net (fo=3, routed)           0.319    11.336    u_accel/u_pool/stk_npc[3][1][31]_i_16_n_0
    SLICE_X53Y259        LUT5 (Prop_F6LUT_SLICEM_I2_O)
                                                      0.098    11.434 r  u_accel/u_pool/stk_npc[3][1][31]_i_17/O
                         net (fo=2, routed)           0.150    11.584    u_accel/u_pool/stk_npc[3][1][31]_i_17_n_0
    SLICE_X53Y258        LUT6 (Prop_B6LUT_SLICEM_I5_O)
                                                      0.125    11.709 r  u_accel/u_pool/stk_npc[3][1][31]_i_14/O
                         net (fo=1, routed)           0.092    11.801    u_accel/u_pool/stk_npc[3][1][31]_i_14_n_0
    SLICE_X53Y258        LUT5 (Prop_D5LUT_SLICEM_I0_O)
                                                      0.066    11.867 r  u_accel/u_pool/stk_npc[3][1][31]_i_8/O
                         net (fo=1, routed)           0.199    12.066    u_accel/u_pool/stk_npc[3][1][31]_i_8_n_0
    SLICE_X53Y258        LUT4 (Prop_E6LUT_SLICEM_I0_O)
                                                      0.124    12.190 r  u_accel/u_pool/stk_npc[3][1][31]_i_3/O
                         net (fo=1, routed)           0.092    12.282    u_accel/u_pool/stk_npc[3][1][31]_i_3_n_0
    SLICE_X52Y258        LUT4 (Prop_B5LUT_SLICEL_I1_O)
                                                      0.073    12.355 r  u_accel/u_pool/stk_npc[3][1][31]_i_1/O
                         net (fo=32, routed)          0.561    12.916    u_accel/u_pool/stk_npc[3][1][31]_i_1_n_0
    SLICE_X48Y257        FDRE                                         r  u_accel/u_pool/stk_npc_reg[3][1][9]/CE
  -------------------------------------------------------------------    -------------------

                         (clock clk rise edge)       10.000    10.000 r  
    E4                                                0.000    10.000 r  clk (IN)
                         net (fo=0)                   0.000    10.000    clk_IBUF_inst/I
    E4                   INBUF (Prop_INBUF_HDIOB_M_PAD_O)
                                                      0.533    10.533 r  clk_IBUF_inst/INBUF_INST/O
                         net (fo=1, routed)           0.000    10.533    clk_IBUF_inst/OUT
    E4                   IBUFCTRL (Prop_IBUFCTRL_HDIOB_M_I_O)
                                                      0.000    10.533 r  clk_IBUF_inst/IBUFCTRL_INST/O
                         net (fo=1, routed)           0.169    10.702    clk_IBUF
    BUFGCE_HDIO_X2Y2     BUFGCE (Prop_BUFCE_BUFGCE_HDIO_I_O)
                                                      0.024    10.726 r  clk_IBUF_BUFG_inst/O
    X1Y3 (CLOCK_ROOT)    net (fo=26496, routed)       2.351    13.077    u_accel/u_pool/clk
    SLICE_X48Y257        FDRE                                         r  u_accel/u_pool/stk_npc_reg[3][1][9]/C
                         clock pessimism              0.737    13.814    
                         clock uncertainty           -0.035    13.779    
    SLICE_X48Y257        FDRE (Setup_CFF_SLICEL_C_CE)
                                                     -0.060    13.719    u_accel/u_pool/stk_npc_reg[3][1][9]
  -------------------------------------------------------------------
                         required time                         13.719    
                         arrival time                         -12.916    
  -------------------------------------------------------------------
                         slack                                  0.803    





Min Delay Paths
--------------------------------------------------------------------------------------
Slack (MET) :             0.010ns  (arrival time - required time)
  Source:                 u_accel/u_pool/q_frv1_reg[4][23]/C
                            (rising edge-triggered cell FDRE clocked by clk  {rise@0.000ns fall@5.000ns period=10.000ns})
  Destination:            u_accel/u_pool/g_fpu[4].u_fpu/e_reg[4][sgnj][23]_srl4/D
                            (rising edge-triggered cell SRL16E clocked by clk  {rise@0.000ns fall@5.000ns period=10.000ns})
  Path Group:             clk
  Path Type:              Hold (Min at Slow Process Corner)
  Requirement:            0.000ns  (clk rise@0.000ns - clk rise@0.000ns)
  Data Path Delay:        0.317ns  (logic 0.058ns (18.273%)  route 0.259ns (81.727%))
  Logic Levels:           0  
  Clock Path Skew:        0.275ns (DCD - SCD - CPR)
    Destination Clock Delay (DCD):    4.081ns
    Source Clock Delay      (SCD):    3.134ns
    Clock Pessimism Removal (CPR):    0.672ns
  Clock Net Delay (Source):      2.408ns (routing 1.221ns, distribution 1.187ns)
  Clock Net Delay (Destination): 2.809ns (routing 1.343ns, distribution 1.466ns)

    Location             Delay type                Incr(ns)  Path(ns)    Netlist Resource(s)
  -------------------------------------------------------------------    -------------------
                         (clock clk rise edge)        0.000     0.000 r  
    E4                                                0.000     0.000 r  clk (IN)
                         net (fo=0)                   0.000     0.000    clk_IBUF_inst/I
    E4                   INBUF (Prop_INBUF_HDIOB_M_PAD_O)
                                                      0.533     0.533 r  clk_IBUF_inst/INBUF_INST/O
                         net (fo=1, routed)           0.000     0.533    clk_IBUF_inst/OUT
    E4                   IBUFCTRL (Prop_IBUFCTRL_HDIOB_M_I_O)
                                                      0.000     0.533 r  clk_IBUF_inst/IBUFCTRL_INST/O
                         net (fo=1, routed)           0.169     0.702    clk_IBUF
    BUFGCE_HDIO_X2Y2     BUFGCE (Prop_BUFCE_BUFGCE_HDIO_I_O)
                                                      0.024     0.726 r  clk_IBUF_BUFG_inst/O
    X1Y3 (CLOCK_ROOT)    net (fo=26496, routed)       2.408     3.134    u_accel/u_pool/clk
    SLICE_X88Y177        FDRE                                         r  u_accel/u_pool/q_frv1_reg[4][23]/C
  -------------------------------------------------------------------    -------------------
    SLICE_X88Y177        FDRE (Prop_DFF_SLICEM_C_Q)
                                                      0.058     3.192 r  u_accel/u_pool/q_frv1_reg[4][23]/Q
                         net (fo=4, routed)           0.259     3.451    u_accel/u_pool/g_fpu[4].u_fpu/a[23]
    SLICE_X96Y183        SRL16E                                       r  u_accel/u_pool/g_fpu[4].u_fpu/e_reg[4][sgnj][23]_srl4/D
  -------------------------------------------------------------------    -------------------

                         (clock clk rise edge)        0.000     0.000 r  
    E4                                                0.000     0.000 r  clk (IN)
                         net (fo=0)                   0.000     0.000    clk_IBUF_inst/I
    E4                   INBUF (Prop_INBUF_HDIOB_M_PAD_O)
                                                      1.040     1.040 r  clk_IBUF_inst/INBUF_INST/O
                         net (fo=1, routed)           0.000     1.040    clk_IBUF_inst/OUT
    E4                   IBUFCTRL (Prop_IBUFCTRL_HDIOB_M_I_O)
                                                      0.000     1.040 r  clk_IBUF_inst/IBUFCTRL_INST/O
                         net (fo=1, routed)           0.204     1.244    clk_IBUF
    BUFGCE_HDIO_X2Y2     BUFGCE (Prop_BUFCE_BUFGCE_HDIO_I_O)
                                                      0.028     1.272 r  clk_IBUF_BUFG_inst/O
    X1Y3 (CLOCK_ROOT)    net (fo=26496, routed)       2.809     4.081    u_accel/u_pool/g_fpu[4].u_fpu/clk
    SLICE_X96Y183        SRL16E                                       r  u_accel/u_pool/g_fpu[4].u_fpu/e_reg[4][sgnj][23]_srl4/CLK
                         clock pessimism             -0.672     3.409    
    SLICE_X96Y183        SRL16E (Hold_H6LUT_SLICEM_CLK_D)
                                                      0.032     3.441    u_accel/u_pool/g_fpu[4].u_fpu/e_reg[4][sgnj][23]_srl4
  -------------------------------------------------------------------
                         required time                         -3.441    
                         arrival time                           3.451    
  -------------------------------------------------------------------
                         slack                                  0.010    

Slack (MET) :             0.011ns  (arrival time - required time)
  Source:                 u_accel/u_pool/g_fpu[0].u_fpu/e_reg[1][cvt_w][16]/C
                            (rising edge-triggered cell FDSE clocked by clk  {rise@0.000ns fall@5.000ns period=10.000ns})
  Destination:            u_accel/u_pool/g_fpu[0].u_fpu/e_reg[4][cvt_w][16]_srl3/D
                            (rising edge-triggered cell SRL16E clocked by clk  {rise@0.000ns fall@5.000ns period=10.000ns})
  Path Group:             clk
  Path Type:              Hold (Min at Slow Process Corner)
  Requirement:            0.000ns  (clk rise@0.000ns - clk rise@0.000ns)
  Data Path Delay:        0.136ns  (logic 0.058ns (42.647%)  route 0.078ns (57.353%))
  Logic Levels:           0  
  Clock Path Skew:        0.096ns (DCD - SCD - CPR)
    Destination Clock Delay (DCD):    4.167ns
    Source Clock Delay      (SCD):    3.261ns
    Clock Pessimism Removal (CPR):    0.810ns
  Clock Net Delay (Source):      2.535ns (routing 1.221ns, distribution 1.314ns)
  Clock Net Delay (Destination): 2.895ns (routing 1.343ns, distribution 1.552ns)

    Location             Delay type                Incr(ns)  Path(ns)    Netlist Resource(s)
  -------------------------------------------------------------------    -------------------
                         (clock clk rise edge)        0.000     0.000 r  
    E4                                                0.000     0.000 r  clk (IN)
                         net (fo=0)                   0.000     0.000    clk_IBUF_inst/I
    E4                   INBUF (Prop_INBUF_HDIOB_M_PAD_O)
                                                      0.533     0.533 r  clk_IBUF_inst/INBUF_INST/O
                         net (fo=1, routed)           0.000     0.533    clk_IBUF_inst/OUT
    E4                   IBUFCTRL (Prop_IBUFCTRL_HDIOB_M_I_O)
                                                      0.000     0.533 r  clk_IBUF_inst/IBUFCTRL_INST/O
                         net (fo=1, routed)           0.169     0.702    clk_IBUF
    BUFGCE_HDIO_X2Y2     BUFGCE (Prop_BUFCE_BUFGCE_HDIO_I_O)
                                                      0.024     0.726 r  clk_IBUF_BUFG_inst/O
    X1Y3 (CLOCK_ROOT)    net (fo=26496, routed)       2.535     3.261    u_accel/u_pool/g_fpu[0].u_fpu/clk
    SLICE_X109Y123       FDSE                                         r  u_accel/u_pool/g_fpu[0].u_fpu/e_reg[1][cvt_w][16]/C
  -------------------------------------------------------------------    -------------------
    SLICE_X109Y123       FDSE (Prop_HFF_SLICEM_C_Q)
                                                      0.058     3.319 r  u_accel/u_pool/g_fpu[0].u_fpu/e_reg[1][cvt_w][16]/Q
                         net (fo=1, routed)           0.078     3.397    u_accel/u_pool/g_fpu[0].u_fpu/e_reg[1][cvt_w_n_0_][16]
    SLICE_X109Y124       SRL16E                                       r  u_accel/u_pool/g_fpu[0].u_fpu/e_reg[4][cvt_w][16]_srl3/D
  -------------------------------------------------------------------    -------------------

                         (clock clk rise edge)        0.000     0.000 r  
    E4                                                0.000     0.000 r  clk (IN)
                         net (fo=0)                   0.000     0.000    clk_IBUF_inst/I
    E4                   INBUF (Prop_INBUF_HDIOB_M_PAD_O)
                                                      1.040     1.040 r  clk_IBUF_inst/INBUF_INST/O
                         net (fo=1, routed)           0.000     1.040    clk_IBUF_inst/OUT
    E4                   IBUFCTRL (Prop_IBUFCTRL_HDIOB_M_I_O)
                                                      0.000     1.040 r  clk_IBUF_inst/IBUFCTRL_INST/O
                         net (fo=1, routed)           0.204     1.244    clk_IBUF
    BUFGCE_HDIO_X2Y2     BUFGCE (Prop_BUFCE_BUFGCE_HDIO_I_O)
                                                      0.028     1.272 r  clk_IBUF_BUFG_inst/O
    X1Y3 (CLOCK_ROOT)    net (fo=26496, routed)       2.895     4.167    u_accel/u_pool/g_fpu[0].u_fpu/clk
    SLICE_X109Y124       SRL16E                                       r  u_accel/u_pool/g_fpu[0].u_fpu/e_reg[4][cvt_w][16]_srl3/CLK
                         clock pessimism             -0.810     3.357    
    SLICE_X109Y124       SRL16E (Hold_A6LUT_SLICEM_CLK_D)
                                                      0.029     3.386    u_accel/u_pool/g_fpu[0].u_fpu/e_reg[4][cvt_w][16]_srl3
  -------------------------------------------------------------------
                         required time                         -3.386    
                         arrival time                           3.397    
  -------------------------------------------------------------------
                         slack                                  0.011    

Slack (MET) :             0.011ns  (arrival time - required time)
  Source:                 u_accel/u_pool/g_fpu[0].u_fpu/e_reg[1][minmax_h][7]/C
                            (rising edge-triggered cell FDRE clocked by clk  {rise@0.000ns fall@5.000ns period=10.000ns})
  Destination:            u_accel/u_pool/g_fpu[0].u_fpu/e_reg[4][minmax_h][7]_srl3/D
                            (rising edge-triggered cell SRL16E clocked by clk  {rise@0.000ns fall@5.000ns period=10.000ns})
  Path Group:             clk
  Path Type:              Hold (Min at Slow Process Corner)
  Requirement:            0.000ns  (clk rise@0.000ns - clk rise@0.000ns)
  Data Path Delay:        0.179ns  (logic 0.058ns (32.402%)  route 0.121ns (67.598%))
  Logic Levels:           0  
  Clock Path Skew:        0.136ns (DCD - SCD - CPR)
    Destination Clock Delay (DCD):    4.154ns
    Source Clock Delay      (SCD):    3.263ns
    Clock Pessimism Removal (CPR):    0.755ns
  Clock Net Delay (Source):      2.537ns (routing 1.221ns, distribution 1.316ns)
  Clock Net Delay (Destination): 2.882ns (routing 1.343ns, distribution 1.539ns)

    Location             Delay type                Incr(ns)  Path(ns)    Netlist Resource(s)
  -------------------------------------------------------------------    -------------------
                         (clock clk rise edge)        0.000     0.000 r  
    E4                                                0.000     0.000 r  clk (IN)
                         net (fo=0)                   0.000     0.000    clk_IBUF_inst/I
    E4                   INBUF (Prop_INBUF_HDIOB_M_PAD_O)
                                                      0.533     0.533 r  clk_IBUF_inst/INBUF_INST/O
                         net (fo=1, routed)           0.000     0.533    clk_IBUF_inst/OUT
    E4                   IBUFCTRL (Prop_IBUFCTRL_HDIOB_M_I_O)
                                                      0.000     0.533 r  clk_IBUF_inst/IBUFCTRL_INST/O
                         net (fo=1, routed)           0.169     0.702    clk_IBUF
    BUFGCE_HDIO_X2Y2     BUFGCE (Prop_BUFCE_BUFGCE_HDIO_I_O)
                                                      0.024     0.726 r  clk_IBUF_BUFG_inst/O
    X1Y3 (CLOCK_ROOT)    net (fo=26496, routed)       2.537     3.263    u_accel/u_pool/g_fpu[0].u_fpu/clk
    SLICE_X105Y142       FDRE                                         r  u_accel/u_pool/g_fpu[0].u_fpu/e_reg[1][minmax_h][7]/C
  -------------------------------------------------------------------    -------------------
    SLICE_X105Y142       FDRE (Prop_CFF_SLICEM_C_Q)
                                                      0.058     3.321 r  u_accel/u_pool/g_fpu[0].u_fpu/e_reg[1][minmax_h][7]/Q
                         net (fo=1, routed)           0.121     3.442    u_accel/u_pool/g_fpu[0].u_fpu/e_reg[1][minmax_h_n_0_][7]
    SLICE_X109Y142       SRL16E                                       r  u_accel/u_pool/g_fpu[0].u_fpu/e_reg[4][minmax_h][7]_srl3/D
  -------------------------------------------------------------------    -------------------

                         (clock clk rise edge)        0.000     0.000 r  
    E4                                                0.000     0.000 r  clk (IN)
                         net (fo=0)                   0.000     0.000    clk_IBUF_inst/I
    E4                   INBUF (Prop_INBUF_HDIOB_M_PAD_O)
                                                      1.040     1.040 r  clk_IBUF_inst/INBUF_INST/O
                         net (fo=1, routed)           0.000     1.040    clk_IBUF_inst/OUT
    E4                   IBUFCTRL (Prop_IBUFCTRL_HDIOB_M_I_O)
                                                      0.000     1.040 r  clk_IBUF_inst/IBUFCTRL_INST/O
                         net (fo=1, routed)           0.204     1.244    clk_IBUF
    BUFGCE_HDIO_X2Y2     BUFGCE (Prop_BUFCE_BUFGCE_HDIO_I_O)
                                                      0.028     1.272 r  clk_IBUF_BUFG_inst/O
    X1Y3 (CLOCK_ROOT)    net (fo=26496, routed)       2.882     4.154    u_accel/u_pool/g_fpu[0].u_fpu/clk
    SLICE_X109Y142       SRL16E                                       r  u_accel/u_pool/g_fpu[0].u_fpu/e_reg[4][minmax_h][7]_srl3/CLK
                         clock pessimism             -0.755     3.399    
    SLICE_X109Y142       SRL16E (Hold_H6LUT_SLICEM_CLK_D)
                                                      0.032     3.431    u_accel/u_pool/g_fpu[0].u_fpu/e_reg[4][minmax_h][7]_srl3
  -------------------------------------------------------------------
                         required time                         -3.431    
                         arrival time                           3.442    
  -------------------------------------------------------------------
                         slack                                  0.011    

Slack (MET) :             0.011ns  (arrival time - required time)
  Source:                 u_accel/u_pool/g_fpu[0].u_fpu/e_reg[1][cvt_w][11]/C
                            (rising edge-triggered cell FDSE clocked by clk  {rise@0.000ns fall@5.000ns period=10.000ns})
  Destination:            u_accel/u_pool/g_fpu[0].u_fpu/e_reg[4][cvt_w][11]_srl3/D
                            (rising edge-triggered cell SRL16E clocked by clk  {rise@0.000ns fall@5.000ns period=10.000ns})
  Path Group:             clk
  Path Type:              Hold (Min at Slow Process Corner)
  Requirement:            0.000ns  (clk rise@0.000ns - clk rise@0.000ns)
  Data Path Delay:        0.252ns  (logic 0.058ns (23.016%)  route 0.194ns (76.984%))
  Logic Levels:           0  
  Clock Path Skew:        0.187ns (DCD - SCD - CPR)
    Destination Clock Delay (DCD):    4.154ns
    Source Clock Delay      (SCD):    3.276ns
    Clock Pessimism Removal (CPR):    0.691ns
  Clock Net Delay (Source):      2.550ns (routing 1.221ns, distribution 1.329ns)
  Clock Net Delay (Destination): 2.882ns (routing 1.343ns, distribution 1.539ns)

    Location             Delay type                Incr(ns)  Path(ns)    Netlist Resource(s)
  -------------------------------------------------------------------    -------------------
                         (clock clk rise edge)        0.000     0.000 r  
    E4                                                0.000     0.000 r  clk (IN)
                         net (fo=0)                   0.000     0.000    clk_IBUF_inst/I
    E4                   INBUF (Prop_INBUF_HDIOB_M_PAD_O)
                                                      0.533     0.533 r  clk_IBUF_inst/INBUF_INST/O
                         net (fo=1, routed)           0.000     0.533    clk_IBUF_inst/OUT
    E4                   IBUFCTRL (Prop_IBUFCTRL_HDIOB_M_I_O)
                                                      0.000     0.533 r  clk_IBUF_inst/IBUFCTRL_INST/O
                         net (fo=1, routed)           0.169     0.702    clk_IBUF
    BUFGCE_HDIO_X2Y2     BUFGCE (Prop_BUFCE_BUFGCE_HDIO_I_O)
                                                      0.024     0.726 r  clk_IBUF_BUFG_inst/O
    X1Y3 (CLOCK_ROOT)    net (fo=26496, routed)       2.550     3.276    u_accel/u_pool/g_fpu[0].u_fpu/clk
    SLICE_X109Y118       FDSE                                         r  u_accel/u_pool/g_fpu[0].u_fpu/e_reg[1][cvt_w][11]/C
  -------------------------------------------------------------------    -------------------
    SLICE_X109Y118       FDSE (Prop_DFF_SLICEM_C_Q)
                                                      0.058     3.334 r  u_accel/u_pool/g_fpu[0].u_fpu/e_reg[1][cvt_w][11]/Q
                         net (fo=1, routed)           0.194     3.528    u_accel/u_pool/g_fpu[0].u_fpu/e_reg[1][cvt_w_n_0_][11]
    SLICE_X109Y128       SRL16E                                       r  u_accel/u_pool/g_fpu[0].u_fpu/e_reg[4][cvt_w][11]_srl3/D
  -------------------------------------------------------------------    -------------------

                         (clock clk rise edge)        0.000     0.000 r  
    E4                                                0.000     0.000 r  clk (IN)
                         net (fo=0)                   0.000     0.000    clk_IBUF_inst/I
    E4                   INBUF (Prop_INBUF_HDIOB_M_PAD_O)
                                                      1.040     1.040 r  clk_IBUF_inst/INBUF_INST/O
                         net (fo=1, routed)           0.000     1.040    clk_IBUF_inst/OUT
    E4                   IBUFCTRL (Prop_IBUFCTRL_HDIOB_M_I_O)
                                                      0.000     1.040 r  clk_IBUF_inst/IBUFCTRL_INST/O
                         net (fo=1, routed)           0.204     1.244    clk_IBUF
    BUFGCE_HDIO_X2Y2     BUFGCE (Prop_BUFCE_BUFGCE_HDIO_I_O)
                                                      0.028     1.272 r  clk_IBUF_BUFG_inst/O
    X1Y3 (CLOCK_ROOT)    net (fo=26496, routed)       2.882     4.154    u_accel/u_pool/g_fpu[0].u_fpu/clk
    SLICE_X109Y128       SRL16E                                       r  u_accel/u_pool/g_fpu[0].u_fpu/e_reg[4][cvt_w][11]_srl3/CLK
                         clock pessimism             -0.691     3.463    
    SLICE_X109Y128       SRL16E (Hold_D5LUT_SLICEM_CLK_D)
                                                      0.054     3.517    u_accel/u_pool/g_fpu[0].u_fpu/e_reg[4][cvt_w][11]_srl3
  -------------------------------------------------------------------
                         required time                         -3.517    
                         arrival time                           3.528    
  -------------------------------------------------------------------
                         slack                                  0.011    

Slack (MET) :             0.012ns  (arrival time - required time)
  Source:                 u_accel/u_pool/g_fpu[0].u_fpu/e_reg[1][f_sigc][8]/C
                            (rising edge-triggered cell FDRE clocked by clk  {rise@0.000ns fall@5.000ns period=10.000ns})
  Destination:            u_accel/u_pool/g_fpu[0].u_fpu/e_reg[3][f_sigc][8]_srl2/D
                            (rising edge-triggered cell SRL16E clocked by clk  {rise@0.000ns fall@5.000ns period=10.000ns})
  Path Group:             clk
  Path Type:              Hold (Min at Slow Process Corner)
  Requirement:            0.000ns  (clk rise@0.000ns - clk rise@0.000ns)
  Data Path Delay:        0.364ns  (logic 0.060ns (16.484%)  route 0.304ns (83.517%))
  Logic Levels:           0  
  Clock Path Skew:        0.297ns (DCD - SCD - CPR)
    Destination Clock Delay (DCD):    4.191ns
    Source Clock Delay      (SCD):    3.226ns
    Clock Pessimism Removal (CPR):    0.668ns
  Clock Net Delay (Source):      2.500ns (routing 1.221ns, distribution 1.279ns)
  Clock Net Delay (Destination): 2.919ns (routing 1.343ns, distribution 1.576ns)

    Location             Delay type                Incr(ns)  Path(ns)    Netlist Resource(s)
  -------------------------------------------------------------------    -------------------
                         (clock clk rise edge)        0.000     0.000 r  
    E4                                                0.000     0.000 r  clk (IN)
                         net (fo=0)                   0.000     0.000    clk_IBUF_inst/I
    E4                   INBUF (Prop_INBUF_HDIOB_M_PAD_O)
                                                      0.533     0.533 r  clk_IBUF_inst/INBUF_INST/O
                         net (fo=1, routed)           0.000     0.533    clk_IBUF_inst/OUT
    E4                   IBUFCTRL (Prop_IBUFCTRL_HDIOB_M_I_O)
                                                      0.000     0.533 r  clk_IBUF_inst/IBUFCTRL_INST/O
                         net (fo=1, routed)           0.169     0.702    clk_IBUF
    BUFGCE_HDIO_X2Y2     BUFGCE (Prop_BUFCE_BUFGCE_HDIO_I_O)
                                                      0.024     0.726 r  clk_IBUF_BUFG_inst/O
    X1Y3 (CLOCK_ROOT)    net (fo=26496, routed)       2.500     3.226    u_accel/u_pool/g_fpu[0].u_fpu/clk
    SLICE_X108Y212       FDRE                                         r  u_accel/u_pool/g_fpu[0].u_fpu/e_reg[1][f_sigc][8]/C
  -------------------------------------------------------------------    -------------------
    SLICE_X108Y212       FDRE (Prop_FFF2_SLICEL_C_Q)
                                                      0.060     3.286 r  u_accel/u_pool/g_fpu[0].u_fpu/e_reg[1][f_sigc][8]/Q
                         net (fo=1, routed)           0.304     3.590    u_accel/u_pool/g_fpu[0].u_fpu/e_reg[1][f_sigc_n_0_][8]
    SLICE_X109Y243       SRL16E                                       r  u_accel/u_pool/g_fpu[0].u_fpu/e_reg[3][f_sigc][8]_srl2/D
  -------------------------------------------------------------------    -------------------

                         (clock clk rise edge)        0.000     0.000 r  
    E4                                                0.000     0.000 r  clk (IN)
                         net (fo=0)                   0.000     0.000    clk_IBUF_inst/I
    E4                   INBUF (Prop_INBUF_HDIOB_M_PAD_O)
                                                      1.040     1.040 r  clk_IBUF_inst/INBUF_INST/O
                         net (fo=1, routed)           0.000     1.040    clk_IBUF_inst/OUT
    E4                   IBUFCTRL (Prop_IBUFCTRL_HDIOB_M_I_O)
                                                      0.000     1.040 r  clk_IBUF_inst/IBUFCTRL_INST/O
                         net (fo=1, routed)           0.204     1.244    clk_IBUF
    BUFGCE_HDIO_X2Y2     BUFGCE (Prop_BUFCE_BUFGCE_HDIO_I_O)
                                                      0.028     1.272 r  clk_IBUF_BUFG_inst/O
    X1Y3 (CLOCK_ROOT)    net (fo=26496, routed)       2.919     4.191    u_accel/u_pool/g_fpu[0].u_fpu/clk
    SLICE_X109Y243       SRL16E                                       r  u_accel/u_pool/g_fpu[0].u_fpu/e_reg[3][f_sigc][8]_srl2/CLK
                         clock pessimism             -0.668     3.523    
    SLICE_X109Y243       SRL16E (Hold_A5LUT_SLICEM_CLK_D)
                                                      0.055     3.578    u_accel/u_pool/g_fpu[0].u_fpu/e_reg[3][f_sigc][8]_srl2
  -------------------------------------------------------------------
                         required time                         -3.578    
                         arrival time                           3.590    
  -------------------------------------------------------------------
                         slack                                  0.012    

Slack (MET) :             0.013ns  (arrival time - required time)
  Source:                 u_accel/cyc_count_reg[16]/C
                            (rising edge-triggered cell FDRE clocked by clk  {rise@0.000ns fall@5.000ns period=10.000ns})
  Destination:            u_accel/cycles_reg[16]/D
                            (rising edge-triggered cell FDRE clocked by clk  {rise@0.000ns fall@5.000ns period=10.000ns})
  Path Group:             clk
  Path Type:              Hold (Min at Slow Process Corner)
  Requirement:            0.000ns  (clk rise@0.000ns - clk rise@0.000ns)
  Data Path Delay:        0.197ns  (logic 0.090ns (45.685%)  route 0.107ns (54.315%))
  Logic Levels:           1  (CARRY8=1)
  Clock Path Skew:        0.124ns (DCD - SCD - CPR)
    Destination Clock Delay (DCD):    4.101ns
    Source Clock Delay      (SCD):    3.233ns
    Clock Pessimism Removal (CPR):    0.745ns
  Clock Net Delay (Source):      2.507ns (routing 1.221ns, distribution 1.286ns)
  Clock Net Delay (Destination): 2.829ns (routing 1.343ns, distribution 1.486ns)

    Location             Delay type                Incr(ns)  Path(ns)    Netlist Resource(s)
  -------------------------------------------------------------------    -------------------
                         (clock clk rise edge)        0.000     0.000 r  
    E4                                                0.000     0.000 r  clk (IN)
                         net (fo=0)                   0.000     0.000    clk_IBUF_inst/I
    E4                   INBUF (Prop_INBUF_HDIOB_M_PAD_O)
                                                      0.533     0.533 r  clk_IBUF_inst/INBUF_INST/O
                         net (fo=1, routed)           0.000     0.533    clk_IBUF_inst/OUT
    E4                   IBUFCTRL (Prop_IBUFCTRL_HDIOB_M_I_O)
                                                      0.000     0.533 r  clk_IBUF_inst/IBUFCTRL_INST/O
                         net (fo=1, routed)           0.169     0.702    clk_IBUF
    BUFGCE_HDIO_X2Y2     BUFGCE (Prop_BUFCE_BUFGCE_HDIO_I_O)
                                                      0.024     0.726 r  clk_IBUF_BUFG_inst/O
    X1Y3 (CLOCK_ROOT)    net (fo=26496, routed)       2.507     3.233    u_accel/clk
    SLICE_X14Y242        FDRE                                         r  u_accel/cyc_count_reg[16]/C
  -------------------------------------------------------------------    -------------------
    SLICE_X14Y242        FDRE (Prop_DFF2_SLICEL_C_Q)
                                                      0.061     3.294 r  u_accel/cyc_count_reg[16]/Q
                         net (fo=1, routed)           0.097     3.391    u_accel/cyc_count_reg_n_0_[16]
    SLICE_X15Y242        CARRY8 (Prop_CARRY8_SLICEM_S[7]_O[7])
                                                      0.029     3.420 r  u_accel/cycles_reg[16]_i_1/O[7]
                         net (fo=2, routed)           0.010     3.430    u_accel/cycles_reg[16]_i_1_n_8
    SLICE_X15Y242        FDRE                                         r  u_accel/cycles_reg[16]/D
  -------------------------------------------------------------------    -------------------

                         (clock clk rise edge)        0.000     0.000 r  
    E4                                                0.000     0.000 r  clk (IN)
                         net (fo=0)                   0.000     0.000    clk_IBUF_inst/I
    E4                   INBUF (Prop_INBUF_HDIOB_M_PAD_O)
                                                      1.040     1.040 r  clk_IBUF_inst/INBUF_INST/O
                         net (fo=1, routed)           0.000     1.040    clk_IBUF_inst/OUT
    E4                   IBUFCTRL (Prop_IBUFCTRL_HDIOB_M_I_O)
                                                      0.000     1.040 r  clk_IBUF_inst/IBUFCTRL_INST/O
                         net (fo=1, routed)           0.204     1.244    clk_IBUF
    BUFGCE_HDIO_X2Y2     BUFGCE (Prop_BUFCE_BUFGCE_HDIO_I_O)
                                                      0.028     1.272 r  clk_IBUF_BUFG_inst/O
    X1Y3 (CLOCK_ROOT)    net (fo=26496, routed)       2.829     4.101    u_accel/clk
    SLICE_X15Y242        FDRE                                         r  u_accel/cycles_reg[16]/C
                         clock pessimism             -0.745     3.357    
    SLICE_X15Y242        FDRE (Hold_HFF_SLICEM_C_D)
                                                      0.060     3.417    u_accel/cycles_reg[16]
  -------------------------------------------------------------------
                         required time                         -3.417    
                         arrival time                           3.430    
  -------------------------------------------------------------------
                         slack                                  0.013    

Slack (MET) :             0.014ns  (arrival time - required time)
  Source:                 u_accel/u_pool/g_fpu[1].u_fpu/e_reg[1][f_fma_specval][17]/C
                            (rising edge-triggered cell FDRE clocked by clk  {rise@0.000ns fall@5.000ns period=10.000ns})
  Destination:            u_accel/u_pool/g_fpu[1].u_fpu/e_reg[4][f_fma_specval][17]_srl3/D
                            (rising edge-triggered cell SRL16E clocked by clk  {rise@0.000ns fall@5.000ns period=10.000ns})
  Path Group:             clk
  Path Type:              Hold (Min at Slow Process Corner)
  Requirement:            0.000ns  (clk rise@0.000ns - clk rise@0.000ns)
  Data Path Delay:        0.252ns  (logic 0.060ns (23.810%)  route 0.192ns (76.190%))
  Logic Levels:           0  
  Clock Path Skew:        0.209ns (DCD - SCD - CPR)
    Destination Clock Delay (DCD):    4.029ns
    Source Clock Delay      (SCD):    3.083ns
    Clock Pessimism Removal (CPR):    0.737ns
  Clock Net Delay (Source):      2.357ns (routing 1.221ns, distribution 1.136ns)
  Clock Net Delay (Destination): 2.757ns (routing 1.343ns, distribution 1.414ns)

    Location             Delay type                Incr(ns)  Path(ns)    Netlist Resource(s)
  -------------------------------------------------------------------    -------------------
                         (clock clk rise edge)        0.000     0.000 r  
    E4                                                0.000     0.000 r  clk (IN)
                         net (fo=0)                   0.000     0.000    clk_IBUF_inst/I
    E4                   INBUF (Prop_INBUF_HDIOB_M_PAD_O)
                                                      0.533     0.533 r  clk_IBUF_inst/INBUF_INST/O
                         net (fo=1, routed)           0.000     0.533    clk_IBUF_inst/OUT
    E4                   IBUFCTRL (Prop_IBUFCTRL_HDIOB_M_I_O)
                                                      0.000     0.533 r  clk_IBUF_inst/IBUFCTRL_INST/O
                         net (fo=1, routed)           0.169     0.702    clk_IBUF
    BUFGCE_HDIO_X2Y2     BUFGCE (Prop_BUFCE_BUFGCE_HDIO_I_O)
                                                      0.024     0.726 r  clk_IBUF_BUFG_inst/O
    X1Y3 (CLOCK_ROOT)    net (fo=26496, routed)       2.357     3.083    u_accel/u_pool/g_fpu[1].u_fpu/clk
    SLICE_X46Y244        FDRE                                         r  u_accel/u_pool/g_fpu[1].u_fpu/e_reg[1][f_fma_specval][17]/C
  -------------------------------------------------------------------    -------------------
    SLICE_X46Y244        FDRE (Prop_AFF2_SLICEM_C_Q)
                                                      0.060     3.143 r  u_accel/u_pool/g_fpu[1].u_fpu/e_reg[1][f_fma_specval][17]/Q
                         net (fo=1, routed)           0.192     3.335    u_accel/u_pool/g_fpu[1].u_fpu/e_reg[1][f_fma_specval_n_0_][17]
    SLICE_X39Y244        SRL16E                                       r  u_accel/u_pool/g_fpu[1].u_fpu/e_reg[4][f_fma_specval][17]_srl3/D
  -------------------------------------------------------------------    -------------------

                         (clock clk rise edge)        0.000     0.000 r  
    E4                                                0.000     0.000 r  clk (IN)
                         net (fo=0)                   0.000     0.000    clk_IBUF_inst/I
    E4                   INBUF (Prop_INBUF_HDIOB_M_PAD_O)
                                                      1.040     1.040 r  clk_IBUF_inst/INBUF_INST/O
                         net (fo=1, routed)           0.000     1.040    clk_IBUF_inst/OUT
    E4                   IBUFCTRL (Prop_IBUFCTRL_HDIOB_M_I_O)
                                                      0.000     1.040 r  clk_IBUF_inst/IBUFCTRL_INST/O
                         net (fo=1, routed)           0.204     1.244    clk_IBUF
    BUFGCE_HDIO_X2Y2     BUFGCE (Prop_BUFCE_BUFGCE_HDIO_I_O)
                                                      0.028     1.272 r  clk_IBUF_BUFG_inst/O
    X1Y3 (CLOCK_ROOT)    net (fo=26496, routed)       2.757     4.029    u_accel/u_pool/g_fpu[1].u_fpu/clk
    SLICE_X39Y244        SRL16E                                       r  u_accel/u_pool/g_fpu[1].u_fpu/e_reg[4][f_fma_specval][17]_srl3/CLK
                         clock pessimism             -0.737     3.292    
    SLICE_X39Y244        SRL16E (Hold_B6LUT_SLICEM_CLK_D)
                                                      0.029     3.321    u_accel/u_pool/g_fpu[1].u_fpu/e_reg[4][f_fma_specval][17]_srl3
  -------------------------------------------------------------------
                         required time                         -3.321    
                         arrival time                           3.335    
  -------------------------------------------------------------------
                         slack                                  0.014    

Slack (MET) :             0.014ns  (arrival time - required time)
  Source:                 u_accel/u_pool/g_fpu[0].u_fpu/e_reg[1][minmax][1]/C
                            (rising edge-triggered cell FDRE clocked by clk  {rise@0.000ns fall@5.000ns period=10.000ns})
  Destination:            u_accel/u_pool/g_fpu[0].u_fpu/e_reg[4][minmax][1]_srl3/D
                            (rising edge-triggered cell SRL16E clocked by clk  {rise@0.000ns fall@5.000ns period=10.000ns})
  Path Group:             clk
  Path Type:              Hold (Min at Slow Process Corner)
  Requirement:            0.000ns  (clk rise@0.000ns - clk rise@0.000ns)
  Data Path Delay:        0.186ns  (logic 0.059ns (31.720%)  route 0.127ns (68.280%))
  Logic Levels:           0  
  Clock Path Skew:        0.143ns (DCD - SCD - CPR)
    Destination Clock Delay (DCD):    4.155ns
    Source Clock Delay      (SCD):    3.257ns
    Clock Pessimism Removal (CPR):    0.755ns
  Clock Net Delay (Source):      2.531ns (routing 1.221ns, distribution 1.310ns)
  Clock Net Delay (Destination): 2.883ns (routing 1.343ns, distribution 1.540ns)

    Location             Delay type                Incr(ns)  Path(ns)    Netlist Resource(s)
  -------------------------------------------------------------------    -------------------
                         (clock clk rise edge)        0.000     0.000 r  
    E4                                                0.000     0.000 r  clk (IN)
                         net (fo=0)                   0.000     0.000    clk_IBUF_inst/I
    E4                   INBUF (Prop_INBUF_HDIOB_M_PAD_O)
                                                      0.533     0.533 r  clk_IBUF_inst/INBUF_INST/O
                         net (fo=1, routed)           0.000     0.533    clk_IBUF_inst/OUT
    E4                   IBUFCTRL (Prop_IBUFCTRL_HDIOB_M_I_O)
                                                      0.000     0.533 r  clk_IBUF_inst/IBUFCTRL_INST/O
                         net (fo=1, routed)           0.169     0.702    clk_IBUF
    BUFGCE_HDIO_X2Y2     BUFGCE (Prop_BUFCE_BUFGCE_HDIO_I_O)
                                                      0.024     0.726 r  clk_IBUF_BUFG_inst/O
    X1Y3 (CLOCK_ROOT)    net (fo=26496, routed)       2.531     3.257    u_accel/u_pool/g_fpu[0].u_fpu/clk
    SLICE_X106Y141       FDRE                                         r  u_accel/u_pool/g_fpu[0].u_fpu/e_reg[1][minmax][1]/C
  -------------------------------------------------------------------    -------------------
    SLICE_X106Y141       FDRE (Prop_DFF_SLICEL_C_Q)
                                                      0.059     3.316 r  u_accel/u_pool/g_fpu[0].u_fpu/e_reg[1][minmax][1]/Q
                         net (fo=1, routed)           0.127     3.443    u_accel/u_pool/g_fpu[0].u_fpu/e_reg[1][minmax_n_0_][1]
    SLICE_X109Y141       SRL16E                                       r  u_accel/u_pool/g_fpu[0].u_fpu/e_reg[4][minmax][1]_srl3/D
  -------------------------------------------------------------------    -------------------

                         (clock clk rise edge)        0.000     0.000 r  
    E4                                                0.000     0.000 r  clk (IN)
                         net (fo=0)                   0.000     0.000    clk_IBUF_inst/I
    E4                   INBUF (Prop_INBUF_HDIOB_M_PAD_O)
                                                      1.040     1.040 r  clk_IBUF_inst/INBUF_INST/O
                         net (fo=1, routed)           0.000     1.040    clk_IBUF_inst/OUT
    E4                   IBUFCTRL (Prop_IBUFCTRL_HDIOB_M_I_O)
                                                      0.000     1.040 r  clk_IBUF_inst/IBUFCTRL_INST/O
                         net (fo=1, routed)           0.204     1.244    clk_IBUF
    BUFGCE_HDIO_X2Y2     BUFGCE (Prop_BUFCE_BUFGCE_HDIO_I_O)
                                                      0.028     1.272 r  clk_IBUF_BUFG_inst/O
    X1Y3 (CLOCK_ROOT)    net (fo=26496, routed)       2.883     4.155    u_accel/u_pool/g_fpu[0].u_fpu/clk
    SLICE_X109Y141       SRL16E                                       r  u_accel/u_pool/g_fpu[0].u_fpu/e_reg[4][minmax][1]_srl3/CLK
                         clock pessimism             -0.755     3.400    
    SLICE_X109Y141       SRL16E (Hold_B6LUT_SLICEM_CLK_D)
                                                      0.029     3.429    u_accel/u_pool/g_fpu[0].u_fpu/e_reg[4][minmax][1]_srl3
  -------------------------------------------------------------------
                         required time                         -3.429    
                         arrival time                           3.443    
  -------------------------------------------------------------------
                         slack                                  0.014    

Slack (MET) :             0.014ns  (arrival time - required time)
  Source:                 u_accel/u_pool/g_fpu[1].u_fpu/e_reg[1][f_fma_specval][14]/C
                            (rising edge-triggered cell FDRE clocked by clk  {rise@0.000ns fall@5.000ns period=10.000ns})
  Destination:            u_accel/u_pool/g_fpu[1].u_fpu/e_reg[4][f_fma_specval][14]_srl3/D
                            (rising edge-triggered cell SRL16E clocked by clk  {rise@0.000ns fall@5.000ns period=10.000ns})
  Path Group:             clk
  Path Type:              Hold (Min at Slow Process Corner)
  Requirement:            0.000ns  (clk rise@0.000ns - clk rise@0.000ns)
  Data Path Delay:        0.298ns  (logic 0.058ns (19.463%)  route 0.240ns (80.537%))
  Logic Levels:           0  
  Clock Path Skew:        0.237ns (DCD - SCD - CPR)
    Destination Clock Delay (DCD):    4.051ns
    Source Clock Delay      (SCD):    3.077ns
    Clock Pessimism Removal (CPR):    0.737ns
  Clock Net Delay (Source):      2.351ns (routing 1.221ns, distribution 1.130ns)
  Clock Net Delay (Destination): 2.778ns (routing 1.343ns, distribution 1.435ns)

    Location             Delay type                Incr(ns)  Path(ns)    Netlist Resource(s)
  -------------------------------------------------------------------    -------------------
                         (clock clk rise edge)        0.000     0.000 r  
    E4                                                0.000     0.000 r  clk (IN)
                         net (fo=0)                   0.000     0.000    clk_IBUF_inst/I
    E4                   INBUF (Prop_INBUF_HDIOB_M_PAD_O)
                                                      0.533     0.533 r  clk_IBUF_inst/INBUF_INST/O
                         net (fo=1, routed)           0.000     0.533    clk_IBUF_inst/OUT
    E4                   IBUFCTRL (Prop_IBUFCTRL_HDIOB_M_I_O)
                                                      0.000     0.533 r  clk_IBUF_inst/IBUFCTRL_INST/O
                         net (fo=1, routed)           0.169     0.702    clk_IBUF
    BUFGCE_HDIO_X2Y2     BUFGCE (Prop_BUFCE_BUFGCE_HDIO_I_O)
                                                      0.024     0.726 r  clk_IBUF_BUFG_inst/O
    X1Y3 (CLOCK_ROOT)    net (fo=26496, routed)       2.351     3.077    u_accel/u_pool/g_fpu[1].u_fpu/clk
    SLICE_X50Y246        FDRE                                         r  u_accel/u_pool/g_fpu[1].u_fpu/e_reg[1][f_fma_specval][14]/C
  -------------------------------------------------------------------    -------------------
    SLICE_X50Y246        FDRE (Prop_EFF_SLICEM_C_Q)
                                                      0.058     3.135 r  u_accel/u_pool/g_fpu[1].u_fpu/e_reg[1][f_fma_specval][14]/Q
                         net (fo=1, routed)           0.240     3.375    u_accel/u_pool/g_fpu[1].u_fpu/e_reg[1][f_fma_specval_n_0_][14]
    SLICE_X39Y246        SRL16E                                       r  u_accel/u_pool/g_fpu[1].u_fpu/e_reg[4][f_fma_specval][14]_srl3/D
  -------------------------------------------------------------------    -------------------

                         (clock clk rise edge)        0.000     0.000 r  
    E4                                                0.000     0.000 r  clk (IN)
                         net (fo=0)                   0.000     0.000    clk_IBUF_inst/I
    E4                   INBUF (Prop_INBUF_HDIOB_M_PAD_O)
                                                      1.040     1.040 r  clk_IBUF_inst/INBUF_INST/O
                         net (fo=1, routed)           0.000     1.040    clk_IBUF_inst/OUT
    E4                   IBUFCTRL (Prop_IBUFCTRL_HDIOB_M_I_O)
                                                      0.000     1.040 r  clk_IBUF_inst/IBUFCTRL_INST/O
                         net (fo=1, routed)           0.204     1.244    clk_IBUF
    BUFGCE_HDIO_X2Y2     BUFGCE (Prop_BUFCE_BUFGCE_HDIO_I_O)
                                                      0.028     1.272 r  clk_IBUF_BUFG_inst/O
    X1Y3 (CLOCK_ROOT)    net (fo=26496, routed)       2.778     4.051    u_accel/u_pool/g_fpu[1].u_fpu/clk
    SLICE_X39Y246        SRL16E                                       r  u_accel/u_pool/g_fpu[1].u_fpu/e_reg[4][f_fma_specval][14]_srl3/CLK
                         clock pessimism             -0.737     3.314    
    SLICE_X39Y246        SRL16E (Hold_G5LUT_SLICEM_CLK_D)
                                                      0.047     3.361    u_accel/u_pool/g_fpu[1].u_fpu/e_reg[4][f_fma_specval][14]_srl3
  -------------------------------------------------------------------
                         required time                         -3.361    
                         arrival time                           3.375    
  -------------------------------------------------------------------
                         slack                                  0.014    

Slack (MET) :             0.014ns  (arrival time - required time)
  Source:                 u_accel/u_pool/next_wid_reg[2]/C
                            (rising edge-triggered cell FDRE clocked by clk  {rise@0.000ns fall@5.000ns period=10.000ns})
  Destination:            u_accel/u_pool/next_wid_reg[8]/D
                            (rising edge-triggered cell FDRE clocked by clk  {rise@0.000ns fall@5.000ns period=10.000ns})
  Path Group:             clk
  Path Type:              Hold (Min at Slow Process Corner)
  Requirement:            0.000ns  (clk rise@0.000ns - clk rise@0.000ns)
  Data Path Delay:        0.273ns  (logic 0.181ns (66.202%)  route 0.092ns (33.798%))
  Logic Levels:           2  (CARRY8=2)
  Clock Path Skew:        0.199ns (DCD - SCD - CPR)
    Destination Clock Delay (DCD):    3.862ns
    Source Clock Delay      (SCD):    2.994ns
    Clock Pessimism Removal (CPR):    0.668ns
  Clock Net Delay (Source):      2.268ns (routing 1.221ns, distribution 1.047ns)
  Clock Net Delay (Destination): 2.589ns (routing 1.343ns, distribution 1.246ns)

    Location             Delay type                Incr(ns)  Path(ns)    Netlist Resource(s)
  -------------------------------------------------------------------    -------------------
                         (clock clk rise edge)        0.000     0.000 r  
    E4                                                0.000     0.000 r  clk (IN)
                         net (fo=0)                   0.000     0.000    clk_IBUF_inst/I
    E4                   INBUF (Prop_INBUF_HDIOB_M_PAD_O)
                                                      0.533     0.533 r  clk_IBUF_inst/INBUF_INST/O
                         net (fo=1, routed)           0.000     0.533    clk_IBUF_inst/OUT
    E4                   IBUFCTRL (Prop_IBUFCTRL_HDIOB_M_I_O)
                                                      0.000     0.533 r  clk_IBUF_inst/IBUFCTRL_INST/O
                         net (fo=1, routed)           0.169     0.702    clk_IBUF
    BUFGCE_HDIO_X2Y2     BUFGCE (Prop_BUFCE_BUFGCE_HDIO_I_O)
                                                      0.024     0.726 r  clk_IBUF_BUFG_inst/O
    X1Y3 (CLOCK_ROOT)    net (fo=26496, routed)       2.268     2.994    u_accel/u_pool/clk
    SLICE_X64Y239        FDRE                                         r  u_accel/u_pool/next_wid_reg[2]/C
  -------------------------------------------------------------------    -------------------
    SLICE_X64Y239        FDRE (Prop_CFF_SLICEM_C_Q)
                                                      0.058     3.052 r  u_accel/u_pool/next_wid_reg[2]/Q
                         net (fo=21, routed)          0.079     3.132    u_accel/u_pool/next_wid_reg[2]
    SLICE_X64Y239        CARRY8 (Prop_CARRY8_SLICEM_S[2]_CO[7])
                                                      0.092     3.224 r  u_accel/u_pool/next_wid_reg[0]_i_2/CO[7]
                         net (fo=1, routed)           0.004     3.228    u_accel/u_pool/next_wid_reg[0]_i_2_n_0
    SLICE_X64Y240        CARRY8 (Prop_CARRY8_SLICEM_CI_O[0])
                                                      0.031     3.259 r  u_accel/u_pool/next_wid_reg[8]_i_1/O[0]
                         net (fo=1, routed)           0.009     3.268    u_accel/u_pool/next_wid_reg[8]_i_1_n_15
    SLICE_X64Y240        FDRE                                         r  u_accel/u_pool/next_wid_reg[8]/D
  -------------------------------------------------------------------    -------------------

                         (clock clk rise edge)        0.000     0.000 r  
    E4                                                0.000     0.000 r  clk (IN)
                         net (fo=0)                   0.000     0.000    clk_IBUF_inst/I
    E4                   INBUF (Prop_INBUF_HDIOB_M_PAD_O)
                                                      1.040     1.040 r  clk_IBUF_inst/INBUF_INST/O
                         net (fo=1, routed)           0.000     1.040    clk_IBUF_inst/OUT
    E4                   IBUFCTRL (Prop_IBUFCTRL_HDIOB_M_I_O)
                                                      0.000     1.040 r  clk_IBUF_inst/IBUFCTRL_INST/O
                         net (fo=1, routed)           0.204     1.244    clk_IBUF
    BUFGCE_HDIO_X2Y2     BUFGCE (Prop_BUFCE_BUFGCE_HDIO_I_O)
                                                      0.028     1.272 r  clk_IBUF_BUFG_inst/O
    X1Y3 (CLOCK_ROOT)    net (fo=26496, routed)       2.589     3.862    u_accel/u_pool/clk
    SLICE_X64Y240        FDRE                                         r  u_accel/u_pool/next_wid_reg[8]/C
                         clock pessimism             -0.668     3.193    
    SLICE_X64Y240        FDRE (Hold_AFF_SLICEM_C_D)
                                                      0.060     3.253    u_accel/u_pool/next_wid_reg[8]
  -------------------------------------------------------------------
                         required time                         -3.253    
                         arrival time                           3.268    
  -------------------------------------------------------------------
                         slack                                  0.014    

Slack (MET) :             0.015ns  (arrival time - required time)
  Source:                 u_accel/u_pool/g_fpu[3].u_fpu/e_reg[1][cvt_w][14]/C
                            (rising edge-triggered cell FDSE clocked by clk  {rise@0.000ns fall@5.000ns period=10.000ns})
  Destination:            u_accel/u_pool/g_fpu[3].u_fpu/e_reg[4][cvt_w][14]_srl3/D
                            (rising edge-triggered cell SRL16E clocked by clk  {rise@0.000ns fall@5.000ns period=10.000ns})
  Path Group:             clk
  Path Type:              Hold (Min at Slow Process Corner)
  Requirement:            0.000ns  (clk rise@0.000ns - clk rise@0.000ns)
  Data Path Delay:        0.203ns  (logic 0.058ns (28.571%)  route 0.145ns (71.429%))
  Logic Levels:           0  
  Clock Path Skew:        0.141ns (DCD - SCD - CPR)
    Destination Clock Delay (DCD):    4.033ns
    Source Clock Delay      (SCD):    3.143ns
    Clock Pessimism Removal (CPR):    0.749ns
  Clock Net Delay (Source):      2.417ns (routing 1.221ns, distribution 1.196ns)
  Clock Net Delay (Destination): 2.761ns (routing 1.343ns, distribution 1.418ns)

    Location             Delay type                Incr(ns)  Path(ns)    Netlist Resource(s)
  -------------------------------------------------------------------    -------------------
                         (clock clk rise edge)        0.000     0.000 r  
    E4                                                0.000     0.000 r  clk (IN)
                         net (fo=0)                   0.000     0.000    clk_IBUF_inst/I
    E4                   INBUF (Prop_INBUF_HDIOB_M_PAD_O)
                                                      0.533     0.533 r  clk_IBUF_inst/INBUF_INST/O
                         net (fo=1, routed)           0.000     0.533    clk_IBUF_inst/OUT
    E4                   IBUFCTRL (Prop_IBUFCTRL_HDIOB_M_I_O)
                                                      0.000     0.533 r  clk_IBUF_inst/IBUFCTRL_INST/O
                         net (fo=1, routed)           0.169     0.702    clk_IBUF
    BUFGCE_HDIO_X2Y2     BUFGCE (Prop_BUFCE_BUFGCE_HDIO_I_O)
                                                      0.024     0.726 r  clk_IBUF_BUFG_inst/O
    X1Y3 (CLOCK_ROOT)    net (fo=26496, routed)       2.417     3.143    u_accel/u_pool/g_fpu[3].u_fpu/clk
    SLICE_X79Y77         FDSE                                         r  u_accel/u_pool/g_fpu[3].u_fpu/e_reg[1][cvt_w][14]/C
  -------------------------------------------------------------------    -------------------
    SLICE_X79Y77         FDSE (Prop_DFF_SLICEM_C_Q)
                                                      0.058     3.201 r  u_accel/u_pool/g_fpu[3].u_fpu/e_reg[1][cvt_w][14]/Q
                         net (fo=1, routed)           0.145     3.346    u_accel/u_pool/g_fpu[3].u_fpu/e_reg[1][cvt_w_n_0_][14]
    SLICE_X81Y80         SRL16E                                       r  u_accel/u_pool/g_fpu[3].u_fpu/e_reg[4][cvt_w][14]_srl3/D
  -------------------------------------------------------------------    -------------------

                         (clock clk rise edge)        0.000     0.000 r  
    E4                                                0.000     0.000 r  clk (IN)
                         net (fo=0)                   0.000     0.000    clk_IBUF_inst/I
    E4                   INBUF (Prop_INBUF_HDIOB_M_PAD_O)
                                                      1.040     1.040 r  clk_IBUF_inst/INBUF_INST/O
                         net (fo=1, routed)           0.000     1.040    clk_IBUF_inst/OUT
    E4                   IBUFCTRL (Prop_IBUFCTRL_HDIOB_M_I_O)
                                                      0.000     1.040 r  clk_IBUF_inst/IBUFCTRL_INST/O
                         net (fo=1, routed)           0.204     1.244    clk_IBUF
    BUFGCE_HDIO_X2Y2     BUFGCE (Prop_BUFCE_BUFGCE_HDIO_I_O)
                                                      0.028     1.272 r  clk_IBUF_BUFG_inst/O
    X1Y3 (CLOCK_ROOT)    net (fo=26496, routed)       2.761     4.033    u_accel/u_pool/g_fpu[3].u_fpu/clk
    SLICE_X81Y80         SRL16E                                       r  u_accel/u_pool/g_fpu[3].u_fpu/e_reg[4][cvt_w][14]_srl3/CLK
                         clock pessimism             -0.749     3.284    
    SLICE_X81Y80         SRL16E (Hold_G5LUT_SLICEM_CLK_D)
                                                      0.047     3.331    u_accel/u_pool/g_fpu[3].u_fpu/e_reg[4][cvt_w][14]_srl3
  -------------------------------------------------------------------
                         required time                         -3.331    
                         arrival time                           3.346    
  -------------------------------------------------------------------
                         slack                                  0.015    

Slack (MET) :             0.015ns  (arrival time - required time)
  Source:                 u_accel/u_pool/g_fpu[1].u_fpu/e_reg[1][f_fma_specval][19]/C
                            (rising edge-triggered cell FDRE clocked by clk  {rise@0.000ns fall@5.000ns period=10.000ns})
  Destination:            u_accel/u_pool/g_fpu[1].u_fpu/e_reg[4][f_fma_specval][19]_srl3/D
                            (rising edge-triggered cell SRL16E clocked by clk  {rise@0.000ns fall@5.000ns period=10.000ns})
  Path Group:             clk
  Path Type:              Hold (Min at Slow Process Corner)
  Requirement:            0.000ns  (clk rise@0.000ns - clk rise@0.000ns)
  Data Path Delay:        0.258ns  (logic 0.058ns (22.481%)  route 0.200ns (77.519%))
  Logic Levels:           0  
  Clock Path Skew:        0.215ns (DCD - SCD - CPR)
    Destination Clock Delay (DCD):    4.029ns
    Source Clock Delay      (SCD):    3.077ns
    Clock Pessimism Removal (CPR):    0.737ns
  Clock Net Delay (Source):      2.351ns (routing 1.221ns, distribution 1.130ns)
  Clock Net Delay (Destination): 2.757ns (routing 1.343ns, distribution 1.414ns)

    Location             Delay type                Incr(ns)  Path(ns)    Netlist Resource(s)
  -------------------------------------------------------------------    -------------------
                         (clock clk rise edge)        0.000     0.000 r  
    E4                                                0.000     0.000 r  clk (IN)
                         net (fo=0)                   0.000     0.000    clk_IBUF_inst/I
    E4                   INBUF (Prop_INBUF_HDIOB_M_PAD_O)
                                                      0.533     0.533 r  clk_IBUF_inst/INBUF_INST/O
                         net (fo=1, routed)           0.000     0.533    clk_IBUF_inst/OUT
    E4                   IBUFCTRL (Prop_IBUFCTRL_HDIOB_M_I_O)
                                                      0.000     0.533 r  clk_IBUF_inst/IBUFCTRL_INST/O
                         net (fo=1, routed)           0.169     0.702    clk_IBUF
    BUFGCE_HDIO_X2Y2     BUFGCE (Prop_BUFCE_BUFGCE_HDIO_I_O)
                                                      0.024     0.726 r  clk_IBUF_BUFG_inst/O
    X1Y3 (CLOCK_ROOT)    net (fo=26496, routed)       2.351     3.077    u_accel/u_pool/g_fpu[1].u_fpu/clk
    SLICE_X44Y242        FDRE                                         r  u_accel/u_pool/g_fpu[1].u_fpu/e_reg[1][f_fma_specval][19]/C
  -------------------------------------------------------------------    -------------------
    SLICE_X44Y242        FDRE (Prop_AFF_SLICEL_C_Q)
                                                      0.058     3.135 r  u_accel/u_pool/g_fpu[1].u_fpu/e_reg[1][f_fma_specval][19]/Q
                         net (fo=1, routed)           0.200     3.335    u_accel/u_pool/g_fpu[1].u_fpu/e_reg[1][f_fma_specval_n_0_][19]
    SLICE_X39Y244        SRL16E                                       r  u_accel/u_pool/g_fpu[1].u_fpu/e_reg[4][f_fma_specval][19]_srl3/D
  -------------------------------------------------------------------    -------------------

                         (clock clk rise edge)        0.000     0.000 r  
    E4                                                0.000     0.000 r  clk (IN)
                         net (fo=0)                   0.000     0.000    clk_IBUF_inst/I
    E4                   INBUF (Prop_INBUF_HDIOB_M_PAD_O)
                                                      1.040     1.040 r  clk_IBUF_inst/INBUF_INST/O
                         net (fo=1, routed)           0.000     1.040    clk_IBUF_inst/OUT
    E4                   IBUFCTRL (Prop_IBUFCTRL_HDIOB_M_I_O)
                                                      0.000     1.040 r  clk_IBUF_inst/IBUFCTRL_INST/O
                         net (fo=1, routed)           0.204     1.244    clk_IBUF
    BUFGCE_HDIO_X2Y2     BUFGCE (Prop_BUFCE_BUFGCE_HDIO_I_O)
                                                      0.028     1.272 r  clk_IBUF_BUFG_inst/O
    X1Y3 (CLOCK_ROOT)    net (fo=26496, routed)       2.757     4.029    u_accel/u_pool/g_fpu[1].u_fpu/clk
    SLICE_X39Y244        SRL16E                                       r  u_accel/u_pool/g_fpu[1].u_fpu/e_reg[4][f_fma_specval][19]_srl3/CLK
                         clock pessimism             -0.737     3.292    
    SLICE_X39Y244        SRL16E (Hold_D6LUT_SLICEM_CLK_D)
                                                      0.028     3.320    u_accel/u_pool/g_fpu[1].u_fpu/e_reg[4][f_fma_specval][19]_srl3
  -------------------------------------------------------------------
                         required time                         -3.320    
                         arrival time                           3.335    
  -------------------------------------------------------------------
                         slack                                  0.015    

Slack (MET) :             0.015ns  (arrival time - required time)
  Source:                 u_accel/u_pool/g_fpu[4].u_fpu/e_reg[1][f_sigc][19]/C
                            (rising edge-triggered cell FDRE clocked by clk  {rise@0.000ns fall@5.000ns period=10.000ns})
  Destination:            u_accel/u_pool/g_fpu[4].u_fpu/e_reg[3][f_sigc][19]_srl2/D
                            (rising edge-triggered cell SRL16E clocked by clk  {rise@0.000ns fall@5.000ns period=10.000ns})
  Path Group:             clk
  Path Type:              Hold (Min at Slow Process Corner)
  Requirement:            0.000ns  (clk rise@0.000ns - clk rise@0.000ns)
  Data Path Delay:        0.140ns  (logic 0.060ns (42.857%)  route 0.080ns (57.143%))
  Logic Levels:           0  
  Clock Path Skew:        0.097ns (DCD - SCD - CPR)
    Destination Clock Delay (DCD):    4.145ns
    Source Clock Delay      (SCD):    3.245ns
    Clock Pessimism Removal (CPR):    0.803ns
  Clock Net Delay (Source):      2.519ns (routing 1.221ns, distribution 1.298ns)
  Clock Net Delay (Destination): 2.872ns (routing 1.343ns, distribution 1.529ns)

    Location             Delay type                Incr(ns)  Path(ns)    Netlist Resource(s)
  -------------------------------------------------------------------    -------------------
                         (clock clk rise edge)        0.000     0.000 r  
    E4                                                0.000     0.000 r  clk (IN)
                         net (fo=0)                   0.000     0.000    clk_IBUF_inst/I
    E4                   INBUF (Prop_INBUF_HDIOB_M_PAD_O)
                                                      0.533     0.533 r  clk_IBUF_inst/INBUF_INST/O
                         net (fo=1, routed)           0.000     0.533    clk_IBUF_inst/OUT
    E4                   IBUFCTRL (Prop_IBUFCTRL_HDIOB_M_I_O)
                                                      0.000     0.533 r  clk_IBUF_inst/IBUFCTRL_INST/O
                         net (fo=1, routed)           0.169     0.702    clk_IBUF
    BUFGCE_HDIO_X2Y2     BUFGCE (Prop_BUFCE_BUFGCE_HDIO_I_O)
                                                      0.024     0.726 r  clk_IBUF_BUFG_inst/O
    X1Y3 (CLOCK_ROOT)    net (fo=26496, routed)       2.519     3.245    u_accel/u_pool/g_fpu[4].u_fpu/clk
    SLICE_X96Y247        FDRE                                         r  u_accel/u_pool/g_fpu[4].u_fpu/e_reg[1][f_sigc][19]/C
  -------------------------------------------------------------------    -------------------
    SLICE_X96Y247        FDRE (Prop_FFF2_SLICEM_C_Q)
                                                      0.060     3.305 r  u_accel/u_pool/g_fpu[4].u_fpu/e_reg[1][f_sigc][19]/Q
                         net (fo=1, routed)           0.080     3.385    u_accel/u_pool/g_fpu[4].u_fpu/e_reg[1][f_sigc_n_0_][19]
    SLICE_X96Y248        SRL16E                                       r  u_accel/u_pool/g_fpu[4].u_fpu/e_reg[3][f_sigc][19]_srl2/D
  -------------------------------------------------------------------    -------------------

                         (clock clk rise edge)        0.000     0.000 r  
    E4                                                0.000     0.000 r  clk (IN)
                         net (fo=0)                   0.000     0.000    clk_IBUF_inst/I
    E4                   INBUF (Prop_INBUF_HDIOB_M_PAD_O)
                                                      1.040     1.040 r  clk_IBUF_inst/INBUF_INST/O
                         net (fo=1, routed)           0.000     1.040    clk_IBUF_inst/OUT
    E4                   IBUFCTRL (Prop_IBUFCTRL_HDIOB_M_I_O)
                                                      0.000     1.040 r  clk_IBUF_inst/IBUFCTRL_INST/O
                         net (fo=1, routed)           0.204     1.244    clk_IBUF
    BUFGCE_HDIO_X2Y2     BUFGCE (Prop_BUFCE_BUFGCE_HDIO_I_O)
                                                      0.028     1.272 r  clk_IBUF_BUFG_inst/O
    X1Y3 (CLOCK_ROOT)    net (fo=26496, routed)       2.872     4.145    u_accel/u_pool/g_fpu[4].u_fpu/clk
    SLICE_X96Y248        SRL16E                                       r  u_accel/u_pool/g_fpu[4].u_fpu/e_reg[3][f_sigc][19]_srl2/CLK
                         clock pessimism             -0.803     3.342    
    SLICE_X96Y248        SRL16E (Hold_D6LUT_SLICEM_CLK_D)
                                                      0.028     3.370    u_accel/u_pool/g_fpu[4].u_fpu/e_reg[3][f_sigc][19]_srl2
  -------------------------------------------------------------------
                         required time                         -3.370    
                         arrival time                           3.385    
  -------------------------------------------------------------------
                         slack                                  0.015    

Slack (MET) :             0.015ns  (arrival time - required time)
  Source:                 u_accel/u_pool/g_fpu[0].u_fpu/e_reg[1][f_fma_specval][24]/C
                            (rising edge-triggered cell FDSE clocked by clk  {rise@0.000ns fall@5.000ns period=10.000ns})
  Destination:            u_accel/u_pool/g_fpu[0].u_fpu/e_reg[4][f_fma_specval][24]_srl3/D
                            (rising edge-triggered cell SRL16E clocked by clk  {rise@0.000ns fall@5.000ns period=10.000ns})
  Path Group:             clk
  Path Type:              Hold (Min at Slow Process Corner)
  Requirement:            0.000ns  (clk rise@0.000ns - clk rise@0.000ns)
  Data Path Delay:        0.247ns  (logic 0.058ns (23.482%)  route 0.189ns (76.518%))
  Logic Levels:           0  
  Clock Path Skew:        0.203ns (DCD - SCD - CPR)
    Destination Clock Delay (DCD):    4.134ns
    Source Clock Delay      (SCD):    3.259ns
    Clock Pessimism Removal (CPR):    0.672ns
  Clock Net Delay (Source):      2.533ns (routing 1.221ns, distribution 1.312ns)
  Clock Net Delay (Destination): 2.862ns (routing 1.343ns, distribution 1.519ns)

    Location             Delay type                Incr(ns)  Path(ns)    Netlist Resource(s)
  -------------------------------------------------------------------    -------------------
                         (clock clk rise edge)        0.000     0.000 r  
    E4                                                0.000     0.000 r  clk (IN)
                         net (fo=0)                   0.000     0.000    clk_IBUF_inst/I
    E4                   INBUF (Prop_INBUF_HDIOB_M_PAD_O)
                                                      0.533     0.533 r  clk_IBUF_inst/INBUF_INST/O
                         net (fo=1, routed)           0.000     0.533    clk_IBUF_inst/OUT
    E4                   IBUFCTRL (Prop_IBUFCTRL_HDIOB_M_I_O)
                                                      0.000     0.533 r  clk_IBUF_inst/IBUFCTRL_INST/O
                         net (fo=1, routed)           0.169     0.702    clk_IBUF
    BUFGCE_HDIO_X2Y2     BUFGCE (Prop_BUFCE_BUFGCE_HDIO_I_O)
                                                      0.024     0.726 r  clk_IBUF_BUFG_inst/O
    X1Y3 (CLOCK_ROOT)    net (fo=26496, routed)       2.533     3.259    u_accel/u_pool/g_fpu[0].u_fpu/clk
    SLICE_X105Y179       FDSE                                         r  u_accel/u_pool/g_fpu[0].u_fpu/e_reg[1][f_fma_specval][24]/C
  -------------------------------------------------------------------    -------------------
    SLICE_X105Y179       FDSE (Prop_DFF_SLICEM_C_Q)
                                                      0.058     3.317 r  u_accel/u_pool/g_fpu[0].u_fpu/e_reg[1][f_fma_specval][24]/Q
                         net (fo=1, routed)           0.189     3.506    u_accel/u_pool/g_fpu[0].u_fpu/e_reg[1][f_fma_specval_n_0_][24]
    SLICE_X105Y187       SRL16E                                       r  u_accel/u_pool/g_fpu[0].u_fpu/e_reg[4][f_fma_specval][24]_srl3/D
  -------------------------------------------------------------------    -------------------

                         (clock clk rise edge)        0.000     0.000 r  
    E4                                                0.000     0.000 r  clk (IN)
                         net (fo=0)                   0.000     0.000    clk_IBUF_inst/I
    E4                   INBUF (Prop_INBUF_HDIOB_M_PAD_O)
                                                      1.040     1.040 r  clk_IBUF_inst/INBUF_INST/O
                         net (fo=1, routed)           0.000     1.040    clk_IBUF_inst/OUT
    E4                   IBUFCTRL (Prop_IBUFCTRL_HDIOB_M_I_O)
                                                      0.000     1.040 r  clk_IBUF_inst/IBUFCTRL_INST/O
                         net (fo=1, routed)           0.204     1.244    clk_IBUF
    BUFGCE_HDIO_X2Y2     BUFGCE (Prop_BUFCE_BUFGCE_HDIO_I_O)
                                                      0.028     1.272 r  clk_IBUF_BUFG_inst/O
    X1Y3 (CLOCK_ROOT)    net (fo=26496, routed)       2.862     4.134    u_accel/u_pool/g_fpu[0].u_fpu/clk
    SLICE_X105Y187       SRL16E                                       r  u_accel/u_pool/g_fpu[0].u_fpu/e_reg[4][f_fma_specval][24]_srl3/CLK
                         clock pessimism             -0.672     3.462    
    SLICE_X105Y187       SRL16E (Hold_B6LUT_SLICEM_CLK_D)
                                                      0.029     3.491    u_accel/u_pool/g_fpu[0].u_fpu/e_reg[4][f_fma_specval][24]_srl3
  -------------------------------------------------------------------
                         required time                         -3.491    
                         arrival time                           3.506    
  -------------------------------------------------------------------
                         slack                                  0.015    

Slack (MET) :             0.016ns  (arrival time - required time)
  Source:                 u_accel/u_pool/g_fpu[4].u_fpu/e_reg[1][f_sigc][21]/C
                            (rising edge-triggered cell FDRE clocked by clk  {rise@0.000ns fall@5.000ns period=10.000ns})
  Destination:            u_accel/u_pool/g_fpu[4].u_fpu/e_reg[3][f_sigc][21]_srl2/D
                            (rising edge-triggered cell SRL16E clocked by clk  {rise@0.000ns fall@5.000ns period=10.000ns})
  Path Group:             clk
  Path Type:              Hold (Min at Slow Process Corner)
  Requirement:            0.000ns  (clk rise@0.000ns - clk rise@0.000ns)
  Data Path Delay:        0.142ns  (logic 0.060ns (42.254%)  route 0.082ns (57.746%))
  Logic Levels:           0  
  Clock Path Skew:        0.097ns (DCD - SCD - CPR)
    Destination Clock Delay (DCD):    4.145ns
    Source Clock Delay      (SCD):    3.245ns
    Clock Pessimism Removal (CPR):    0.803ns
  Clock Net Delay (Source):      2.519ns (routing 1.221ns, distribution 1.298ns)
  Clock Net Delay (Destination): 2.872ns (routing 1.343ns, distribution 1.529ns)

    Location             Delay type                Incr(ns)  Path(ns)    Netlist Resource(s)
  -------------------------------------------------------------------    -------------------
                         (clock clk rise edge)        0.000     0.000 r  
    E4                                                0.000     0.000 r  clk (IN)
                         net (fo=0)                   0.000     0.000    clk_IBUF_inst/I
    E4                   INBUF (Prop_INBUF_HDIOB_M_PAD_O)
                                                      0.533     0.533 r  clk_IBUF_inst/INBUF_INST/O
                         net (fo=1, routed)           0.000     0.533    clk_IBUF_inst/OUT
    E4                   IBUFCTRL (Prop_IBUFCTRL_HDIOB_M_I_O)
                                                      0.000     0.533 r  clk_IBUF_inst/IBUFCTRL_INST/O
                         net (fo=1, routed)           0.169     0.702    clk_IBUF
    BUFGCE_HDIO_X2Y2     BUFGCE (Prop_BUFCE_BUFGCE_HDIO_I_O)
                                                      0.024     0.726 r  clk_IBUF_BUFG_inst/O
    X1Y3 (CLOCK_ROOT)    net (fo=26496, routed)       2.519     3.245    u_accel/u_pool/g_fpu[4].u_fpu/clk
    SLICE_X96Y247        FDRE                                         r  u_accel/u_pool/g_fpu[4].u_fpu/e_reg[1][f_sigc][21]/C
  -------------------------------------------------------------------    -------------------
    SLICE_X96Y247        FDRE (Prop_GFF2_SLICEM_C_Q)
                                                      0.060     3.305 r  u_accel/u_pool/g_fpu[4].u_fpu/e_reg[1][f_sigc][21]/Q
                         net (fo=1, routed)           0.082     3.387    u_accel/u_pool/g_fpu[4].u_fpu/e_reg[1][f_sigc_n_0_][21]
    SLICE_X96Y248        SRL16E                                       r  u_accel/u_pool/g_fpu[4].u_fpu/e_reg[3][f_sigc][21]_srl2/D
  -------------------------------------------------------------------    -------------------

                         (clock clk rise edge)        0.000     0.000 r  
    E4                                                0.000     0.000 r  clk (IN)
                         net (fo=0)                   0.000     0.000    clk_IBUF_inst/I
    E4                   INBUF (Prop_INBUF_HDIOB_M_PAD_O)
                                                      1.040     1.040 r  clk_IBUF_inst/INBUF_INST/O
                         net (fo=1, routed)           0.000     1.040    clk_IBUF_inst/OUT
    E4                   IBUFCTRL (Prop_IBUFCTRL_HDIOB_M_I_O)
                                                      0.000     1.040 r  clk_IBUF_inst/IBUFCTRL_INST/O
                         net (fo=1, routed)           0.204     1.244    clk_IBUF
    BUFGCE_HDIO_X2Y2     BUFGCE (Prop_BUFCE_BUFGCE_HDIO_I_O)
                                                      0.028     1.272 r  clk_IBUF_BUFG_inst/O
    X1Y3 (CLOCK_ROOT)    net (fo=26496, routed)       2.872     4.145    u_accel/u_pool/g_fpu[4].u_fpu/clk
    SLICE_X96Y248        SRL16E                                       r  u_accel/u_pool/g_fpu[4].u_fpu/e_reg[3][f_sigc][21]_srl2/CLK
                         clock pessimism             -0.803     3.342    
    SLICE_X96Y248        SRL16E (Hold_F6LUT_SLICEM_CLK_D)
                                                      0.029     3.371    u_accel/u_pool/g_fpu[4].u_fpu/e_reg[3][f_sigc][21]_srl2
  -------------------------------------------------------------------
                         required time                         -3.371    
                         arrival time                           3.387    
  -------------------------------------------------------------------
                         slack                                  0.016    

Slack (MET) :             0.016ns  (arrival time - required time)
  Source:                 u_accel/cyc_count_reg[14]/C
                            (rising edge-triggered cell FDRE clocked by clk  {rise@0.000ns fall@5.000ns period=10.000ns})
  Destination:            u_accel/cycles_reg[14]/D
                            (rising edge-triggered cell FDRE clocked by clk  {rise@0.000ns fall@5.000ns period=10.000ns})
  Path Group:             clk
  Path Type:              Hold (Min at Slow Process Corner)
  Requirement:            0.000ns  (clk rise@0.000ns - clk rise@0.000ns)
  Data Path Delay:        0.200ns  (logic 0.089ns (44.500%)  route 0.111ns (55.500%))
  Logic Levels:           1  (CARRY8=1)
  Clock Path Skew:        0.124ns (DCD - SCD - CPR)
    Destination Clock Delay (DCD):    4.101ns
    Source Clock Delay      (SCD):    3.233ns
    Clock Pessimism Removal (CPR):    0.745ns
  Clock Net Delay (Source):      2.507ns (routing 1.221ns, distribution 1.286ns)
  Clock Net Delay (Destination): 2.829ns (routing 1.343ns, distribution 1.486ns)

    Location             Delay type                Incr(ns)  Path(ns)    Netlist Resource(s)
  -------------------------------------------------------------------    -------------------
                         (clock clk rise edge)        0.000     0.000 r  
    E4                                                0.000     0.000 r  clk (IN)
                         net (fo=0)                   0.000     0.000    clk_IBUF_inst/I
    E4                   INBUF (Prop_INBUF_HDIOB_M_PAD_O)
                                                      0.533     0.533 r  clk_IBUF_inst/INBUF_INST/O
                         net (fo=1, routed)           0.000     0.533    clk_IBUF_inst/OUT
    E4                   IBUFCTRL (Prop_IBUFCTRL_HDIOB_M_I_O)
                                                      0.000     0.533 r  clk_IBUF_inst/IBUFCTRL_INST/O
                         net (fo=1, routed)           0.169     0.702    clk_IBUF
    BUFGCE_HDIO_X2Y2     BUFGCE (Prop_BUFCE_BUFGCE_HDIO_I_O)
                                                      0.024     0.726 r  clk_IBUF_BUFG_inst/O
    X1Y3 (CLOCK_ROOT)    net (fo=26496, routed)       2.507     3.233    u_accel/clk
    SLICE_X14Y242        FDRE                                         r  u_accel/cyc_count_reg[14]/C
  -------------------------------------------------------------------    -------------------
    SLICE_X14Y242        FDRE (Prop_DFF_SLICEL_C_Q)
                                                      0.059     3.292 r  u_accel/cyc_count_reg[14]/Q
                         net (fo=1, routed)           0.101     3.393    u_accel/cyc_count_reg_n_0_[14]
    SLICE_X15Y242        CARRY8 (Prop_CARRY8_SLICEM_S[5]_O[5])
                                                      0.030     3.423 r  u_accel/cycles_reg[16]_i_1/O[5]
                         net (fo=2, routed)           0.010     3.433    u_accel/cycles_reg[16]_i_1_n_10
    SLICE_X15Y242        FDRE                                         r  u_accel/cycles_reg[14]/D
  -------------------------------------------------------------------    -------------------

                         (clock clk rise edge)        0.000     0.000 r  
    E4                                                0.000     0.000 r  clk (IN)
                         net (fo=0)                   0.000     0.000    clk_IBUF_inst/I
    E4                   INBUF (Prop_INBUF_HDIOB_M_PAD_O)
                                                      1.040     1.040 r  clk_IBUF_inst/INBUF_INST/O
                         net (fo=1, routed)           0.000     1.040    clk_IBUF_inst/OUT
    E4                   IBUFCTRL (Prop_IBUFCTRL_HDIOB_M_I_O)
                                                      0.000     1.040 r  clk_IBUF_inst/IBUFCTRL_INST/O
                         net (fo=1, routed)           0.204     1.244    clk_IBUF
    BUFGCE_HDIO_X2Y2     BUFGCE (Prop_BUFCE_BUFGCE_HDIO_I_O)
                                                      0.028     1.272 r  clk_IBUF_BUFG_inst/O
    X1Y3 (CLOCK_ROOT)    net (fo=26496, routed)       2.829     4.101    u_accel/clk
    SLICE_X15Y242        FDRE                                         r  u_accel/cycles_reg[14]/C
                         clock pessimism             -0.745     3.357    
    SLICE_X15Y242        FDRE (Hold_FFF_SLICEM_C_D)
                                                      0.060     3.417    u_accel/cycles_reg[14]
  -------------------------------------------------------------------
                         required time                         -3.417    
                         arrival time                           3.433    
  -------------------------------------------------------------------
                         slack                                  0.016    

Slack (MET) :             0.018ns  (arrival time - required time)
  Source:                 u_accel/u_pool/g_fpu[0].u_fpu/e_reg[1][cvt_w][19]/C
                            (rising edge-triggered cell FDSE clocked by clk  {rise@0.000ns fall@5.000ns period=10.000ns})
  Destination:            u_accel/u_pool/g_fpu[0].u_fpu/e_reg[4][cvt_w][19]_srl3/D
                            (rising edge-triggered cell SRL16E clocked by clk  {rise@0.000ns fall@5.000ns period=10.000ns})
  Path Group:             clk
  Path Type:              Hold (Min at Slow Process Corner)
  Requirement:            0.000ns  (clk rise@0.000ns - clk rise@0.000ns)
  Data Path Delay:        0.141ns  (logic 0.058ns (41.135%)  route 0.083ns (58.865%))
  Logic Levels:           0  
  Clock Path Skew:        0.095ns (DCD - SCD - CPR)
    Destination Clock Delay (DCD):    4.167ns
    Source Clock Delay      (SCD):    3.262ns
    Clock Pessimism Removal (CPR):    0.810ns
  Clock Net Delay (Source):      2.536ns (routing 1.221ns, distribution 1.315ns)
  Clock Net Delay (Destination): 2.895ns (routing 1.343ns, distribution 1.552ns)

    Location             Delay type                Incr(ns)  Path(ns)    Netlist Resource(s)
  -------------------------------------------------------------------    -------------------
                         (clock clk rise edge)        0.000     0.000 r  
    E4                                                0.000     0.000 r  clk (IN)
                         net (fo=0)                   0.000     0.000    clk_IBUF_inst/I
    E4                   INBUF (Prop_INBUF_HDIOB_M_PAD_O)
                                                      0.533     0.533 r  clk_IBUF_inst/INBUF_INST/O
                         net (fo=1, routed)           0.000     0.533    clk_IBUF_inst/OUT
    E4                   IBUFCTRL (Prop_IBUFCTRL_HDIOB_M_I_O)
                                                      0.000     0.533 r  clk_IBUF_inst/IBUFCTRL_INST/O
                         net (fo=1, routed)           0.169     0.702    clk_IBUF
    BUFGCE_HDIO_X2Y2     BUFGCE (Prop_BUFCE_BUFGCE_HDIO_I_O)
                                                      0.024     0.726 r  clk_IBUF_BUFG_inst/O
    X1Y3 (CLOCK_ROOT)    net (fo=26496, routed)       2.536     3.262    u_accel/u_pool/g_fpu[0].u_fpu/clk
    SLICE_X109Y122       FDSE                                         r  u_accel/u_pool/g_fpu[0].u_fpu/e_reg[1][cvt_w][19]/C
  -------------------------------------------------------------------    -------------------
    SLICE_X109Y122       FDSE (Prop_CFF_SLICEM_C_Q)
                                                      0.058     3.320 r  u_accel/u_pool/g_fpu[0].u_fpu/e_reg[1][cvt_w][19]/Q
                         net (fo=1, routed)           0.083     3.403    u_accel/u_pool/g_fpu[0].u_fpu/e_reg[1][cvt_w_n_0_][19]
    SLICE_X109Y124       SRL16E                                       r  u_accel/u_pool/g_fpu[0].u_fpu/e_reg[4][cvt_w][19]_srl3/D
  -------------------------------------------------------------------    -------------------

                         (clock clk rise edge)        0.000     0.000 r  
    E4                                                0.000     0.000 r  clk (IN)
                         net (fo=0)                   0.000     0.000    clk_IBUF_inst/I
    E4                   INBUF (Prop_INBUF_HDIOB_M_PAD_O)
                                                      1.040     1.040 r  clk_IBUF_inst/INBUF_INST/O
                         net (fo=1, routed)           0.000     1.040    clk_IBUF_inst/OUT
    E4                   IBUFCTRL (Prop_IBUFCTRL_HDIOB_M_I_O)
                                                      0.000     1.040 r  clk_IBUF_inst/IBUFCTRL_INST/O
                         net (fo=1, routed)           0.204     1.244    clk_IBUF
    BUFGCE_HDIO_X2Y2     BUFGCE (Prop_BUFCE_BUFGCE_HDIO_I_O)
                                                      0.028     1.272 r  clk_IBUF_BUFG_inst/O
    X1Y3 (CLOCK_ROOT)    net (fo=26496, routed)       2.895     4.167    u_accel/u_pool/g_fpu[0].u_fpu/clk
    SLICE_X109Y124       SRL16E                                       r  u_accel/u_pool/g_fpu[0].u_fpu/e_reg[4][cvt_w][19]_srl3/CLK
                         clock pessimism             -0.810     3.357    
    SLICE_X109Y124       SRL16E (Hold_D6LUT_SLICEM_CLK_D)
                                                      0.028     3.385    u_accel/u_pool/g_fpu[0].u_fpu/e_reg[4][cvt_w][19]_srl3
  -------------------------------------------------------------------
                         required time                         -3.385    
                         arrival time                           3.403    
  -------------------------------------------------------------------
                         slack                                  0.018    

Slack (MET) :             0.018ns  (arrival time - required time)
  Source:                 u_accel/u_pool/g_fpu[7].u_fpu/e_reg[1][cvt_w][2]/C
                            (rising edge-triggered cell FDSE clocked by clk  {rise@0.000ns fall@5.000ns period=10.000ns})
  Destination:            u_accel/u_pool/g_fpu[7].u_fpu/e_reg[4][cvt_w][2]_srl3/D
                            (rising edge-triggered cell SRL16E clocked by clk  {rise@0.000ns fall@5.000ns period=10.000ns})
  Path Group:             clk
  Path Type:              Hold (Min at Slow Process Corner)
  Requirement:            0.000ns  (clk rise@0.000ns - clk rise@0.000ns)
  Data Path Delay:        0.189ns  (logic 0.058ns (30.688%)  route 0.131ns (69.312%))
  Logic Levels:           0  
  Clock Path Skew:        0.143ns (DCD - SCD - CPR)
    Destination Clock Delay (DCD):    4.148ns
    Source Clock Delay      (SCD):    3.251ns
    Clock Pessimism Removal (CPR):    0.755ns
  Clock Net Delay (Source):      2.525ns (routing 1.221ns, distribution 1.304ns)
  Clock Net Delay (Destination): 2.876ns (routing 1.343ns, distribution 1.533ns)

    Location             Delay type                Incr(ns)  Path(ns)    Netlist Resource(s)
  -------------------------------------------------------------------    -------------------
                         (clock clk rise edge)        0.000     0.000 r  
    E4                                                0.000     0.000 r  clk (IN)
                         net (fo=0)                   0.000     0.000    clk_IBUF_inst/I
    E4                   INBUF (Prop_INBUF_HDIOB_M_PAD_O)
                                                      0.533     0.533 r  clk_IBUF_inst/INBUF_INST/O
                         net (fo=1, routed)           0.000     0.533    clk_IBUF_inst/OUT
    E4                   IBUFCTRL (Prop_IBUFCTRL_HDIOB_M_I_O)
                                                      0.000     0.533 r  clk_IBUF_inst/IBUFCTRL_INST/O
                         net (fo=1, routed)           0.169     0.702    clk_IBUF
    BUFGCE_HDIO_X2Y2     BUFGCE (Prop_BUFCE_BUFGCE_HDIO_I_O)
                                                      0.024     0.726 r  clk_IBUF_BUFG_inst/O
    X1Y3 (CLOCK_ROOT)    net (fo=26496, routed)       2.525     3.251    u_accel/u_pool/g_fpu[7].u_fpu/clk
    SLICE_X109Y145       FDSE                                         r  u_accel/u_pool/g_fpu[7].u_fpu/e_reg[1][cvt_w][2]/C
  -------------------------------------------------------------------    -------------------
    SLICE_X109Y145       FDSE (Prop_CFF_SLICEM_C_Q)
                                                      0.058     3.309 r  u_accel/u_pool/g_fpu[7].u_fpu/e_reg[1][cvt_w][2]/Q
                         net (fo=1, routed)           0.131     3.440    u_accel/u_pool/g_fpu[7].u_fpu/e_reg[1][cvt_w_n_0_][2]
    SLICE_X105Y145       SRL16E                                       r  u_accel/u_pool/g_fpu[7].u_fpu/e_reg[4][cvt_w][2]_srl3/D
  -------------------------------------------------------------------    -------------------

                         (clock clk rise edge)        0.000     0.000 r  
    E4                                                0.000     0.000 r  clk (IN)
                         net (fo=0)                   0.000     0.000    clk_IBUF_inst/I
    E4                   INBUF (Prop_INBUF_HDIOB_M_PAD_O)
                                                      1.040     1.040 r  clk_IBUF_inst/INBUF_INST/O
                         net (fo=1, routed)           0.000     1.040    clk_IBUF_inst/OUT
    E4                   IBUFCTRL (Prop_IBUFCTRL_HDIOB_M_I_O)
                                                      0.000     1.040 r  clk_IBUF_inst/IBUFCTRL_INST/O
                         net (fo=1, routed)           0.204     1.244    clk_IBUF
    BUFGCE_HDIO_X2Y2     BUFGCE (Prop_BUFCE_BUFGCE_HDIO_I_O)
                                                      0.028     1.272 r  clk_IBUF_BUFG_inst/O
    X1Y3 (CLOCK_ROOT)    net (fo=26496, routed)       2.876     4.148    u_accel/u_pool/g_fpu[7].u_fpu/clk
    SLICE_X105Y145       SRL16E                                       r  u_accel/u_pool/g_fpu[7].u_fpu/e_reg[4][cvt_w][2]_srl3/CLK
                         clock pessimism             -0.755     3.393    
    SLICE_X105Y145       SRL16E (Hold_C6LUT_SLICEM_CLK_D)
                                                      0.028     3.421    u_accel/u_pool/g_fpu[7].u_fpu/e_reg[4][cvt_w][2]_srl3
  -------------------------------------------------------------------
                         required time                         -3.421    
                         arrival time                           3.440    
  -------------------------------------------------------------------
                         slack                                  0.018    

Slack (MET) :             0.019ns  (arrival time - required time)
  Source:                 u_accel/u_pool/g_fpu[1].u_fpu/e_reg[1][f_fma_specval][13]/C
                            (rising edge-triggered cell FDRE clocked by clk  {rise@0.000ns fall@5.000ns period=10.000ns})
  Destination:            u_accel/u_pool/g_fpu[1].u_fpu/e_reg[4][f_fma_specval][13]_srl3/D
                            (rising edge-triggered cell SRL16E clocked by clk  {rise@0.000ns fall@5.000ns period=10.000ns})
  Path Group:             clk
  Path Type:              Hold (Min at Slow Process Corner)
  Requirement:            0.000ns  (clk rise@0.000ns - clk rise@0.000ns)
  Data Path Delay:        0.305ns  (logic 0.059ns (19.344%)  route 0.246ns (80.656%))
  Logic Levels:           0  
  Clock Path Skew:        0.230ns (DCD - SCD - CPR)
    Destination Clock Delay (DCD):    4.051ns
    Source Clock Delay      (SCD):    3.083ns
    Clock Pessimism Removal (CPR):    0.737ns
  Clock Net Delay (Source):      2.357ns (routing 1.221ns, distribution 1.136ns)
  Clock Net Delay (Destination): 2.778ns (routing 1.343ns, distribution 1.435ns)

    Location             Delay type                Incr(ns)  Path(ns)    Netlist Resource(s)
  -------------------------------------------------------------------    -------------------
                         (clock clk rise edge)        0.000     0.000 r  
    E4                                                0.000     0.000 r  clk (IN)
                         net (fo=0)                   0.000     0.000    clk_IBUF_inst/I
    E4                   INBUF (Prop_INBUF_HDIOB_M_PAD_O)
                                                      0.533     0.533 r  clk_IBUF_inst/INBUF_INST/O
                         net (fo=1, routed)           0.000     0.533    clk_IBUF_inst/OUT
    E4                   IBUFCTRL (Prop_IBUFCTRL_HDIOB_M_I_O)
                                                      0.000     0.533 r  clk_IBUF_inst/IBUFCTRL_INST/O
                         net (fo=1, routed)           0.169     0.702    clk_IBUF
    BUFGCE_HDIO_X2Y2     BUFGCE (Prop_BUFCE_BUFGCE_HDIO_I_O)
                                                      0.024     0.726 r  clk_IBUF_BUFG_inst/O
    X1Y3 (CLOCK_ROOT)    net (fo=26496, routed)       2.357     3.083    u_accel/u_pool/g_fpu[1].u_fpu/clk
    SLICE_X51Y244        FDRE                                         r  u_accel/u_pool/g_fpu[1].u_fpu/e_reg[1][f_fma_specval][13]/C
  -------------------------------------------------------------------    -------------------
    SLICE_X51Y244        FDRE (Prop_EFF_SLICEL_C_Q)
                                                      0.059     3.142 r  u_accel/u_pool/g_fpu[1].u_fpu/e_reg[1][f_fma_specval][13]/Q
                         net (fo=1, routed)           0.246     3.388    u_accel/u_pool/g_fpu[1].u_fpu/e_reg[1][f_fma_specval_n_0_][13]
    SLICE_X39Y246        SRL16E                                       r  u_accel/u_pool/g_fpu[1].u_fpu/e_reg[4][f_fma_specval][13]_srl3/D
  -------------------------------------------------------------------    -------------------

                         (clock clk rise edge)        0.000     0.000 r  
    E4                                                0.000     0.000 r  clk (IN)
                         net (fo=0)                   0.000     0.000    clk_IBUF_inst/I
    E4                   INBUF (Prop_INBUF_HDIOB_M_PAD_O)
                                                      1.040     1.040 r  clk_IBUF_inst/INBUF_INST/O
                         net (fo=1, routed)           0.000     1.040    clk_IBUF_inst/OUT
    E4                   IBUFCTRL (Prop_IBUFCTRL_HDIOB_M_I_O)
                                                      0.000     1.040 r  clk_IBUF_inst/IBUFCTRL_INST/O
                         net (fo=1, routed)           0.204     1.244    clk_IBUF
    BUFGCE_HDIO_X2Y2     BUFGCE (Prop_BUFCE_BUFGCE_HDIO_I_O)
                                                      0.028     1.272 r  clk_IBUF_BUFG_inst/O
    X1Y3 (CLOCK_ROOT)    net (fo=26496, routed)       2.778     4.051    u_accel/u_pool/g_fpu[1].u_fpu/clk
    SLICE_X39Y246        SRL16E                                       r  u_accel/u_pool/g_fpu[1].u_fpu/e_reg[4][f_fma_specval][13]_srl3/CLK
                         clock pessimism             -0.737     3.314    
    SLICE_X39Y246        SRL16E (Hold_F5LUT_SLICEM_CLK_D)
                                                      0.056     3.370    u_accel/u_pool/g_fpu[1].u_fpu/e_reg[4][f_fma_specval][13]_srl3
  -------------------------------------------------------------------
                         required time                         -3.370    
                         arrival time                           3.388    
  -------------------------------------------------------------------
                         slack                                  0.019    

Slack (MET) :             0.019ns  (arrival time - required time)
  Source:                 u_accel/u_pool/g_fpu[6].u_fpu/e_reg[1][minmax][24]/C
                            (rising edge-triggered cell FDSE clocked by clk  {rise@0.000ns fall@5.000ns period=10.000ns})
  Destination:            u_accel/u_pool/g_fpu[6].u_fpu/e_reg[4][minmax][24]_srl3/D
                            (rising edge-triggered cell SRL16E clocked by clk  {rise@0.000ns fall@5.000ns period=10.000ns})
  Path Group:             clk
  Path Type:              Hold (Min at Slow Process Corner)
  Requirement:            0.000ns  (clk rise@0.000ns - clk rise@0.000ns)
  Data Path Delay:        0.320ns  (logic 0.059ns (18.438%)  route 0.261ns (81.563%))
  Logic Levels:           0  
  Clock Path Skew:        0.246ns (DCD - SCD - CPR)
    Destination Clock Delay (DCD):    4.048ns
    Source Clock Delay      (SCD):    3.130ns
    Clock Pessimism Removal (CPR):    0.672ns
  Clock Net Delay (Source):      2.404ns (routing 1.221ns, distribution 1.183ns)
  Clock Net Delay (Destination): 2.776ns (routing 1.343ns, distribution 1.433ns)

    Location             Delay type                Incr(ns)  Path(ns)    Netlist Resource(s)
  -------------------------------------------------------------------    -------------------
                         (clock clk rise edge)        0.000     0.000 r  
    E4                                                0.000     0.000 r  clk (IN)
                         net (fo=0)                   0.000     0.000    clk_IBUF_inst/I
    E4                   INBUF (Prop_INBUF_HDIOB_M_PAD_O)
                                                      0.533     0.533 r  clk_IBUF_inst/INBUF_INST/O
                         net (fo=1, routed)           0.000     0.533    clk_IBUF_inst/OUT
    E4                   IBUFCTRL (Prop_IBUFCTRL_HDIOB_M_I_O)
                                                      0.000     0.533 r  clk_IBUF_inst/IBUFCTRL_INST/O
                         net (fo=1, routed)           0.169     0.702    clk_IBUF
    BUFGCE_HDIO_X2Y2     BUFGCE (Prop_BUFCE_BUFGCE_HDIO_I_O)
                                                      0.024     0.726 r  clk_IBUF_BUFG_inst/O
    X1Y3 (CLOCK_ROOT)    net (fo=26496, routed)       2.404     3.130    u_accel/u_pool/g_fpu[6].u_fpu/clk
    SLICE_X87Y179        FDSE                                         r  u_accel/u_pool/g_fpu[6].u_fpu/e_reg[1][minmax][24]/C
  -------------------------------------------------------------------    -------------------
    SLICE_X87Y179        FDSE (Prop_DFF_SLICEL_C_Q)
                                                      0.059     3.189 r  u_accel/u_pool/g_fpu[6].u_fpu/e_reg[1][minmax][24]/Q
                         net (fo=1, routed)           0.261     3.450    u_accel/u_pool/g_fpu[6].u_fpu/e_reg[1][minmax_n_0_][24]
    SLICE_X89Y195        SRL16E                                       r  u_accel/u_pool/g_fpu[6].u_fpu/e_reg[4][minmax][24]_srl3/D
  -------------------------------------------------------------------    -------------------

                         (clock clk rise edge)        0.000     0.000 r  
    E4                                                0.000     0.000 r  clk (IN)
                         net (fo=0)                   0.000     0.000    clk_IBUF_inst/I
    E4                   INBUF (Prop_INBUF_HDIOB_M_PAD_O)
                                                      1.040     1.040 r  clk_IBUF_inst/INBUF_INST/O
                         net (fo=1, routed)           0.000     1.040    clk_IBUF_inst/OUT
    E4                   IBUFCTRL (Prop_IBUFCTRL_HDIOB_M_I_O)
                                                      0.000     1.040 r  clk_IBUF_inst/IBUFCTRL_INST/O
                         net (fo=1, routed)           0.204     1.244    clk_IBUF
    BUFGCE_HDIO_X2Y2     BUFGCE (Prop_BUFCE_BUFGCE_HDIO_I_O)
                                                      0.028     1.272 r  clk_IBUF_BUFG_inst/O
    X1Y3 (CLOCK_ROOT)    net (fo=26496, routed)       2.776     4.048    u_accel/u_pool/g_fpu[6].u_fpu/clk
    SLICE_X89Y195        SRL16E                                       r  u_accel/u_pool/g_fpu[6].u_fpu/e_reg[4][minmax][24]_srl3/CLK
                         clock pessimism             -0.672     3.376    
    SLICE_X89Y195        SRL16E (Hold_A5LUT_SLICEM_CLK_D)
                                                      0.055     3.431    u_accel/u_pool/g_fpu[6].u_fpu/e_reg[4][minmax][24]_srl3
  -------------------------------------------------------------------
                         required time                         -3.431    
                         arrival time                           3.450    
  -------------------------------------------------------------------
                         slack                                  0.019    





Pulse Width Checks
--------------------------------------------------------------------------------------
Clock Name:         clk
Waveform(ns):       { 0.000 5.000 }
Period(ns):         10.000
Sources:            { clk }

Check Type        Corner  Lib Pin     Reference Pin  Required(ns)  Actual(ns)  Slack(ns)  Location          Pin
Min Period        n/a     BUFGCE/I    n/a            1.290         10.000      8.710      BUFGCE_HDIO_X2Y2  clk_IBUF_BUFG_inst/I
Min Period        n/a     SRL16E/CLK  n/a            1.064         10.000      8.936      SLICE_X105Y222    u_accel/u_pool/g_fpu[0].u_fpu/e_reg[3][f_c_zero]_srl3/CLK
Min Period        n/a     SRL16E/CLK  n/a            1.064         10.000      8.936      SLICE_X105Y188    u_accel/u_pool/g_fpu[0].u_fpu/e_reg[3][f_csign]_srl3/CLK
Min Period        n/a     SRL16E/CLK  n/a            1.064         10.000      8.936      SLICE_X105Y163    u_accel/u_pool/g_fpu[0].u_fpu/e_reg[3][f_fma_spec]_srl3/CLK
Min Period        n/a     SRL16E/CLK  n/a            1.064         10.000      8.936      SLICE_X105Y155    u_accel/u_pool/g_fpu[0].u_fpu/e_reg[3][f_pos0][0]_srl2/CLK
Min Period        n/a     SRL16E/CLK  n/a            1.064         10.000      8.936      SLICE_X105Y197    u_accel/u_pool/g_fpu[0].u_fpu/e_reg[3][f_pos0][11]_srl2/CLK
Min Period        n/a     SRL16E/CLK  n/a            1.064         10.000      8.936      SLICE_X105Y155    u_accel/u_pool/g_fpu[0].u_fpu/e_reg[3][f_pos0][1]_srl2/CLK
Min Period        n/a     SRL16E/CLK  n/a            1.064         10.000      8.936      SLICE_X105Y155    u_accel/u_pool/g_fpu[0].u_fpu/e_reg[3][f_pos0][2]_srl2/CLK
Min Period        n/a     SRL16E/CLK  n/a            1.064         10.000      8.936      SLICE_X105Y155    u_accel/u_pool/g_fpu[0].u_fpu/e_reg[3][f_pos0][3]_srl2/CLK
Min Period        n/a     SRL16E/CLK  n/a            1.064         10.000      8.936      SLICE_X105Y155    u_accel/u_pool/g_fpu[0].u_fpu/e_reg[3][f_pos0][4]_srl2/CLK
Min Period        n/a     SRL16E/CLK  n/a            1.064         10.000      8.936      SLICE_X105Y155    u_accel/u_pool/g_fpu[0].u_fpu/e_reg[3][f_pos0][5]_srl2/CLK
Min Period        n/a     SRL16E/CLK  n/a            1.064         10.000      8.936      SLICE_X105Y155    u_accel/u_pool/g_fpu[0].u_fpu/e_reg[3][f_pos0][6]_srl2/CLK
Min Period        n/a     SRL16E/CLK  n/a            1.064         10.000      8.936      SLICE_X105Y155    u_accel/u_pool/g_fpu[0].u_fpu/e_reg[3][f_pos0][7]_srl2/CLK
Min Period        n/a     SRL16E/CLK  n/a            1.064         10.000      8.936      SLICE_X105Y155    u_accel/u_pool/g_fpu[0].u_fpu/e_reg[3][f_pos0][8]_srl2/CLK
Min Period        n/a     SRL16E/CLK  n/a            1.064         10.000      8.936      SLICE_X105Y163    u_accel/u_pool/g_fpu[0].u_fpu/e_reg[3][f_psign]_srl3/CLK
Min Period        n/a     SRL16E/CLK  n/a            1.064         10.000      8.936      SLICE_X109Y243    u_accel/u_pool/g_fpu[0].u_fpu/e_reg[3][f_sigc][0]_srl2/CLK
Min Period        n/a     SRL16E/CLK  n/a            1.064         10.000      8.936      SLICE_X109Y243    u_accel/u_pool/g_fpu[0].u_fpu/e_reg[3][f_sigc][10]_srl2/CLK
Min Period        n/a     SRL16E/CLK  n/a            1.064         10.000      8.936      SLICE_X109Y243    u_accel/u_pool/g_fpu[0].u_fpu/e_reg[3][f_sigc][11]_srl2/CLK
Min Period        n/a     SRL16E/CLK  n/a            1.064         10.000      8.936      SLICE_X109Y243    u_accel/u_pool/g_fpu[0].u_fpu/e_reg[3][f_sigc][12]_srl2/CLK
Min Period        n/a     SRL16E/CLK  n/a            1.064         10.000      8.936      SLICE_X109Y243    u_accel/u_pool/g_fpu[0].u_fpu/e_reg[3][f_sigc][13]_srl2/CLK
Low Pulse Width   Slow    SRL16E/CLK  n/a            0.532         5.000       4.468      SLICE_X105Y222    u_accel/u_pool/g_fpu[0].u_fpu/e_reg[3][f_c_zero]_srl3/CLK
Low Pulse Width   Fast    SRL16E/CLK  n/a            0.532         5.000       4.468      SLICE_X105Y222    u_accel/u_pool/g_fpu[0].u_fpu/e_reg[3][f_c_zero]_srl3/CLK
Low Pulse Width   Slow    SRL16E/CLK  n/a            0.532         5.000       4.468      SLICE_X105Y188    u_accel/u_pool/g_fpu[0].u_fpu/e_reg[3][f_csign]_srl3/CLK
Low Pulse Width   Fast    SRL16E/CLK  n/a            0.532         5.000       4.468      SLICE_X105Y188    u_accel/u_pool/g_fpu[0].u_fpu/e_reg[3][f_csign]_srl3/CLK
Low Pulse Width   Slow    SRL16E/CLK  n/a            0.532         5.000       4.468      SLICE_X105Y163    u_accel/u_pool/g_fpu[0].u_fpu/e_reg[3][f_fma_spec]_srl3/CLK
Low Pulse Width   Fast    SRL16E/CLK  n/a            0.532         5.000       4.468      SLICE_X105Y163    u_accel/u_pool/g_fpu[0].u_fpu/e_reg[3][f_fma_spec]_srl3/CLK
Low Pulse Width   Slow    SRL16E/CLK  n/a            0.532         5.000       4.468      SLICE_X105Y155    u_accel/u_pool/g_fpu[0].u_fpu/e_reg[3][f_pos0][0]_srl2/CLK
Low Pulse Width   Fast    SRL16E/CLK  n/a            0.532         5.000       4.468      SLICE_X105Y155    u_accel/u_pool/g_fpu[0].u_fpu/e_reg[3][f_pos0][0]_srl2/CLK
Low Pulse Width   Slow    SRL16E/CLK  n/a            0.532         5.000       4.468      SLICE_X105Y197    u_accel/u_pool/g_fpu[0].u_fpu/e_reg[3][f_pos0][11]_srl2/CLK
Low Pulse Width   Fast    SRL16E/CLK  n/a            0.532         5.000       4.468      SLICE_X105Y197    u_accel/u_pool/g_fpu[0].u_fpu/e_reg[3][f_pos0][11]_srl2/CLK
Low Pulse Width   Slow    SRL16E/CLK  n/a            0.532         5.000       4.468      SLICE_X105Y155    u_accel/u_pool/g_fpu[0].u_fpu/e_reg[3][f_pos0][1]_srl2/CLK
Low Pulse Width   Fast    SRL16E/CLK  n/a            0.532         5.000       4.468      SLICE_X105Y155    u_accel/u_pool/g_fpu[0].u_fpu/e_reg[3][f_pos0][1]_srl2/CLK
Low Pulse Width   Slow    SRL16E/CLK  n/a            0.532         5.000       4.468      SLICE_X105Y155    u_accel/u_pool/g_fpu[0].u_fpu/e_reg[3][f_pos0][2]_srl2/CLK
Low Pulse Width   Fast    SRL16E/CLK  n/a            0.532         5.000       4.468      SLICE_X105Y155    u_accel/u_pool/g_fpu[0].u_fpu/e_reg[3][f_pos0][2]_srl2/CLK
Low Pulse Width   Slow    SRL16E/CLK  n/a            0.532         5.000       4.468      SLICE_X105Y155    u_accel/u_pool/g_fpu[0].u_fpu/e_reg[3][f_pos0][3]_srl2/CLK
Low Pulse Width   Fast    SRL16E/CLK  n/a            0.532         5.000       4.468      SLICE_X105Y155    u_accel/u_pool/g_fpu[0].u_fpu/e_reg[3][f_pos0][3]_srl2/CLK
Low Pulse Width   Slow    SRL16E/CLK  n/a            0.532         5.000       4.468      SLICE_X105Y155    u_accel/u_pool/g_fpu[0].u_fpu/e_reg[3][f_pos0][4]_srl2/CLK
Low Pulse Width   Fast    SRL16E/CLK  n/a            0.532         5.000       4.468      SLICE_X105Y155    u_accel/u_pool/g_fpu[0].u_fpu/e_reg[3][f_pos0][4]_srl2/CLK
Low Pulse Width   Slow    SRL16E/CLK  n/a            0.532         5.000       4.468      SLICE_X105Y155    u_accel/u_pool/g_fpu[0].u_fpu/e_reg[3][f_pos0][5]_srl2/CLK
Low Pulse Width   Fast    SRL16E/CLK  n/a            0.532         5.000       4.468      SLICE_X105Y155    u_accel/u_pool/g_fpu[0].u_fpu/e_reg[3][f_pos0][5]_srl2/CLK
High Pulse Width  Slow    SRL16E/CLK  n/a            0.532         5.000       4.468      SLICE_X105Y222    u_accel/u_pool/g_fpu[0].u_fpu/e_reg[3][f_c_zero]_srl3/CLK
High Pulse Width  Fast    SRL16E/CLK  n/a            0.532         5.000       4.468      SLICE_X105Y222    u_accel/u_pool/g_fpu[0].u_fpu/e_reg[3][f_c_zero]_srl3/CLK
High Pulse Width  Slow    SRL16E/CLK  n/a            0.532         5.000       4.468      SLICE_X105Y188    u_accel/u_pool/g_fpu[0].u_fpu/e_reg[3][f_csign]_srl3/CLK
High Pulse Width  Fast    SRL16E/CLK  n/a            0.532         5.000       4.468      SLICE_X105Y188    u_accel/u_pool/g_fpu[0].u_fpu/e_reg[3][f_csign]_srl3/CLK
High Pulse Width  Slow    SRL16E/CLK  n/a            0.532         5.000       4.468      SLICE_X105Y163    u_accel/u_pool/g_fpu[0].u_fpu/e_reg[3][f_fma_spec]_srl3/CLK
High Pulse Width  Fast    SRL16E/CLK  n/a            0.532         5.000       4.468      SLICE_X105Y163    u_accel/u_pool/g_fpu[0].u_fpu/e_reg[3][f_fma_spec]_srl3/CLK
High Pulse Width  Slow    SRL16E/CLK  n/a            0.532         5.000       4.468      SLICE_X105Y155    u_accel/u_pool/g_fpu[0].u_fpu/e_reg[3][f_pos0][0]_srl2/CLK
High Pulse Width  Fast    SRL16E/CLK  n/a            0.532         5.000       4.468      SLICE_X105Y155    u_accel/u_pool/g_fpu[0].u_fpu/e_reg[3][f_pos0][0]_srl2/CLK
High Pulse Width  Slow    SRL16E/CLK  n/a            0.532         5.000       4.468      SLICE_X105Y197    u_accel/u_pool/g_fpu[0].u_fpu/e_reg[3][f_pos0][11]_srl2/CLK
High Pulse Width  Fast    SRL16E/CLK  n/a            0.532         5.000       4.468      SLICE_X105Y197    u_accel/u_pool/g_fpu[0].u_fpu/e_reg[3][f_pos0][11]_srl2/CLK
High Pulse Width  Slow    SRL16E/CLK  n/a            0.532         5.000       4.468      SLICE_X105Y155    u_accel/u_pool/g_fpu[0].u_fpu/e_reg[3][f_pos0][1]_srl2/CLK
High Pulse Width  Fast    SRL16E/CLK  n/a            0.532         5.000       4.468      SLICE_X105Y155    u_accel/u_pool/g_fpu[0].u_fpu/e_reg[3][f_pos0][1]_srl2/CLK
High Pulse Width  Slow    SRL16E/CLK  n/a            0.532         5.000       4.468      SLICE_X105Y155    u_accel/u_pool/g_fpu[0].u_fpu/e_reg[3][f_pos0][2]_srl2/CLK
High Pulse Width  Fast    SRL16E/CLK  n/a            0.532         5.000       4.468      SLICE_X105Y155    u_accel/u_pool/g_fpu[0].u_fpu/e_reg[3][f_pos0][2]_srl2/CLK
High Pulse Width  Slow    SRL16E/CLK  n/a            0.532         5.000       4.468      SLICE_X105Y155    u_accel/u_pool/g_fpu[0].u_fpu/e_reg[3][f_pos0][3]_srl2/CLK
High Pulse Width  Fast    SRL16E/CLK  n/a            0.532         5.000       4.468      SLICE_X105Y155    u_accel/u_pool/g_fpu[0].u_fpu/e_reg[3][f_pos0][3]_srl2/CLK
High Pulse Width  Slow    SRL16E/CLK  n/a            0.532         5.000       4.468      SLICE_X105Y155    u_accel/u_pool/g_fpu[0].u_fpu/e_reg[3][f_pos0][4]_srl2/CLK
High Pulse Width  Fast    SRL16E/CLK  n/a            0.532         5.000       4.468      SLICE_X105Y155    u_accel/u_pool/g_fpu[0].u_fpu/e_reg[3][f_pos0][4]_srl2/CLK
High Pulse Width  Slow    SRL16E/CLK  n/a            0.532         5.000       4.468      SLICE_X105Y155    u_accel/u_pool/g_fpu[0].u_fpu/e_reg[3][f_pos0][5]_srl2/CLK
High Pulse Width  Fast    SRL16E/CLK  n/a            0.532         5.000       4.468      SLICE_X105Y155    u_accel/u_pool/g_fpu[0].u_fpu/e_reg[3][f_pos0][5]_srl2/CLK



